bbnumber,customercategory,clientsegment,segmenttype,economicactivity,customerstatus,partition_date,td_hc_ob_amt_avg_12m,td_local_ccy_active_tag,hc_active_tag,depo_trb_avg_3m,time_deposit_us_dollar_others,savings_account_usd_us_dollar_others,total_cr_txn_amt_avg_3m,otc_offus_check_depo_txn_amt_avg_9m,gross_monthly_income,td_foreign_ccy_active_tag,casa_active_tag,savings_account_php_philippine_peso_others,otc_onus_check_depo_txn_amt_sum_3m,otc_onus_check_depo_txn_amt_sum_9m,digibanker_cr_txn_amt_sum_3m,otc_fund_transfer_txn_amt_sum_6m,mob_depo_max,inclearing_check_dr_txn_amt_sum_9m,total_cr_txn_amt_avg_pct_chg_6m,digibanker_cr_txn_cnt_sum_12m,total_dr_txn_amt_avg_pct_chg_12m,total_dr_txn_amt_avg_pct_chg_9m,mtd_adb_casa_amt_pct_chg_3m,total_cr_txn_amt_max_pct_chg_12m,total_cr_txn_amt_max_pct_chg_6m,trb_amt_avg_pct_chg_12m,mtd_adb_casa_amt_pct_chg_6m,trb_amt_max_pct_chg_6m,trb_amt_max_pct_chg_3m,otc_offus_check_depo_txn_cnt_max_pct_chg_6m,mtd_adb_casa_amt_pct_chg_9m,mtd_adb_casa_max_pct_chg_3m,total_dr_txn_amt_avg_pct_chg_6m,otc_offus_check_depo_txn_cnt_max_pct_chg_12m,trb_amt_avg_pct_chg_9m,mtd_adb_casa_avg_pct_chg_12m,trb_amt_max_pct_chg_12m,total_cr_txn_cnt_max_pct_chg_9m,checking_account_philippine_peso_business_plus_account,mtd_adb_casa_avg_pct_chg_6m,total_cr_txn_cnt_min_pct_chg_3m,trb_amt_avg_pct_chg_6m,mtd_adb_casa_max_pct_chg_6m,time_deposit_chinese_yuan_others,total_cr_txn_amt_min_pct_chg_6m,mtd_adb_casa_amt_pct_chg_12m,total_dr_txn_cnt_avg_pct_chg_12m,mtd_adb_casa_avg_pct_chg_9m,inclearing_check_dr_txn_amt_max_pct_chg_9m,atm_cash_withdrawal_txn_cnt_avg_12m,credit_card_active_tag,otc_check_encash_txn_cnt_sum_3m,non_casa_td_active_tag,total_cr_txn_amt_max_pct_chg_3m,mtd_adb_pct_chg_casa_1m,trb_amt_min_pct_chg_3m,checking_account_philippine_peso_others,inclearing_check_dr_txn_cnt_max_pct_chg_6m,total_cr_txn_cnt_avg_pct_chg_6m,total_dr_txn_amt_max_pct_chg_3m,all_access_active_tag,mtd_adb_casa_min_pct_chg_3m,total_dr_txn_cnt_avg_pct_chg_9m,inclearing_check_dr_txn_amt_max_pct_chg_3m,total_cr_txn_amt_min_pct_chg_3m,otc_check_encash_txn_cnt_max_pct_chg_12m,total_dr_txn_amt_avg_pct_chg_3m,total_dr_txn_amt_max_pct_chg_6m,total_cr_txn_amt_avg_pct_chg_3m,total_dr_txn_amt_min_pct_chg_6m,otc_cash_depo_cr_txn_cnt_sum_3m,total_cr_txn_cnt_max_pct_chg_3m,otc_cash_depo_cr_txn_cnt_max_pct_chg_3m,internet_pos_txn_cnt_avg_12m,total_dr_txn_cnt_avg_pct_chg_6m,total_dr_txn_cnt_max_pct_chg_3m,inclearing_check_dr_txn_amt_min_pct_chg_3m,otc_cash_depo_cr_txn_cnt_max_pct_chg_6m,savings_account_usd_chinese_yuan_others,inclearing_check_dr_txn_cnt_max_pct_chg_3m,otc_check_encash_txn_amt_sum_12m,otc_cash_depo_cr_txn_cnt_max_pct_chg_9m,total_dr_txn_amt_pct_chg_12m,otc_cash_depo_cr_txn_amt_max_pct_chg_3m,total_dr_txn_amt_pct_chg_9m,savings_account_usd_pound_sterling_others,otc_bills_pmt_txn_amt_sum_12m,total_dr_txn_amt_pct_chg_6m,total_dr_txn_cnt_pct_chg_12m,total_cr_txn_amt_pct_chg_9m,savings_account_usd_korean_won_others,otc_cash_depo_cr_txn_amt_sum_9m,total_dr_txn_amt_pct_chg_3m,savings_account_usd_european_ccy_unit_others,total_cr_txn_amt_pct_chg_6m,otc_bills_pmt_txn_amt_sum_3m,total_dr_txn_cnt_pct_chg_9m,total_cr_txn_amt_pct_chg_12m,otc_cash_depo_cr_txn_amt_max_pct_chg_12m,ob_amt_al,otc_bills_pmt_txn_amt_sum_6m,joint_acct_active_tag,total_dr_txn_cnt_pct_chg_3m,total_cr_txn_cnt_avg_pct_chg_3m,trb_amt_min_pct_chg_6m,savings_account_usd_swiss_franc_others,total_dr_txn_cnt_avg_pct_chg_3m,total_dr_txn_cnt_pct_chg_6m,savings_account_usd_yen_others,al_truck_active_tag,savings_account_usd_australian_dollar_others,epcs_cr_txn_amt_sum_9m,sbol_fund_transfer_txn_cnt_avg_9m,sbol_bills_pmt_txn_amt_avg_12m,bel_active_tag,total_dr_txn_cnt_max_pct_chg_12m,mtd_adb_casa_min_pct_chg_6m,total_cr_txn_cnt_pct_chg_9m,otc_cash_withdrawal_txn_cnt_avg_12m,total_cr_txn_amt_pct_chg_3m,savings_account_usd_canadian_dollar_others,otc_cash_depo_cr_txn_cnt_min_pct_chg_3m,total_dr_txn_cnt_min_pct_chg_3m,sbol_bills_pmt_txn_amt_avg_3m,atm_cash_depo_txn_amt_avg_12m,ada_loan_active_tag,savings_account_usd_hong_kong_dollar_others,gold_count_primary_cc,banca_active_tag,cashback_count_primary_cc,total_cr_txn_cnt_pct_chg_12m,classic_count_primary_cc,atm_ibft_dr_txn_cnt_sum_12m,bml_active_tag,total_ob_amt_cc,atm_cash_depo_txn_amt_avg_3m,otc_cash_withdrawal_txn_cnt_avg_3m,total_cr_txn_cnt_pct_chg_6m,savings_account_usd_singapore_dollar_others,dollar_savings_chinese_yuan_others,atm_ibft_dr_txn_cnt_sum_3m,titanium_count_primary_cc,ess_active_tag,al_fleet_active_tag,cts_active_tag,total_cr_txn_cnt_pct_chg_3m,platinum_count_primary_cc,world_count_primary_cc,hl_active_tag,savings_account_usd_new_zealand_dollar_others,semp_tag,savings_account_usd_baht_others,savings_account_jpy_yen_others,special_bsa_philippine_peso_others,savings_account_eur_european_ccy_unit_others,cel_active_tag,salad_active_tag,click_count_primary_cc,ob_amt_cel,ob_amt_salad,gift_cash_cards_philippine_peso_others,time_deposit_european_ccy_unit_others,time_deposit_yen_others,Target
3178,NON-FINANCIAL CORPORATION,UNSPECIFIED,Corp Bank,Other Service Activities,UNSPECIFIED,2/28/2022,0,0,0,1869397.42,0,1,1.71E+07,0,384615.38,0,1,1,25518.07,25518.07,0,0,211,0,0.45,0,0.38,0.25,-0.57,3.3,2.1,0.91,3.74,10,0.02,0,2.49,-0.15,0.36,0,1.21,1.87,10,2.5,0,2.93,-0.67,2,15.62,0,-0.78,0.9,0,1.94,0,0,0,0,0,0.06,-0.15,0,1,0,0.35,0.07,0,-0.5,0.01,0,-0.78,0,-0.36,1.69,-0.36,-0.79,0,0.29,0,0,0.03,-0.29,0,0,0,0,0,0,-0.19,0,0.05,0,0,0.1,-0.25,0.13,0,0,-0.77,0,0.08,0,-0.17,-0.17,0,0,0,0,-0.5,-0.19,-0.06,0,-0.29,-0.06,0,0,0,0,0,0,0,0.44,-0.5,-0.5,0,-0.77,0,0,-0.3,0,0,0,0,0,0,0,-0.25,0,0,0,0,0,0,-0.25,0,0,0,0,0,0,0,-0.57,0,0,0,0,0,0,0,0,0,0,0,0,0,0,0,0,0,1
3387,NON-FINANCIAL CORPORATION,UNSPECIFIED,Retail/BBG Commercial,Human Health and Social Work Activities,UNSPECIFIED,2/28/2022,0,0,0,520400.07,0,1,130346.26,0,384615.38,0,1,0,350000,1450000,0,0,111,-300266,0,0,0.56,0.75,-0.28,166.37,0,-0.01,-0.39,0.05,-0.02,0,0.02,-0.01,1.34,0,0.01,0.02,0.07,0.5,0,-0.07,-1,0,0.3,0,-1,-0.11,0.32,0.05,8,0,0,2,0,-0.88,-0.01,-0.03,1,8,0,-0.06,0,-0.27,0.38,2,-1,3,-0.44,7.44,-0.94,-0.82,1,-0.67,-1,0,0.59,1.5,-0.5,-1,0,2,-2249300,-1,-0.85,-1,-0.86,0,0,0.38,-0.44,-1,0,91414,-0.83,0,-1,0,-0.38,-1,-1,0,0,0,0.25,-0.83,-0.03,0,0.5,0.67,0,0,0,0,0,0,0,2,-0.3,-1,0,-1,0,-1,-0.5,0,0,0,0,0,0,0,-1,0,0,0,0,0,0,-1,0,0,0,0,0,0,0,-1,0,0,0,0,0,0,0,0,0,0,0,0,0,0,0,0,0,1
5776,NON-FINANCIAL CORPORATION,UNSPECIFIED,Corp Bank,Information and Communication,Active,2/28/2022,0,0,0,937129.03,0,0,749666.67,0,1153846.23,0,1,0,0,0,0,0,3,0,0,0,0,0,140.99,42.98,42.98,0,0,22.67,22.67,0,0,33.51,0,0,0,0,22.67,-0.5,1,0,-1,0,33.51,0,-1,0,0,0,0,0,0,0,0,42.98,33.51,2.75,0,0,0,0,0,3.11,0,0,-1,0,0,0,20.99,0,0,-0.5,0,0,0,0,0,0,0,0,0,0,0,0,0,0,0,0,0,0,0,0,0,0,0,0,0,0,0,0,0,0,0,-0.75,2.75,0,0,0,0,0,0,0,0,0,0,0,3.11,0,0,-1,0,0,0,0,0,0,0,0,0,0,0,0,0,0,0,0,0,0,0,0,0,0,0,0,0,-1,0,0,0,0,0,0,0,0,0,0,0,0,0,0,0,0,0,1
5015,NON-FINANCIAL CORPORATION,UNSPECIFIED,Corp Bank,Real Estate Activities,UNSPECIFIED,2/28/2022,7.52E+07,1,1,9.76E+07,0,1,7.37E+07,1390498.62,7692307.69,0,1,0,2.61E+07,8.50E+07,0,-1.54E+08,317,-3.98E+07,0.15,0,0.62,0.03,0.12,3.44,0.96,1.18,0.73,0.27,0.22,2,0.85,0.1,0.07,2,0.06,0.07,13.05,0.79,0,0.14,-0.03,0.11,0.67,0,-0.59,0.1,0.11,0.13,1.72,0,0,3,1,0.96,0.1,0.12,1,1.91,-0.06,1.09,0,0.01,0.08,1.72,0.25,3,0.66,1.09,0.61,-0.68,2,0.07,-1,0,0.12,1.07,-0.38,-1,0,1.91,-2.74E+07,-1,2.29,-1,-0.77,0,0,-0.39,0.67,-0.64,0,2.72E+07,1.56,0,0.02,0,0.05,2.76,17019.09,0,0,0,0.67,0.02,-0.15,0,0.44,0.18,0,0,0,0,0,0,0,1.07,-0.09,-0.42,0,1.45,0,-1,-0.19,0,0,0,0,0,0,0,-0.26,0,0,0,0,0,0,-0.28,0,0,0,0,0,0,0,0.03,0,0,0,0,0,0,0,0,0,0,0,0,0,0,0,0,0,1
1603,NON-FINANCIAL CORPORATION,UNSPECIFIED,Retail/BBG Commercial,UNSPECIFIED,UNSPECIFIED,2/28/2022,0,0,0,884127.56,0,0,2239301.71,5836009.31,1153846.15,0,1,0,25000,75000,0,0,188,-4.30E+07,1.47,0,4.13,0.3,-0.47,42.91,7.32,0.17,0.08,0.05,-0.2,0.33,-0.94,-0.22,0.4,0.33,-0.06,0.61,1.81,0.7,0,0.39,-0.23,-0.18,3.02,0,-0.9,-0.4,0.04,0.02,33.58,0,0,1,0,0.01,-0.22,-0.37,1,0.6,-0.09,-0.5,0,-0.32,-0.04,-0.64,-0.9,0,-0.67,3.92,-0.45,-0.83,5,0,0,0,0.01,0.31,-0.83,0,0,0.33,-69000,0.5,-0.37,-0.85,-0.99,0,-99189.8,-0.79,-0.09,-0.99,0,6143989.24,-0.92,0,-0.46,-34658.85,-0.48,-0.34,28.39,0,-99189.8,0,-0.22,-0.12,-0.39,0,-0.05,-0.13,0,0,0,0,0,0,0,0.74,-0.47,-0.33,1.83,-0.9,0,-0.5,-0.41,0,0,0,0,0,0,0,-0.33,0,0,0,0,0,1,-0.41,0,0,0,0,0,0,0,-0.23,0,0,0,0,0,0,0,0,0,0,0,0,0,0,0,0,0,1
8098,NON-FINANCIAL CORPORATION,UNSPECIFIED,Banking Center,Construction,UNSPECIFIED,2/28/2022,0,0,0,8979558.1,0,1,6357.9,0,7.69E+07,0,1,0,0,0,0,0,30,-6.31E+07,0,0,11.78,15.75,-0.26,2.32,-0.46,-0.14,-0.66,-0.08,-0.19,0,-0.78,-0.06,23.6,0,-0.11,-0.15,0.01,0,1,-0.19,-1,-0.15,-0.06,0,-1,-0.85,0.41,-0.17,39.44,0,0,1,0,-1,-0.21,-0.21,0,1,0,119.82,0,-0.21,0.4,-1,-1,1,59.41,119.82,0,-1,4,-1,0,0,0.3,3,-1,-1,1,-1,-3935737.08,-1,-0.97,0,-0.89,0,0,-0.95,-0.71,-1,0,106659.4,-0.76,0,-1,0,-0.8,-1,4.92,0,0,0,-0.43,0,-0.21,0,1.07,-0.78,0,0,0,0,0,0,0,3,-0.3,0,0,10.42,0,0,-0.86,0,0,0,0,0,0,0,0,0,0,0,0,0,0,0.33,0,0,0,0,0,0,0,3,0,0,0,0,0,0,0,0,0,0,0,0,0,0,0,0,0,1
9874,NON-FINANCIAL CORPORATION,UNSPECIFIED,UNSPECIFIED,UNSPECIFIED,UNSPECIFIED,2/28/2022,0,0,0,0,0,0,0,0,0,0,0,0,0,0,0,0,0,0,0,0,0,0,0,0,0,0,0,0,0,0,0,0,0,0,0,0,0,0,0,0,0,0,0,0,0,0,0,0,0,0,0,0,0,0,0,0,0,0,0,0,0,0,0,0,0,0,0,0,0,0,0,0,0,0,0,0,0,0,0,0,0,0,0,0,0,0,0,0,0,0,0,0,0,0,0,0,0,0,0,0,0,0,0,0,0,0,0,0,0,0,0,0,0,0,0,0,0,0,0,0,0,0,0,0,0,0,0,0,0,0,0,0,0,0,0,0,0,0,0,0,0,0,0,0,0,0,0,0,0,0,0,0,0,0,0,0,0,0,0,0,0,0,0,1
4037,NON-FINANCIAL CORPORATION,UNSPECIFIED,Retail/BBG Commercial,Wholesale and Retail trade; Repair of Motor Vehicles and Motorcycles,UNSPECIFIED,4/29/2022,0,0,0,4240098.48,0,1,1064689.78,600126.92,3076923.08,0,1,0,75808,246744.7,29770.2,0,308,-1.11E+07,0.37,21,4.63,2.96,-0.18,2.7,2.47,-0.04,0.41,0.05,0.05,1.42,-0.21,0.02,1.25,1.42,-0.01,0.02,0.05,0.96,2,0.08,-0.13,0,0.24,0,-0.81,0.03,0.06,-0.01,1.65,0,0,0,0,2.47,0.02,0.03,1,2,0.17,1.33,0,-0.19,0.02,1.47,-0.29,0,0.18,7.18,1.09,-0.96,35,0.96,1.14,0,0.01,0.5,-1,1.14,0,2,0,1.14,0.08,2.7,-0.9,0,0,-0.95,0,-0.12,0,271544.3,-0.91,0,-0.44,0,-0.33,0.09,2.7,0,0,0,0,0.41,-0.02,0,0.08,-0.2,0,0,0,5982.14,0,0,0,0.67,-0.19,-0.2,0,1.45,0,-0.13,-0.33,0,0,0,0,0,0,0,-0.03,0,0,0,0,0,0,0.3,0,0,0,0,0,0,0,0.7,0,0,0,0,0,0,0,0,0,0,0,0,0,0,0,0,0,1
9150,NON-FINANCIAL CORPORATION,UNSPECIFIED,Corp Bank,Transportation and Storage,UNSPECIFIED,4/29/2022,0,0,0,8229802.26,0,0,541.1,0,6.07E+07,0,1,1,0,0,0,0,70,0,0,0,0,0,0,10674.88,-1,0.1,0,0.09,0,0,0,0,0,0,0.12,0.1,0.54,-1,1,0,-1,0.03,0,0,-1,1.1,0,0,0,0,0,0,0,-1,0,0,0,0,0,0,0,0,0,0,-1,0,0,0,0,0,0,-1,0,0,0,0,0,0,0,0,0,0,0,0,0,0,0,0,0,0,0,0,0,0,0,0,0,0,0,0,0,0,0,0,0,0,0,0,0,0,0,0,0,0,0,-1,0,0,0,0,0,0,0,0,0,0,0,0,0,0,0,0,0,0,0,0,0,0,0,0,0,0,0,0,0,0,0,0,0,0,0,0,0,0,0,0,0,0,0,0,0,0,0,1
3841,NON-FINANCIAL CORPORATION,UNSPECIFIED,Corp Bank,Wholesale and Retail trade; Repair of Motor Vehicles and Motorcycles,UNSPECIFIED,4/29/2022,0,0,0,2.07E+07,0,0,3.65E+07,3.43E+07,7692307.69,0,1,1,0,0,0,0,90,0,0.18,0,14.12,13.67,1.61,1.4,1.4,-0.01,0.15,0.02,0.02,1,0.85,0.8,8.65,2,-0.01,0.08,0.43,1,0,0.11,0.13,-0.06,0.8,0,-0.54,-0.5,0.34,0.16,0,0,0,0,0,1.4,0.8,0,0,0,0.16,45.51,0,0.45,0.23,0,-0.06,0,22.59,45.51,0.67,-0.93,0,1,0,0,0.2,1.67,0,0,0,0,0,0,12.39,0,0.3,0,0,-0.42,1,0.3,0,0,30.61,0,0.15,0,0.5,-0.52,0,0,0,0,1,0.56,-0.23,0,0.71,-0.25,0,0,0,0,0,0,0,2.67,-0.32,2,0,1.26,0,0,-0.25,0,0,0,0,0,0,0,-0.1,0,0,0,0,0,0,0.5,0,0,0,0,0,0,0,1.25,0,0,0,0,0,0,0,0,0,0,0,0,0,0,0,0,0,1
5400,NON-FINANCIAL CORPORATION,UNSPECIFIED,Retail/BBG Commercial,Wholesale and Retail trade; Repair of Motor Vehicles and Motorcycles,Active,4/29/2022,0,0,0,180669.04,0,1,1636282.7,0,769230.77,0,1,0,0,0,0,0,2,0,0,0,0,0,18.63,592950.91,592950.91,0,0,1.98,1.98,0,0,3.67,0,0,0,0,1.98,3,1,0,0,0,3.67,0,-1,0,0,0,0,0,0,0,0,592950.91,3.67,1.83,0,0,0,0,0,3.21,0,0,-1,0,0,0,296474.96,0,4,3,-1,0,0,0,0,-1,0,0,0,-1,0,-1,0,0,0,0,0,0,0,3079390,0,0,0,0,0,0,-1,0,0,0,0,1.5,1.83,0,0,0,0,0,0,0,0,0,0,0,3.21,0,0,47.09,0,-1,0,0,0,0,0,0,0,0,0,0,0,0,0,0,0,0,0,0,0,0,0,0,0,3,0,0,0,0,0,0,0,0,0,0,0,0,0,0,0,0,0,1
6105,FINANCIAL CORPORATION (NON-BANK),UNSPECIFIED,Banking Center,Financial and Insurance Activities,Active,4/29/2022,0,0,0,74915.18,0,0,7111.22,6312.5,1153846.23,0,1,0,0,0,21333.65,0,7,0,0,2,0,0,0.13,50.49,-1,0,0.61,0.18,0.18,0,0,0.13,0,-1,0,0,1,0,1,0.1,0,0.11,0.25,0,-1,0,0,0,0,0,0,0,0,0,0,0.09,0,0,0,0,0,0,0,0,0,0,0,0,0,0,0,0,0,0,0,0,0,0,0,0,0,0,0,0,0,0,0,0,0,0,0,0,0,0,0,0,0,0,0,0,0,0,0,0,0.07,0,0,0,0,0,0,0,0,0,0,-1,0,0,0,0,0,0,0,0,0,0,0,0,0,0,0,0,0,0,0,0,0,0,0,0,0,0,0,0,0,0,0,0,0,0,0,0,0,0,0,0,0,0,0,0,0,0,0,1
2733,FINANCIAL CORPORATION (NON-BANK),UNSPECIFIED,FOR RE-TAGGING,UNSPECIFIED,UNSPECIFIED,4/29/2022,0,0,0,0,0,0,0,0,0,0,0,0,0,0,0,0,0,0,0,0,0,0,0,0,0,0,0,0,0,0,0,0,0,0,0,0,0,0,0,0,0,0,0,0,0,0,0,0,0,0,0,0,0,0,0,0,0,0,0,0,0,0,0,0,0,0,0,0,0,0,0,0,0,0,0,0,0,0,0,0,0,0,0,0,0,0,0,0,0,0,0,0,0,0,0,0,0,0,0,0,0,0,0,0,0,0,0,0,0,0,0,0,0,0,0,0,0,0,0,0,0,0,0,0,0,0,0,0,0,0,0,0,0,0,0,0,0,0,0,0,0,0,0,0,0,0,0,0,0,0,0,0,0,0,0,0,0,0,0,0,0,0,0,1
8814,NON-FINANCIAL CORPORATION,UNSPECIFIED,Retail/BBG Commercial,Administrative and Support Service Activities,UNSPECIFIED,4/29/2022,0,0,0,9209481.33,0,1,1.55E+07,7102360.48,769230.77,0,1,1,250000,250000,9913255,0,72,-925292.99,0.07,20,-0.03,-0.03,1.36,10.01,1.12,-0.05,-0.25,-0.05,-0.05,2,-0.22,1.06,-0.06,2,-0.07,0.03,0.04,1,2,0.12,-0.25,-0.12,1.06,0,-0.34,-0.47,-0.02,0.08,136.19,0,0,2,0,-0.13,1.06,-0.24,0,0.67,0.12,0.17,0,0.14,-0.02,7.58,-0.34,0,-0.11,0.17,-0.23,-0.38,0,-0.08,0,0,-0.04,-0.33,-0.76,0,0,-0.2,-36080,0,-0.38,0,-0.33,0,0,-0.35,-0.38,0.6,0,0,-0.28,0,-0.11,0,-0.38,-0.11,0,0,0,0,-0.56,-0.16,-0.24,0,-0.33,-0.33,0,0,0,0,0,0,0,0.33,-0.64,-0.1,0,-0.42,0,0,-0.33,0,0,0,0,0,0,0,-0.18,0,0,0,0,0,0,0.13,0,0,0,0,0,0,0,-0.31,0,0,0,0,0,0,0,0,0,0,0,0,0,0,0,0,0,1
9910,NON-FINANCIAL CORPORATION,UNSPECIFIED,Corp Bank,Real Estate Activities,UNSPECIFIED,4/29/2022,0,0,0,1.88E+08,0,0,3.06E+07,557818.25,7692307.69,0,1,0,459622.71,6.92E+07,0,0,26,-449400,15,0,0.11,0.21,-0.12,76.59,76.59,0.04,0.78,0.16,0.12,0.27,0.76,-0.05,0.12,0.29,0.03,0.04,0.16,0.61,1,0.15,-0.12,0.09,0.6,0,-0.98,0.29,0.18,0.1,0,0,0,0,0,0.35,-0.07,0.11,0,0,0.06,-0.12,0,-0.07,0.09,0,-0.98,0,-0.23,1.15,-0.32,-0.34,13,0.07,-0.5,0,0.11,0.16,0,1,0,0,0,1,-0.55,-0.89,0.3,0,-357068,0.14,2.41,1.8,0,3454762,-0.42,0,-0.97,0,0.18,0.07,37.51,1141178.13,-357068,0,0.09,-0.03,0.01,0,0.05,0.41,0,0,0,0,0,0,0,0.81,-0.07,0.81,0,-0.98,0,-0.75,-0.06,0,0,1,0,0,0,0,1.47,0,0,0,0,0,0,0.31,0,0,0,0,0,0,0,-0.06,0,0,0,0,0,0,0,0,0,0,0,0,0,0,0,0,0,1
3975,SOLE PROPRIETORSHIP,UNSPECIFIED,Banking Center,Construction,UNSPECIFIED,4/29/2022,0,0,0,3573703.1,0,0,2088096.98,1764007.79,1192307.69,0,1,3,0,0,0,-2650000,155,-6153308.9,0.36,0,0.53,0.75,-0.15,6.47,2.28,0.17,-0.53,0.24,0.07,3,0.48,0.02,0.25,3,0.18,0.24,0.56,3,1,-0.14,-0.45,0.1,0.02,0,-0.81,4.01,0.06,0.13,477.92,0,0,0,0,0.61,0.02,0.01,0,4,0.08,2.63,0,-0.16,0.06,-0.16,0,0,1.33,2.63,0.31,-0.81,0,0.83,0,0,-0.07,0.06,-0.32,0,0,-0.2,0,-1,0.41,0,1.82,0,0,-0.72,0.2,0.4,0,1.03E+07,2.71,0,-0.26,0,0.2,0.37,-1,0,0,0,0.06,0.19,0.01,0,0.03,-0.38,0,0,0,0,3.89,-9825.08,0,0.61,-0.22,1,0.42,0.61,0,0,0,-1419.63,0,0,0,0,0,0,0.2,0,0,0,0,0,0.33,-0.33,0,0,0,0,0,0,0,0,0,0,0,0,0,0,0,0,0,0,0,0,0,0,0,0,0,1
8159,NON-FINANCIAL CORPORATION,UNSPECIFIED,Banking Center,Wholesale and Retail trade; Repair of Motor Vehicles and Motorcycles,Active,4/29/2022,5057727.21,1,1,2009236.67,0,1,3318920.69,1724461.99,576923.08,0,1,0,100000,1212277.49,3881.64,0,8,-1412948.07,-0.27,1,0,-0.02,0.88,-0.02,-0.03,0,-0.8,-0.09,-0.15,-1,-0.86,1.62,-0.23,-1,-0.16,0,0.02,1.5,1,0.02,-0.27,-0.24,1.62,0,-0.61,0,0,-0.02,30.55,0,0,9,0,-0.03,1.62,-0.16,0,1.67,0.26,-0.07,0,-0.28,0.19,30.55,-0.12,0.67,-0.07,-0.04,-0.07,-0.75,2,0.5,0,0,0.15,0.43,-0.77,-1,0,1.67,-216295.39,-1,0,0,-0.69,0,0,-0.84,0,-0.88,0,25678,-0.13,0,-0.83,0,1.56,0,-1,0,0,0,0.64,0.12,-0.55,0,0.29,0.44,0,0,0,0,0,0,0,0.67,-0.83,-0.31,0,-0.14,0,0,0.15,0,0,0,0,0,0,0,0,0,0,0,0,0,0,1.2,0,0,0,0,0,0,0,0.1,0,0,0,0,0,0,0,0,0,0,0,0,0,0,0,0,0,1
8978,SOLE PROPRIETORSHIP,UNSPECIFIED,Retail/BBG Commercial,UNSPECIFIED,UNSPECIFIED,4/29/2022,0,0,0,1.41E+07,0,0,64938.88,0,0,0,1,0,0,0,52211.63,0,132,-677175.35,10.17,6,1.68,2.29,-0.01,77.09,26.65,0.09,-0.01,0.09,-0.01,0,0.7,0,-0.01,0,0.07,0.07,0.23,2,0,0,-0.5,0.04,0,0,-0.98,0.7,0.23,0.1,2.02,0,0,6,0,26.65,0,-0.02,1,4,0.63,0.55,0,0,0.3,0.24,-0.98,1,0.26,0.55,12.84,-0.37,3,2,-1,0,0.27,1.25,-0.09,1,0,4,-105663.1,1,0.22,-1,0.49,0,0,-0.26,2,-0.33,0,9336354.47,0.51,0,0.14,0,2,0.14,77.07,0,0,0,2,0.75,-0.02,0,0.79,0.29,0,0,0,0,0,0,0,1.25,-0.01,0.5,0,-0.33,0,-1,0.33,0,0,0,0,0,0,0,2,0,0,0,0,0,0,2,0,0,0,0,0,0,0,0.5,0,0,0,0,0,0,0,0,0,0,0,0,0,0,0,0,0,1
8047,NON-FINANCIAL CORPORATION,UNSPECIFIED,Banking Center,Financial and Insurance Activities,UNSPECIFIED,4/29/2022,0,0,0,1.39E+07,0,0,5.10E+07,7589687.89,769230.77,0,1,0,8.99E+07,1.02E+08,0,0,45,-5.19E+07,1550.97,0,0,0,45.76,7290.76,7290.76,0.57,14.2,5.75,5.75,1.67,32.52,75.17,0,1.67,0.77,6.92,5.75,3,1,14.8,0.67,1.14,75.17,0,-1,36.36,0,9.49,25.03,0,0,1,0,7290.76,-0.39,-0.06,0,2,0.67,-1,0,-0.39,0,-1,0.08,0,0,6.42,3645.42,-1,4,3,1,0,0,-1,-1,1,0,-1,-3900000,1,7.42,0.24,351.42,0,0,8.83,0.92,13309.94,0,21081.34,12.32,0,18.11,0,22,16.92,0.24,0,0,0,4.75,1.83,-0.06,0,0,3.6,0,0,0,0,0,0,0,9,-0.59,9,0,7849.04,0,0,-1,0,0,0,0,0,0,0,1.5,0,0,0,0,0,0,3,0,0,0,0,0,0,0,5.67,0,0,0,0,0,0,0,0,0,0,0,0,0,0,0,0,0,1
6321,NON-FINANCIAL CORPORATION,UNSPECIFIED,Retail/BBG Commercial,Real Estate Activities,UNSPECIFIED,4/29/2022,2094115.2,1,1,4840569.85,0,2,481850.73,236928.58,1153846.15,0,1,0,0,0,0,0,255,-1285000,140.98,0,0,0,0.33,960.05,703.63,0.22,0.12,0.02,0.01,1,0.14,0.18,0,1,0.28,0.05,2.2,1,0,0.03,0,0.01,0.18,0,-1,0.55,0,0.02,0.04,0,0,1,0,1.2,0.13,0.01,1,0,0.35,77.12,0,0.13,0,-0.94,0,-1,38.16,77.12,0.6,-1,0,0.5,0,0,0,1,-0.94,0,0,0,-4693.73,0,2.53,0,0.39,0,0,0,2,1291.24,0,0,13.51,0,1.2,0,2,885.82,0,0,0,0,2,0.25,0,0,0.75,0,0,0,0,0,0,0,0,4.5,-0.16,2,0,1.2,0,0,0.5,0,0,0,0,0,0,0,2,0,0,0,0,0,0,0.5,0,0,0,0,0,0,0,0.5,0,0,0,0,0,0,0,0,0,0,0,0,0,0,0,0,0,1
6260,NON-FINANCIAL CORPORATION,UNSPECIFIED,Banking Center,Transportation and Storage,UNSPECIFIED,4/29/2022,1.36E+07,1,1,9749006.07,0,0,1.02E+07,0,1923076.92,0,1,0,0,0,0,0,33,0,12825.66,0,0,0,0.97,48629.23,48629.23,0.13,-0.13,0.27,0,0,0.98,0.86,0,0,0.16,0.15,1.46,5,2,0.09,-0.5,0.01,0.86,0,-1,-0.28,0,0.2,0,0,0,0,0,15498.96,0.06,0,0,0,1.27,1.18,0,0.06,0,0,1.18,0,0,1.76,7750.07,-1,0,3,0,0,0,0,0,0,0,0,0,0,0,0,0,0,0,1.62,0,1813.3,0,0,0,0,46021.43,0,0,0,0,0,0,0,0,1.25,-0.22,0,0,0,0,0,0,0,0,0,0,1,-0.54,-0.33,0,33748.29,0,0,0,0,0,0,0,0,0,0,-0.33,0,0,0,0,0,0,1,0,0,0,0,0,0,0,1,0,0,0,0,0,0,0,0,0,0,0,0,0,0,0,0,0,1
5686,NON-FINANCIAL CORPORATION,UNSPECIFIED,Retail/BBG Commercial,Education,UNSPECIFIED,4/29/2022,0,0,0,286405.57,0,0,38705.05,7222.22,1153846.23,0,1,0,0,0,0,0,188,0,0,0,0,0,0.19,2332.44,2332.44,-0.07,0.42,0.14,0.11,-1,1.53,0.19,0,-1,-0.07,0.08,0.14,0,0,0.18,0,0.01,1.02,0,-1,-0.58,0,0.2,0,0,0,0,0,2332.44,0,0.08,1,0,0,0,0,0,0,0,2332.44,-1,0,-1,0,-1,0,0,0,0,0,0,0,0,0,0,-87229.79,0,0,0,0,0,0,-1,0,0,0,46000,0,0,0,0,0,0,0,0,0,0,0,0,-0.4,0,0,0,0,0,0,0,0,0,0,-0.81,-0.52,0,0.08,0,0,0,0,0,0,0,0,0,0,0,0,0,0,0,0,0,0,0,0,0,0,0,0,0,0,0,0,0,0,0,0,0,0,0,0,0,0,0,0,0,0,0,0,1
2370,NON-FINANCIAL CORPORATION,UNSPECIFIED,Corp Bank,Information and Communication,UNSPECIFIED,4/29/2022,0,0,0,1403474.45,0,0,92.28,0,1153846.15,0,1,0,0,0,0,0,45,0,0,0,0,0,0,3,-1,0.11,0,0.04,0,0,0,0,0,-1,0.14,0.05,0.95,-1,1,0,-1,0.01,0,0,-1,0.43,0,0,0,0,0,0,0,-1,0,0,0,0,0,0,0,0,0,0,-1,0,0,-1,0,-1,0,-1,0,0,0,0,0,0,0,0,0,0,-1,0,0,0,0,0,-1,0,0,0,0,0,0,0,0,-1,0,0,0,0,0,0,0,0,0,0,0,0,0,0,0,0,0,-1,0,0,0,0,0,0,0,0,0,0,0,0,0,0,-1,0,0,0,0,0,0,0,0,0,0,0,0,0,0,0,0,0,0,0,0,0,0,0,0,0,0,0,0,0,0,0,0,1
7249,NON-FINANCIAL CORPORATION,UNSPECIFIED,Retail/BBG Commercial,"Professional, Scientific & Technical Activities",UNSPECIFIED,4/29/2022,0,0,0,6.00E+07,0,0,3945.45,3014285.71,120192.31,0,1,0,0,2.88E+07,0,0,6,0,0,0,0,0,0,8,4.56,0,12.05,6.58,0.26,-1,0,0,0,-1,0,0,11.38,3,1,2,-1,1.55,9.81,0,-1,0,0,0,0,0,0,0,0,-1,0,0.12,0,0,0,0,0,0,0,0,-1,0,0,0,0,0,0,-1,0,0,0,0,0,-1,0,0,0,-1,0,0,0,0,0,0,0,0,0,2650000,0,0,-1,0,0,0,-1,0,0,0,0,0,0.12,0,0,0,0,0,0,0,0,0,0,0,0,0,0,0,0,0,0,0,0,0,0,0,0,0,0,0,0,0,0,0,0,-1,0,0,0,0,0,0,0,0,0,0,0,0,0,0,0,0,0,0,0,0,0,0,0,0,0,1
2846,NON-FINANCIAL CORPORATION,UNSPECIFIED,Banking Center,Accommodation and Food Service Activities,UNSPECIFIED,3/31/2022,2.24E+08,1,1,9.05E+08,0,1,3.29E+08,1.45E+08,384615.38,0,1,1,8.82E+07,2.25E+08,0,-1.76E+07,315,-1.84E+09,0.11,0,0.13,0.15,0.07,0.61,0.61,0.09,0.01,0.13,0.13,0.31,0.58,0.04,0.17,0.31,0.03,0.05,0.66,0.77,0,0,-0.05,0.05,0.04,0,-0.48,0.66,0.03,0.06,0.48,0,0,124,0,0.34,0.02,0.04,3,0.25,0.01,0.68,0,0.02,0.04,0.24,0.27,1.27,0.32,0.96,0.3,-0.58,1277,0.15,0.12,0,0.04,0.25,0.18,0.12,0,0.25,-1.02E+07,1.93,0.61,1.17,0.42,0,0,0.1,0.29,0.14,0,2.44E+08,0.62,0,0.19,0,0.26,1.05,2.83,0,0,1,0.31,0.05,-0.04,0,0.15,0.17,0,0,0,0,0,0,0,0.25,-0.02,0.57,3,0.7,0,-0.08,0.05,0,0,0,0,0,0,0,0.78,0,0,0,0,0,1,0.04,0,0,0,0,0,0,0,0.09,0,0,0,0,0,0,0,0,0,0,0,0,0,0,0,0,0,1
5099,FINANCIAL CORPORATION (NON-BANK),UNSPECIFIED,Banking Center,Wholesale and Retail trade; Repair of Motor Vehicles and Motorcycles,UNSPECIFIED,3/31/2022,0,0,0,55961.92,0,1,31012.43,32335.23,384615.38,0,1,1,0,0,0,0,173,0,0.02,0,0.02,0.02,0,0.34,0.34,0,-0.03,0.03,0.03,0.5,0.02,0.01,0.03,0.5,0,0.01,0.03,0.5,0,0,-0.33,0,0.03,0,-0.26,0.04,0.03,0.01,0,0,0,0,0,0.34,0.01,-0.01,0,0,0.03,0.34,0,0,-0.02,0,-0.26,0,0.04,0.34,0.04,-0.26,0,0,0,0,0.03,0,0,0,0,0,0,0,0.14,0,0.02,0,0,0.03,0,0.02,0,0,-0.01,0,0.03,0,-0.33,0.08,0,0,0,0,-0.33,-0.17,-0.01,0,-0.17,0,0,0,0,0,0,0,0,0.5,-0.05,-0.33,0,-0.01,0,0,-0.33,0,0,0,0,0,0,0,-0.33,0,0,0,0,0,0,0,0,0,0,0,0,0,0,-0.33,0,0,0,0,0,0,0,0,0,0,0,0,0,0,0,0,0,1
7542,NON-FINANCIAL CORPORATION,UNSPECIFIED,Corp Bank,Real Estate Activities,UNSPECIFIED,3/31/2022,6.83E+07,0,1,2.39E+07,0,1,1.11E+07,6231449.79,2.81E+07,0,1,1,1.39E+07,2.30E+07,158971.35,0,258,-4.57E+08,1.4,15,4.24,1.73,0.37,450.9,7.63,0.94,0.44,0.12,0.12,0.43,-0.18,0.17,2.77,18,-0.05,0.01,11.69,2.42,0,0.09,-0.39,-0.01,0.36,0,-0.85,-0.33,0.11,0.02,206.73,0,0,19,1,7.63,0.17,0.01,2,2,-0.12,1.21,0,0.17,0.07,206.73,-0.5,0.75,0.41,8.54,3.57,-0.93,9,0.12,0.5,0,0.06,-0.21,-0.79,1,0,0.25,-2019310.65,2,-0.98,6.74,-0.98,0,0,4.68,-0.14,-0.98,0,175300.19,0.33,0,-0.45,0,-0.51,-0.98,63.67,0,0,0,-0.46,-0.14,-0.1,0,-0.26,-0.27,0,0,0,0,0,0,0,1.17,-0.12,-0.54,0,3.3,0,-0.5,-0.31,0,0,0,0,0,0,0,-0.15,0,0,0,0,0,0,-0.59,0,0,0,0,0,0,0,-0.32,0,0,0,0,0,0,0,0,0,0,0,0,0,0,0,0,0,1
4261,NON-FINANCIAL CORPORATION,UNSPECIFIED,Retail/BBG Commercial,Education,UNSPECIFIED,3/31/2022,9805606.93,0,1,1.44E+07,1,1,15343.64,333333.33,1153846.15,1,1,2,0,0,0,0,131,0,569.1,0,0,0,0.01,15581.07,2849.44,2.67,1.55,0.09,0.09,-1,8.89,0.01,0,-1,0.03,0.39,29.04,1,1,0.31,0,0.05,1.52,0,-0.99,10.78,0,0.51,0,0,0,0,0,2849.44,0.01,0.01,0,0,0.1,0,0,0,0,0,-0.98,0,0,0,1424.23,0,0,1,0,0,0,0,0,0,0,0,0,0,0,0,0,0,0,0,0,56.35,0,0,0,0,-1,0,0,0,0,0,0,0,0,0.5,0.01,0,0,0,0,0,0,0,0,0,0,0,0,1,0,46.24,0,0,0,0,0,0,0,0,0,0,0,0,0,0,0,0,0,0,0,0,0,0,0,0,0,1,0,0,0,0,0,0,0,0,0,0,0,0,0,0,0,0,0,1
2162,FINANCIAL CORPORATION (NON-BANK),UNSPECIFIED,Corp Bank,Financial and Insurance Activities,UNSPECIFIED,3/31/2022,3.33E+07,1,1,1.18E+08,0,1,7758778.7,2004878.36,384615.38,0,1,1,4174237.16,8.84E+07,1.24E+07,0,144,-2.07E+08,1.24,38,3.09,2.83,0.09,16.47,7.09,0.13,-0.25,0.29,-0.01,3.5,-0.13,0.07,0.74,3.5,0.1,0.19,0.5,1.4,0,0.04,-0.47,0.04,0.57,0,-0.98,0.32,0.02,0.04,520.12,0,0,5,0,0.11,0.03,-0.04,1,1,0.28,1.47,0,0.03,0.08,1.93,0,2,0.52,3.83,0.06,-0.98,0,1.4,0,0,0.06,0.3,0.12,-1,0,1,-816665.3,-1,-0.51,0,-0.79,0,0,-0.91,0.08,-0.7,0,126.49,0.4,0,-0.86,0,0.7,-0.36,-1,0,0,0,0.15,0.46,-0.05,0,0.09,0.26,0,0,0,0,0,0,0,0.3,-0.61,1.67,0.08,0.11,0,0,-0.12,0,0,0,0,0,0,0,2.43,0,0,0,0,0,0,0.71,0,0,0,0,0,0,0,0.26,0,0,0,0,0,0,0,0,0,0,0,0,0,0,0,0,0,1
4248,NON-FINANCIAL CORPORATION,UNSPECIFIED,Corp Bank,Human Health and Social Work Activities,UNSPECIFIED,3/31/2022,3.33E+07,0,0,1.94E+08,0,0,8.78E+07,2.25E+07,7692307.69,0,1,1,2.21E+07,2.29E+07,0,-2.05E+08,107,-5.45E+07,0.35,0,5.73,7.47,1.11,65.19,2.46,0.25,0.21,2.49,0.08,0.5,0.65,1.11,11.96,2.5,0.31,0.14,2.49,2.58,0,0.17,0.16,0.42,1.11,0,-0.9,1.2,0.13,0.15,0.71,0,0,5,0,0.32,1.11,0.08,1,0.44,0.11,4.54,0,0,0.24,0.71,-0.9,1.67,2.23,56.21,-0.29,-0.98,7,0.91,4,0,0.05,0.26,0.13,4,0,0.44,-384019.18,4,18.98,-0.44,3.11,0,0,4.17,0.14,1.08,0,114353.25,4.06,0,-0.7,0,1.18,-0.33,1.57,0,0,0,0.04,0.53,-0.69,0,0.04,0.04,0,0,0,5.55E+07,0,0,0,1.82,-0.55,1.8,0,-0.87,0,0,-0.17,0,0,0,0,0,0,0,2.5,0,0,0,0,0,0,-0.02,0,0,0,0,0,0,0,1.21,0,0,0,0,0,0,0,0,0,0,0,0,0,0,0,0,0,1
1887,NON-FINANCIAL CORPORATION,UNSPECIFIED,Corp Bank,Financial and Insurance Activities,UNSPECIFIED,3/31/2022,2.10E+07,1,1,5.94E+07,0,0,2.00E+07,146488.33,7692307.69,0,1,0,0,4.20E+07,87132.72,0,350,-1.28E+07,7.64,12,4.18,3.37,-0.39,27.24,25.81,0.09,0.35,0.64,0.01,3,-0.31,-0.18,4.46,3,0.05,0,0.89,0.74,0,0.09,-0.23,0.12,0.32,0,-0.97,-0.41,0.14,-0.01,1.28,0,0,13,0,25.81,-0.26,-0.01,0,0.35,0.06,5.07,0,-0.26,0.12,-0.18,-0.42,2,2.48,18.27,12.7,-0.84,7,0.74,0,0,0.11,0.67,-0.29,-0.5,0,0.35,-3031028.3,-0.5,17.52,0,12.27,0,0,14.01,1.35,35.91,0,58519.44,4.41,0,8.25,0,0.51,34.17,2.59,0,0,0,0.38,0.25,-0.07,0,0.25,0.4,0,0,0,0,0,0,0,0.86,-0.26,0.21,0,14.54,0,0,-0.17,0,0,0,0,0,0,0,1.35,0,0,0,0,0,0,0.08,0,0,0,0,0,0,0,0.33,0,0,0,0,0,0,0,0,0,0,0,0,0,0,0,0,0,1
2167,NON-FINANCIAL CORPORATION,UNSPECIFIED,Banking Center,Real Estate Activities,UNSPECIFIED,3/31/2022,2528102.24,1,1,3170063.13,1,1,2743139.74,4923500.27,384615.38,1,1,1,2535599.35,8169142.37,0,-4997958.96,107,-1.24E+07,-0.2,0,1.93,1.09,0.16,22.23,0.39,0.06,-0.23,0.17,0.17,3,-0.39,0.65,-0.17,3,0.01,0.08,0.7,1.86,1,0,-0.63,-0.13,0.65,0,-0.56,-0.32,0,0.04,12.38,0,0,1,1,0.1,-0.3,-0.29,1,0.67,0.38,0.54,0,-0.3,-0.12,1.69,-0.38,1,-0.14,0.54,-0.14,-0.82,0,1.86,0,0,0.02,-0.06,-1,-1,0,0,-34068.23,-1,-0.81,0,-0.94,0,0,-0.93,-0.57,-0.65,0,562,-0.73,0,-0.81,0,-0.78,-0.12,-1,0,0,0,-0.12,0.61,-0.48,0,-0.06,-0.06,0,0,0,0,0,0,0,0.84,-0.3,-0.47,0,-0.32,0,0,-0.06,0,0,0,0,0,0,0,-0.23,0,0,0,0,0,0,0.82,0,0,0,0,0,0,0,0.05,0,0,0,0,0,0,0,0,0,0,0,0,0,0,0,0,0,1
8040,NON-FINANCIAL CORPORATION,UNSPECIFIED,Retail/BBG Commercial,UNSPECIFIED,UNSPECIFIED,3/31/2022,0,0,0,175782.82,0,0,181649.09,100000,1153846.15,0,1,0,0,0,0,0,61,0,0,0,0.2,0.33,0.67,0,0,0.02,0.28,0.03,0.03,-1,0.44,0.6,0.11,0,0.01,0.09,0.11,2,1,0.1,0,-0.01,0.6,0,-1,0.95,-0.02,0.08,0,0,0,0,0,0,0.05,-0.01,0,0,0,-0.07,0,0.05,-0.01,0,-0.82,0,-0.08,0.34,-0.41,-0.09,0,2,0,0,0.01,-0.14,0,0,0,0,0,0,-0.51,0,-0.1,0,0,0.59,-0.29,-0.82,0,0,-0.15,0,-0.78,0,-0.17,-0.82,0,0,0,0,-0.29,1,-0.02,0,-0.15,0,0,0,0,0,0,0,0,0.2,-0.25,2,0,-0.82,0,0,-0.17,0,0,0,0,0,0,0,2,0,0,0,0,0,0,2,0,0,0,0,0,0,0,2,0,0,0,0,0,0,0,0,0,0,0,0,0,0,0,0,0,1
178,NON-FINANCIAL CORPORATION,UNSPECIFIED,Retail/BBG Commercial,Wholesale and Retail trade; Repair of Motor Vehicles and Motorcycles,UNSPECIFIED,3/31/2022,0,0,0,5194643.72,0,0,1884477.73,0,846153.85,0,1,0,0,0,0,0,61,0,0,0,0,0,1.71,263.77,143.9,1.23,1.79,2.8,2.8,0,0.77,1.69,0,0,1.64,0.22,10.96,2,1,0.35,2,0.43,1.69,0,-1,2.35,0,0.17,0,0,0,0,0,143.9,0.01,-0.76,0,0,0,0,0,0.01,0,0,143.9,0,0,0,0,0,0,2,0,0,0,0,0,0,0,0,0,0,0,0,-1,0,-5000000,0,0,0,0,0,0,0,0,0,-1,0,0,0,0,0,0,0,-0.76,0,0,0,0,0,0,0,0,0,0,0,0,0,0,0,0,0,0,0,0,0,0,0,1,0,0,0,0,0,0,0,0,0,0,0,0,0,0,0,0,0,0,0,0,0,0,0,0,0,0,0,0,0,0,0,0,0,0,1
9770,NON-FINANCIAL CORPORATION,UNSPECIFIED,UNSPECIFIED,UNSPECIFIED,UNSPECIFIED,3/31/2022,0,0,0,69677.56,0,0,240004.21,240000,0,0,1,0,0,0,0,0,0,0,0,0,0,0,0,0,0,0,0,0,0,0,0,0,0,0,0,0,0,0,1,0,0,0,0,0,0,0,0,0,0,0,0,0,0,0,0,0,0,0,0,0,0,0,0,0,0,0,0,0,0,0,0,0,0,0,0,0,0,0,0,0,0,0,0,0,0,0,0,0,0,0,0,0,0,0,0,0,0,0,0,0,0,0,0,0,0,0,0,0,0,0,0,0,0,0,0,0,0,0,0,0,0,0,0,0,0,0,0,0,0,0,0,0,0,0,0,0,0,0,0,0,0,0,0,0,0,0,0,0,0,0,0,0,0,0,0,0,0,0,0,0,0,0,0,1
1889,NON-FINANCIAL CORPORATION,UNSPECIFIED,UNSPECIFIED,UNSPECIFIED,UNSPECIFIED,3/31/2022,0,0,0,0,0,0,0,0,0,0,0,0,0,0,0,0,0,0,0,0,0,0,0,0,0,0,0,0,0,0,0,0,0,0,0,0,0,0,0,0,0,0,0,0,0,0,0,0,0,0,0,0,0,0,0,0,0,0,0,0,0,0,0,0,0,0,0,0,0,0,0,0,0,0,0,0,0,0,0,0,0,0,0,0,0,0,0,0,0,0,0,0,0,0,0,0,0,0,0,0,0,0,0,0,0,0,0,0,0,0,0,0,0,0,0,0,0,0,0,0,0,0,0,0,0,0,0,0,0,0,0,0,0,0,0,0,0,0,0,0,0,0,0,0,0,0,0,0,0,0,0,0,0,0,0,0,0,0,0,0,0,0,0,1
8080,NON-FINANCIAL CORPORATION,UNSPECIFIED,UNSPECIFIED,UNSPECIFIED,UNSPECIFIED,3/31/2022,0,0,0,0,0,0,0,0,0,0,0,0,0,0,0,0,0,0,0,0,0,0,0,0,0,0,0,0,0,0,0,0,0,0,0,0,0,0,0,0,0,0,0,0,0,0,0,0,0,0,0,0,0,0,0,0,0,0,0,0,0,0,0,0,0,0,0,0,0,0,0,0,0,0,0,0,0,0,0,0,0,0,0,0,0,0,0,0,0,0,0,0,0,0,0,0,0,0,0,0,0,0,0,0,0,0,0,0,0,0,0,0,0,0,0,0,0,0,0,0,0,0,0,0,0,0,0,0,0,0,0,0,0,0,0,0,0,0,0,0,0,0,0,0,0,0,0,0,0,0,0,0,0,0,0,0,0,0,0,0,0,0,0,1
5553,NON-FINANCIAL CORPORATION,UNSPECIFIED,UNSPECIFIED,UNSPECIFIED,UNSPECIFIED,3/31/2022,0,0,0,0,0,0,0,0,0,0,0,0,0,0,0,0,0,0,0,0,0,0,0,0,0,0,0,0,0,0,0,0,0,0,0,0,0,0,0,0,0,0,0,0,0,0,0,0,0,0,0,0,0,0,0,0,0,0,0,0,0,0,0,0,0,0,0,0,0,0,0,0,0,0,0,0,0,0,0,0,0,0,0,0,0,0,0,0,0,0,0,0,0,0,0,0,0,0,0,0,0,0,0,0,0,0,0,0,0,0,0,0,0,0,0,0,0,0,0,0,0,0,0,0,0,0,0,0,0,0,0,0,0,0,0,0,0,0,0,0,0,0,0,0,0,0,0,0,0,0,0,0,0,0,0,0,0,0,0,0,0,0,0,1
1446,NON-FINANCIAL CORPORATION,UNSPECIFIED,UNSPECIFIED,UNSPECIFIED,UNSPECIFIED,3/31/2022,0,0,0,0,0,0,0,0,0,0,0,0,0,0,0,0,0,0,0,0,0,0,0,0,0,0,0,0,0,0,0,0,0,0,0,0,0,0,0,0,0,0,0,0,0,0,0,0,0,0,0,0,0,0,0,0,0,0,0,0,0,0,0,0,0,0,0,0,0,0,0,0,0,0,0,0,0,0,0,0,0,0,0,0,0,0,0,0,0,0,0,0,0,0,0,0,0,0,0,0,0,0,0,0,0,0,0,0,0,0,0,0,0,0,0,0,0,0,0,0,0,0,0,0,0,0,0,0,0,0,0,0,0,0,0,0,0,0,0,0,0,0,0,0,0,0,0,0,0,0,0,0,0,0,0,0,0,0,0,0,0,0,0,1
6723,FINANCIAL CORPORATION (NON-BANK),UNSPECIFIED,Banking Center,Financial and Insurance Activities,UNSPECIFIED,5/31/2022,0,0,0,1.68E+08,0,1,4.52E+08,1.52E+08,2477240.69,0,1,0,3.00E+08,3.20E+08,0,0,203,-1.33E+08,0.7,0,10.87,15.13,0.09,2.84,2.84,0.17,-0.57,1.97,1.97,0.21,-0.26,0.07,1.65,0.21,0.29,0.06,1.97,0.88,0,-0.1,0.03,0.38,0.35,0,-0.15,-0.07,0.05,0.02,61.68,0,0,8,0,2.84,0.07,-0.06,1,0.71,0.15,7.26,0,0.02,0.05,0.63,0.5,4,3.55,7.26,1.67,-0.65,0,0.16,0,0,0.02,0.16,-0.98,0,0,0.44,-298679.51,0,9.35,0,791.7,0,0,6.2,0.19,6.02,0,0,5.86,0,5.09,0,0.13,6.78,0,0,0,0,-0.1,0.1,-0.06,0,-0.03,-0.15,0,0,0,0,2.22,0,0,0.69,-0.5,0.33,0,4.77,0,0,-0.22,0,0,0,0,0,0,0,0.38,0,0,0,0,0,0,0.57,0,0,0,0,0,0,0,0.2,0,0,0,0,0,0,0,0,0,0,0,0,0,0,0,0,0,1
3426,NON-FINANCIAL CORPORATION,UNSPECIFIED,Retail/BBG Commercial,Wholesale and Retail trade; Repair of Motor Vehicles and Motorcycles,UNSPECIFIED,5/31/2022,0,0,0,6701367.83,0,0,525450.09,1111111.11,1538461.54,0,1,0,0,0,0,0,36,0,98.72,0,0.99,0.15,-0.26,1664.31,357.05,0.22,-0.23,0.04,-0.04,-1,-0.43,-0.06,-0.15,-1,0.06,0.99,1.02,2,2,-0.02,-0.67,-0.02,0.51,0,-1,14.26,0.05,-0.05,0,0,0,0,0,357.05,-0.06,-0.04,0,0,0.13,0.19,0,-0.21,0.01,0,-0.98,0,0.04,0.19,178.03,-0.51,0,0,0,0,-0.06,0,0,0,0,0,0,0,14.18,0,0.4,0,0,-0.63,0.25,20.06,0,0,0.05,0,-0.99,0,0,4.53,0,0,0,0,0,-0.33,-0.05,0,0,-0.29,0,0,0,0,0,0,0,0.67,-0.21,-0.5,0,6.81,0,0,0,0,0,0,0,0,0,0,-0.67,0,0,0,0,0,0,-0.67,0,0,0,0,0,0,0,-0.67,0,0,0,0,0,0,0,0,0,0,0,0,0,0,0,0,0,1
4758,NON-FINANCIAL CORPORATION,UNSPECIFIED,Banking Center,Wholesale and Retail trade; Repair of Motor Vehicles and Motorcycles,UNSPECIFIED,5/31/2022,3.15E+07,1,1,6.87E+07,0,0,6.70E+07,6.44E+07,3846153.85,0,1,0,135248,462406,0,-399328.95,97,0,0.04,0,0.08,0.07,-0.23,0.82,0.33,0.01,0.01,0.19,0.01,0.33,0.04,-0.1,0.07,0.33,0.01,0,0.19,0.3,0,0.01,-0.07,0.02,0.19,0,-0.45,-0.01,0.06,0.01,0,0,0,0,1,0.33,-0.15,0.01,1,0,0.03,0.22,0,-0.15,0.04,0,-0.08,0,0.13,0.37,0.13,-0.49,0,0.3,0,0,0.04,0.1,0,-1,0,0,0,-1,0.46,0,0.33,0,0,0.09,0.55,0.49,0,1677940,0.28,0,-0.04,0,0.26,0.56,-1,0,0,1,0.17,0.11,-0.11,0,0.08,0.1,0,0,0,0,0,0,0,0.59,-0.15,0,0,0.22,0,0,0.07,0,0,0,0,0,0,0,0.39,0,0,0,0,0,0,0.11,0,0,0,0,0,0,0,0.21,0,0,0,0,0,0,0,0,0,0,0,0,0,0,0,0,0,1
6901,SOLE PROPRIETORSHIP,UNSPECIFIED,Retail/BBG Commercial,Wholesale and Retail trade; Repair of Motor Vehicles and Motorcycles,UNSPECIFIED,5/31/2022,0,0,0,1.22E+07,0,0,3.83E+07,2266310.81,230769.23,0,1,0,846450,873900,0,0,69,-7.24E+07,0.04,0,0.02,0.02,0.03,0.25,0.25,0.01,-0.05,0.03,0.03,0.57,0.11,0.11,0.02,0.57,0.02,0.02,0.04,0.5,0,-0.01,0.06,0.01,0.11,0,-0.36,0.17,0.01,0.02,0.27,0,0,14,0,0.07,0.11,0,1,0.24,0.07,0.44,1,-0.07,-0.01,0.05,0,5,0.11,0.44,0.04,-0.29,20,0.32,0.33,0,-0.02,0.08,-0.13,0.33,0,0,-6395898,0.33,0.09,0.07,0.01,0,-169299.44,-0.06,0.03,0.18,0,3.08E+08,0.12,0,0.06,0,-0.08,0.1,0.26,0,0,0,0.06,0.19,0,0,0.03,-0.12,0,0,0,0,36,0,0,0.13,-0.15,0.56,0,0.08,0,0,-0.01,0,0,0,0,0,0,0,0.19,0,0,0,0,0,0,0.14,0,0,0,0,0,0,0,0.39,0,0,0,0,0,0,0,0,0,0,0,0,0,0,0,0,0,1
7663,NON-FINANCIAL CORPORATION,UNSPECIFIED,Retail/BBG Commercial,Financial and Insurance Activities,UNSPECIFIED,5/31/2022,0,0,0,1.38E+07,0,0,635438.09,166666.67,7692307.77,0,1,0,0,0,0,0,107,-5419083.31,0,0,5.53,7.1,0.09,3930.93,106.27,0.02,0.07,0.03,0.01,0,-0.24,0.09,-0.02,-1,0.01,0.06,0.12,1,0,0.01,0,-0.03,0.09,0,-1,0.53,0.03,-0.03,-1,0,0,0,0,106.27,0,-0.06,1,0,0,0,0,0,0.02,0,3.32,0,-0.04,0.24,54.79,-0.16,1,1,-1,0,-0.01,0,0,-1,0,0,0,-1,-0.18,-1,-0.83,0,0,-0.12,0,374.2,0,357977,-0.08,0,394.87,0,-0.17,606.48,-1,0,0,0,-0.17,0.5,-0.06,0,-0.08,-0.17,0,0,0,0,0,0,0,0.5,-0.01,1,0,461.95,0,-1,-0.17,0,0,0,0,0,0,0,1,0,0,0,0,0,0,1,0,0,0,0,0,0,0,1,0,0,0,0,0,0,0,0,0,0,0,0,0,0,0,0,0,1
7374,NON-FINANCIAL CORPORATION,UNSPECIFIED,Banking Center,Other Service Activities,UNSPECIFIED,5/31/2022,2803798.47,1,1,2.80E+07,1,2,4330206.44,1672659.18,384615.38,1,1,2,41419.95,54253.28,0,-60206,117,-4743580.4,0.33,0,24.5,2.77,-0.01,2.52,1.72,0.01,0.02,0.02,0.02,0.75,0.03,0.05,3.45,1,0.01,0,0.1,1.5,1,0,-0.24,0.01,0.05,0,-0.72,0.01,0.26,0,7.64,0,0,0,0,1.72,0.05,0.01,0,3,-0.01,13.9,0,-0.05,0.15,4.89,-0.54,0,6.53,13.9,0.59,-0.91,4,0.15,-1,0,0.08,-0.27,-0.76,1.67,0,-0.4,0,3.5,599.45,-1,0.95,0,0,0.65,2.67,0.69,0,3355223.21,1.51,0,-0.15,0,0.57,0.61,17.32,0,0,0,-0.48,-0.04,0,0,-0.28,-0.08,0,0,0,0,0,0,0,1.33,-0.05,-0.25,1.58,0.25,0,-1,-0.29,0,0,0,0,0,0,0,-0.17,0,0,0,0,0,2.33,-0.25,0,0,0,0,0,0,0,-0.12,0,0,0,0,0,0,0,0,0,0,0,0,0,0,0,0,0,1
4207,NON-FINANCIAL CORPORATION,UNSPECIFIED,Retail/BBG Commercial,Information and Communication,UNSPECIFIED,5/31/2022,0,0,0,2.67E+07,0,1,1.77E+07,0,7692307.69,0,1,0,0,0,0,-3278278.39,41,0,0.05,0,0.21,0.05,-0.15,0.74,0.33,0.04,-0.01,0.02,0,0,-0.08,-0.06,0.08,0,0.03,0.02,0.13,0.67,1,0,-0.4,0,0.1,0,-0.23,0.2,0.08,-0.01,0,0,0,0,0,0.21,-0.06,-0.02,0,0,0.11,0.21,0,-0.09,0.06,0,-0.23,0,0.08,0.29,-0.01,-0.05,0,0.67,0,0,-0.03,0.15,0,0,0,0,0,0,1.62,0,0.18,0,0,0.41,0.75,0.09,0,0,0.15,0,0.18,0,0.31,0.51,0,0,0,0,0.05,0.13,-0.02,0,0.03,-0.19,0,0,0,0,0,0,0,0.53,-0.09,0.25,0,-0.07,0,0,-0.09,0,0,0,0,0,0,0,0.25,0,0,0,0,0,0,0,0,0,0,0,0,0,0,0,0,0,0,0,0,0,0,0,0,0,0,0,0,0,0,0,0,1
8034,NON-FINANCIAL CORPORATION,UNSPECIFIED,Retail/BBG Commercial,Other Service Activities,UNSPECIFIED,5/31/2022,0,0,0,308650.06,0,0,249.33,0,384615.38,0,1,1,0,0,0,0,112,0,7.93,0,0,0,0,39.43,39.43,0.03,0.14,0.04,0.03,0,0.24,0,0,0,0.03,0.03,0.04,0.5,1,0.03,-0.5,0.03,0.05,0,-0.99,0.34,0,0.03,0,0,0,0,0,0,0,0.02,0,0,-0.07,0,0,0,0,0,-0.2,0,0,-1,-0.1,-1,3,0,0,0,0,0,0,1,0,0,0,1,0,0,0,0,0,-1,0,-0.98,0,62937,0,0,-0.19,0,0,-0.17,48.79,0,0,0,0,-0.25,0.02,0,0,-1,0,0,0,0,0,0,0,-1,0,-0.75,0,-0.2,0,0,0,0,0,0,0,0,0,0,-0.5,0,0,0,0,0,0,-0.5,0,0,0,0,0,0,0,-0.5,0,0,0,0,0,0,0,0,0,0,0,0,0,0,0,0,0,1
6358,NON-FINANCIAL CORPORATION,UNSPECIFIED,Banking Center,Real Estate Activities,UNSPECIFIED,5/31/2022,9.13E+07,1,1,1.28E+08,0,0,1.01E+08,2.64E+07,384615.38,0,1,0,3.09E+07,7.15E+07,0,0,168,-2.96E+08,0.54,0,0.38,0.59,0.03,5.69,3.1,0.01,0.41,0.06,0.01,0.5,0.75,0.8,0.34,0.5,0.01,0.05,0.06,0.18,1,0.15,-0.08,0.02,0.8,0,-0.77,0.04,0.03,0.12,3.06,0,0,0,0,3.1,-0.43,-0.01,1,2.43,0,1.61,0,-0.43,0.06,3.06,-0.77,0,0.44,1.61,1.17,-0.73,0,0.17,0,0,0.12,-0.2,-0.8,0,0,-0.07,0,0,-0.74,0,0.97,0,0,0.37,-0.14,1.31,0,0,-0.29,0,-0.06,0,0,-0.79,0,0,0,0,-0.36,0.05,-0.01,0,-0.2,0.29,0,0,0,0,0,0,0,0.82,-0.43,0.08,0,-0.06,0,0,-0.2,0,0,0,0,0,0,0,-0.21,0,0,0,0,0,0,-0.04,0,0,0,0,0,0,0,0.08,0,0,0,0,0,0,0,0,0,0,0,0,0,0,0,0,0,1
9998,NON-FINANCIAL CORPORATION,UNSPECIFIED,Retail/BBG Commercial,Human Health and Social Work Activities,UNSPECIFIED,5/31/2022,0,0,0,904261.59,0,0,793510.29,1388703.92,7769230.77,0,1,0,0,0,362407.78,-1.00E+07,74,-829185.56,-0.21,18,1.5,2.14,0.42,9.75,0.14,0.04,-0.32,0,0,0,0.22,0.42,0.06,1,0.05,0.16,0.42,1,1,0.01,0,0,0.42,0,-0.92,0.69,0.08,0.18,-1,0,0,0,0,-0.06,0.42,0,0,0,-0.07,1.09,0,0,0.14,0,-0.1,0,0.54,1.09,-0.08,-0.95,1,0,0,0,0.09,0.5,0,0,0,0,0,0,0.92,0,5.68,0,0,-0.87,0.2,-0.02,0,100,1.08,0,-0.93,0,1,-0.1,-1,0,0,0,0.5,0,0,0,0.25,0.2,0,0,0,0,0,0,0,0.67,-0.59,0,0,-0.15,0,0,0,0,0,0,0,0,0,0,-0.25,0,0,0,0,0,0,-0.5,0,0,0,0,0,0,0,0,0,0,0,0,0,0,0,0,0,0,0,0,0,0,0,0,0,1
9151,NON-FINANCIAL CORPORATION,UNSPECIFIED,Retail/BBG Commercial,Financial and Insurance Activities,UNSPECIFIED,5/31/2022,1705773.44,0,0,3038861.33,0,0,13430.36,32680.23,5384615.38,0,1,0,0,0,0,0,33,-2000000,0,0,0,0,0.01,4688.42,4688.42,-0.02,0.71,0.09,0.06,0,0.41,0.01,0,2,-0.05,0.25,0.09,2,1,0.53,-1,-0.09,2.35,0,-1,0.8,0,0.31,-1,0,0,0,0,-1,0.01,0.06,0,-1,0,0,0,0,0,0,-1,0,0,-1,0,-1,0,-1,0,0,0,0,0,0,0,0,0,0,0,0,0,0,0,-1,0,-1,0,0,0,0,-1,0,0,-1,0,0,0,0,0,0,-0.62,0,0,-1,0,0,0,0,0,0,0,-1,-0.75,-1,0,-1,0,0,0,0,0,0,0,0,0,0,-1,0,0,0,0,0,0,-1,0,0,0,0,0,0,0,-1,0,0,0,0,0,0,0,0,0,0,0,0,0,0,0,0,0,1
6005,NON-FINANCIAL CORPORATION,UNSPECIFIED,Banking Center,Education,UNSPECIFIED,5/31/2022,1.50E+07,1,1,1.29E+07,0,0,1516662.82,446008.42,1161538.46,0,1,0,20846.04,141391,0,0,59,-1.06E+07,4.16,0,2.88,1.87,-0.76,19.19,12.09,-0.03,-0.81,-0.04,-0.07,5,-0.87,-0.32,1.1,5,-0.06,-0.08,0.09,2.42,1,-0.23,-0.75,-0.11,0.07,0,-0.87,-0.82,0.05,-0.19,14.86,0,0,2,0,12.09,-0.65,-0.07,0,7,0.39,0.2,0,-0.65,0.08,2.54,-0.87,2,-0.33,6.72,5.61,-0.86,28,2.14,4.5,0,0.14,0.63,-0.98,4.5,0,2.33,-351251.26,4.5,-0.12,4.08,0.04,0,0,-0.42,0,2.92,0,2116612,-0.83,0,0.95,0,0.13,0.45,5.56,0,0,0,0.37,0.7,-0.32,0,0.23,0.3,0,0,0,0,0,0,0,0.77,-0.65,1.32,0,0.75,0,-0.87,-0.16,0,0,0,0,0,0,0,-0.27,0,0,0,0,0,0,-0.19,0,0,0,0,0,0,0,-0.2,0,0,0,0,0,0,0,0,0,0,0,0,0,0,0,0,0,1
7563,NON-FINANCIAL CORPORATION,UNSPECIFIED,Corp Bank,Construction,UNSPECIFIED,5/31/2022,0,0,0,4.71E+07,0,1,1.83E+07,45675.22,1153846.15,0,1,0,5.38E+07,5.85E+07,0,0,30,-9462054.17,8.68,0,0.48,0.41,0.81,33.11,33.11,0,0.19,0.1,0.1,0,0.84,0.61,0.32,0,0.02,0.06,0.1,1.5,1,0.07,-0.8,0.04,0.61,0,-0.99,0.47,0.13,0.11,197.49,0,0,7,0,33.11,0.61,0.07,0,0,0.44,0.44,0,0.13,0.12,-1,-0.99,1,-0.14,1.84,16.06,-0.73,1,1.5,-1,0,0.1,-0.14,-1,-1,0,-1,-1358527.92,-1,4.48,-1,1.31,0,0,-0.08,0.54,33.48,0,9301.05,-0.61,0,32.66,0,0.37,32.03,-1,0,0,0,-0.49,0.35,0,0,-0.27,-0.08,0,0,0,0,0,0,0,1.14,-0.21,0.67,0,-0.67,0,-1,-0.4,0,0,0,0,0,0,0,0.25,0,0,0,0,0,0,0.25,0,0,0,0,0,0,0,-0.5,0,0,0,0,0,0,0,0,0,0,0,0,0,0,0,0,0,1
1814,NON-FINANCIAL CORPORATION,UNSPECIFIED,Retail/BBG Commercial,Wholesale and Retail trade; Repair of Motor Vehicles and Motorcycles,Active,5/31/2022,0,0,0,1877171.32,0,0,1464402.38,340269.18,0,0,1,0,1527684.29,2102467.52,0,0,10,-4203012.72,963.32,0,0,0,3.48,4811.65,4811.65,0,0.28,0.25,0.1,-0.5,0.49,1.22,0,4,0.06,0,13.46,4,1,0.27,0.2,0.03,1.22,0,-1,0,0,0.19,0.77,0,0,0,0,4811.65,1.02,-0.06,0,1.5,0.84,0,0,1.02,0,0,0.72,0,0,0.77,2406.18,-1,2,4,0,0,0,0,0,0,0,0,0,0,0,-0.25,-1,0,0,0,0,23.08,0,698000,0,0,2.46,0,-1,0,2.88,0,0,0,0,2.1,-0.11,0,0,0,0,0,0,0,0,0,0,1.5,-0.49,2,0,8265.44,0,0,0,0,0,0,0,0,0,0,0,0,0,0,0,0,0,2,0,0,0,0,0,0,0,5,0,0,0,0,0,0,0,0,0,0,0,0,0,0,0,0,0,1
5372,FINANCIAL CORPORATION (NON-BANK),UNSPECIFIED,Corp Bank,Human Health and Social Work Activities,UNSPECIFIED,5/31/2022,6673065.28,1,1,1.35E+07,0,0,5495432.25,0,384615.38,0,1,3,56597.37,87700.52,1086890.32,0,132,-2.00E+07,7.96,17,0,0,0.22,33.35,33.35,0.03,-0.42,0.04,-0.04,0,-0.47,0.18,0,0,-0.02,-0.04,0.39,0.57,0,-0.03,0.27,-0.02,0.2,0,-0.98,-0.81,0,0,-1,0,0,0,0,8.29,0.18,-0.1,1,-1,0.15,0,0,0.03,0,-1,-0.48,0,-0.25,0,3.9,-0.5,15,0.43,0,0,0,2,-1,5,0,-1,0,5,-0.97,18.26,0,0,0,0,-0.5,-0.28,0,43952.66,-0.5,0,0.86,0,0,-0.97,148.47,0,0,0,1,0.35,-0.1,0,0.83,0,0,0,0,0,0,0,0,2,-0.62,0.67,0,3.84,0,0,-0.33,0,0,0,0,0,0,0,0.33,0,0,0,0,0,0,0.33,0,0,0,0,0,0,0,0.82,0,0,0,0,0,0,0,0,0,0,0,0,0,0,0,0,0,1
8887,NON-FINANCIAL CORPORATION,UNSPECIFIED,Banking Center,Wholesale and Retail trade; Repair of Motor Vehicles and Motorcycles,UNSPECIFIED,5/31/2022,9437276.3,1,1,1.68E+07,0,0,8967268.25,4432153.2,1538461.54,0,1,2,5948844.98,8814184.98,0,0,184,-8.20E+07,0.04,0,0.28,0.26,-0.06,0.9,0.4,-0.04,0.06,0.04,0,0.06,0.37,0.12,-0.05,0.4,-0.05,0.04,0.04,0.21,0,0.08,-0.19,0,0.72,0,-0.2,-0.13,0.06,0.1,0.75,0,0,5,0,0.4,0.12,-0.02,1,0.21,0.03,0.14,0,-0.16,0.04,0.13,-0.11,0.67,0.06,0.27,0.15,-0.4,72,0.21,0.19,0,0.01,0.45,0.02,0.19,0,0,-287970,0.19,0.28,0.3,-0.4,0,0,-0.34,0.35,-0.45,0,3.79E+07,0.11,0,0.08,0,0.02,0.6,0.34,0,0,0,-0.07,0.01,-0.04,0,0.05,-0.13,0,0,0,0,0,0,0,0.47,-0.45,0,3.17,0.25,0,-0.19,-0.36,0,0,0,0,0,0,0,0.08,0,0,0,0,0,2.67,0.08,0,0,0,0,0,0,0,-0.02,0,0,0,0,0,0,0,0,0,0,0,0,0,0,0,0,0,1
7338,NON-FINANCIAL CORPORATION,UNSPECIFIED,Banking Center,Wholesale and Retail trade; Repair of Motor Vehicles and Motorcycles,UNSPECIFIED,5/31/2022,1.00E+07,1,1,1.62E+07,0,1,8732831.05,4956568.56,384615.38,0,1,5,554593.75,3181453.51,0,-1.17E+07,108,-7062087.08,0.04,0,0.14,0.25,0.04,2.24,1.2,-0.05,-0.25,-0.03,-0.03,1.52,-0.41,0.1,-0.08,1.52,-0.04,-0.03,-0.02,0.91,0,-0.02,-0.39,-0.04,0.44,0,-0.5,-0.39,0.04,-0.04,0.41,0,0,77,0,1.2,-0.05,-0.04,1,0.23,-0.06,0.56,0,-0.05,0.06,0.1,-0.48,0.88,0.05,0.56,0.36,-0.62,4,0.17,1,0,-0.11,-0.04,-0.3,1,0,-0.1,-1.07E+07,3,-0.47,10.6,0.07,0,0,-0.68,-0.27,0.51,0,277666.07,-0.15,0,-0.52,0,-0.13,-0.31,51.22,0,0,0,-0.27,-0.11,-0.04,0,-0.14,-0.53,0,0,0,0,0,0,0,1.22,-0.35,-0.09,0.25,0.13,0,0,-0.25,0,0,0,0,0,0,0,-0.22,0,0,0,0,0,0.33,-0.43,0,0,0,0,0,0,0,-0.29,0,0,0,0,0,0,0,0,0,0,0,0,0,0,0,0,0,1
6535,NON-FINANCIAL CORPORATION,UNSPECIFIED,Retail/BBG Commercial,Financial and Insurance Activities,UNSPECIFIED,5/31/2022,2064239.33,1,1,2067179.87,0,0,626.85,0,87840.85,0,1,1,0,0,0,0,73,0,0,0,0,0,0,-1,-1,0,0,0,0,0,0,0,0,0,0,0,0,-1,0,0,0,0,0,0,-1,0,0,0,0,0,0,0,0,0,0,0,0,0,0,0,0,0,0,0,0,0,0,0,0,0,0,0,0,0,0,0,0,0,0,0,0,0,0,0,0,0,0,0,0,0,0,0,0,0,0,0,0,0,0,0,0,0,0,0,0,0,0,0,0,0,0,0,0,0,0,-1,0,0,0,0,0,0,0,0,0,0,0,0,0,0,0,0,0,0,0,0,0,0,0,0,0,0,0,0,0,0,0,0,0,0,0,0,0,0,0,0,0,0,0,0,0,0,0,1
6924,NON-FINANCIAL CORPORATION,UNSPECIFIED,Banking Center,Construction,UNSPECIFIED,5/31/2022,3.33E+07,1,1,1.97E+08,0,1,2.20E+08,9.91E+07,8846153.85,0,1,0,4.64E+07,8.08E+07,0,-1000000,122,-9.49E+07,5.99,0,0.43,0.55,-0.08,31.39,31.39,0,-0.17,0.12,0.01,2.11,-0.02,0.05,0.6,2.11,0,-0.01,0.12,1.67,0,-0.03,-0.33,0.01,0.07,0,-0.83,-0.14,0.15,0.01,13793.95,0,0,539,0,0.51,0.05,0.01,1,6,0.11,-0.05,0,-0.12,0.16,137.05,-0.35,1.23,-0.16,3.95,0.08,-0.7,21,0.17,1,0,0.06,0.12,-0.99,1,0,1,-7.99E+08,1,1.85,95.37,1.22,0,0,0.12,0.19,1.26,0,3.30E+07,-0.31,0,0.16,0,0.19,6.26,99.7,0,0,1,-0.07,-0.08,-0.08,0,-0.03,-0.14,0,0,0,0,0,0,0,1.24,-0.15,0.35,0.67,-0.01,0,-0.17,-0.17,0,0,0,0,0,0,0,0.13,0,0,0,0,0,1,-0.1,0,0,0,0,0,0,0,-0.22,0,0,0,0,0,0,0,0,0,0,0,0,0,0,0,0,0,1
5651,NON-FINANCIAL CORPORATION,UNSPECIFIED,Banking Center,Other Service Activities,UNSPECIFIED,5/31/2022,3.18E+07,1,1,4.27E+07,0,1,5280723.16,1443125.09,384615.38,0,1,2,5697173.03,1.26E+07,0,-4610959.65,238,-6639920.76,0.88,0,0.32,0.47,-0.07,5.62,5.62,0,0.88,0.03,0.02,0.67,0.98,0.03,0.51,1.33,0.01,0.08,0.03,0.97,0,0.16,-0.23,0.02,0.56,0,-0.71,0.95,0.03,0.11,0.89,0,0,3,0,0.42,-0.1,0.02,3,0.23,-0.14,0.01,0,-0.1,0.05,0.63,-0.71,-0.5,-0.3,4.09,-0.15,-0.61,53,-0.08,0.18,0,-0.02,0.1,-0.28,0.31,0,0.23,-30000,1.5,-0.9,0.55,0.23,0,0,-0.44,0.18,0.23,0,2418031.3,-0.61,0,-0.22,0,0.23,-0.86,1.4,0,0,0,0.18,-0.16,0,0,0.09,-0.14,0,0,0,0,0,0,0,0.53,-0.1,-0.27,0,-0.59,0,0.06,0.07,0,0,0,0,0,0,0,-0.33,0,0,0,0,0,0,-0.57,0,0,0,0,0,0,0,-0.3,0,0,0,0,0,0,0,0,0,0,0,0,0,0,0,0,0,1
4000,NON-FINANCIAL CORPORATION,UNSPECIFIED,Corp Bank,Real Estate Activities,UNSPECIFIED,5/31/2022,3500000,1,1,6.10E+07,0,0,5.95E+07,6347495.08,384615.38,0,1,0,577152.7,2.31E+07,0,-2.43E+07,177,-5.21E+07,6.62,0,4.71,6.27,-0.63,33.65,33.65,0.11,-0.54,0.74,0.74,0.39,-0.42,0.07,8.75,0.39,0.14,-0.02,0.74,0.49,1,-0.07,-0.25,0.2,0.18,0,-0.7,-0.5,0.36,-0.01,3.13,0,0,4,0,33.65,0.07,0.07,1,1.08,0.04,41.62,0,-0.65,0.47,2.26,-0.19,1,21.65,41.62,16.73,-0.85,268,0.49,0.29,0,0.27,1.27,1.14,0.6,0,1.08,-146373.86,0.6,53.35,0.73,36.57,0,0,24.13,3.21,19.33,0,3843542.23,113.48,0,10.74,0,4.36,33.92,0.73,0,0,0,2.93,0.12,0.06,0,1,0.04,0,0,0,0,0,0,0,1.36,-0.65,0.03,0,27.21,0,-0.09,0.73,0,0,0,0,0,0,0,0.12,0,0,0,0,0,0,0.04,0,0,0,0,0,0,0,0.12,0,0,0,0,0,0,0,0,0,0,0,0,0,0,0,0,0,1
9957,SOLE PROPRIETORSHIP,UNSPECIFIED,Retail/BBG Commercial,Wholesale and Retail trade; Repair of Motor Vehicles and Motorcycles,UNSPECIFIED,5/31/2022,0,0,0,1.73E+08,0,1,6.98E+07,5421609.33,38461.54,0,1,0,0,37155,0,-4755130,59,-4.23E+07,-0.04,0,15.48,0.67,0.86,2.71,1.17,0.27,3.93,0.56,0.54,0.47,20.57,0.87,0.09,0.47,0.43,0.44,0.57,0.5,0,0.43,-0.31,0.44,0.92,0,-0.95,27.92,0.08,0.55,1.87,0,1,0,0,0.08,0.87,0.31,1,1,0.03,0.14,1,0,0.13,1.87,-0.95,0,0.13,1.02,-0.43,-0.77,0,-0.1,0,0,0.08,0.1,1.87,-1,0,1,0,-1,11.76,0,8.38,0,0,-0.44,0.38,-0.17,0,4544277,0.27,0,-0.95,0,0.83,0.04,-1,0,0,0,0.1,-0.21,0.31,0,0.05,0.1,0,0,0,0,0,0,0,0.8,0,0,0,-0.94,0,0,0,0,0,0,0,0,0,0,-0.14,0,0,0,0,0,0,-0.18,0,0,0,1,0,0,0,-0.38,0,0,0,0,0,0,0,0,0,0,0,0,0,0,0,0,0,1
4023,NON-FINANCIAL CORPORATION,UNSPECIFIED,Corp Bank,"Electricity, Gas, Steam and Air Conditioning supply",UNSPECIFIED,5/31/2022,0,0,0,2684277.79,0,0,1.12E+07,766666.67,7.60E+08,0,1,0,0,0,0,0,17,-3.38E+07,0,0,0,0,0.06,10194.99,5281.9,-0.02,-0.61,0.01,-0.12,0,-0.61,0.08,0,-1,-0.04,-0.05,0.05,2,2,-0.12,-0.5,-0.07,0.08,0,-1,-0.58,0,-0.07,-1,0,0,0,0,5281.9,-0.02,-0.13,0,0,0,73.29,0,-0.02,0,0,3.78,0,37.94,73.29,2642.84,-1,0,2,0,0,0,3,0,0,0,0,0,0,0,0,0.6,0,0,775.67,0,1.13,0,0,265.65,0,13948.85,0,3,20918.92,0,0,0,0,1,0.75,-0.13,0,1.25,3,0,0,0,0,0,0,0,3,-0.62,-0.25,0,25233.13,0,0,-0.5,0,0,0,0,0,0,0,0.5,0,0,0,0,0,0,0,0,0,0,0,0,0,0,0.5,0,0,0,0,0,0,0,0,0,0,0,0,0,0,0,0,0,1
5538,NON-FINANCIAL CORPORATION,UNSPECIFIED,Retail/BBG Commercial,Financial and Insurance Activities,UNSPECIFIED,5/31/2022,4190745.48,0,0,1734316.34,0,0,1679383.04,0,7692307.77,0,1,1,0,0,0,0,61,0,661.77,0,0,0,0,3309.85,3309.85,-0.09,0,0,0,0,0,-1,0,0,-0.12,0,0,0,0,0,-1,-0.2,-1,0,-1,0,0,0,0,0,0,0,0,3309.85,0,-0.99,0,0,-0.2,-1,0,-1,0,0,-1,0,0,-1,1654.42,-1,0,0,0,0,0,-1,0,0,0,0,0,0,0,0,0,0,0,0,0,-1,0,0,0,0,-1,0,0,-1,0,0,0,0,0,-0.5,-0.99,0,0,0,0,0,0,0,0,0,0,-1,-1,-1,0,-1,0,0,-1,0,0,0,0,0,0,0,-1,0,0,0,0,0,0,-1,0,0,0,0,0,0,0,-1,0,0,0,0,0,0,0,0,0,0,0,0,0,0,0,0,0,1
8874,SOLE PROPRIETORSHIP,UNSPECIFIED,Retail/BBG Commercial,Other Service Activities,UNSPECIFIED,5/31/2022,0,0,0,4646785.26,0,0,844800.51,331511.09,38461.54,0,1,1,0,0,0,0,67,0,-0.03,0,0.76,0.58,-0.08,0.99,0.74,0.03,0.17,0.07,0.06,1,0.34,0.1,0.58,1,0.03,0.01,0.07,1,0,0.04,-0.29,0.04,0.18,0,-0.61,0.07,0.21,0.04,0,0,0,0,0,-0.21,0.1,0.02,0,0,0.03,2.36,0,-0.16,0.24,0,-0.61,0,0.83,2.36,-0.41,-0.85,0,-0.22,0,0,0.37,1.33,0,-1,0,0,0,-1,0.36,0,-0.32,0,0,-0.45,-0.25,-0.7,0,96800,-0.01,0,-0.54,0,-0.25,-0.55,-1,0,0,0,0,-0.25,0.01,0,0.38,-0.25,0,0,0,0,0,0,0,2,-0.16,-0.5,2.42,-0.7,0,0,-0.57,0,0,0,0,0,0,0,-0.55,0,0,0,0,0,3,-0.17,0,0,0,0,0,0,0,-0.44,0,0,0,0,0,0,0,0,0,0,0,0,0,0,0,0,0,1
7417,NON-FINANCIAL CORPORATION,UNSPECIFIED,Retail/BBG Commercial,Financial and Insurance Activities,UNSPECIFIED,5/31/2022,0,0,0,150177.3,0,0,0,0,1230769.23,0,1,0,0,0,0,0,47,0,0,0,0,0,0,0,0,0,0,0,0,0,0,0,0,0,0,0,0,0,1,0,0,0,0,0,0,0,0,0,0,0,0,0,0,0,0,0,0,0,0,0,0,0,0,0,0,0,0,0,0,0,0,0,0,0,0,0,0,0,0,0,0,0,0,0,0,0,0,0,0,0,0,0,0,0,0,0,0,0,0,0,0,0,0,0,0,0,0,0,0,0,0,0,0,0,0,0,0,0,0,0,0,0,0,0,0,0,0,0,0,0,0,0,0,0,0,0,0,0,0,0,0,0,0,0,0,0,0,0,0,0,0,0,0,0,0,0,0,0,0,0,0,0,0,1
3590,NON-FINANCIAL CORPORATION,UNSPECIFIED,Retail/BBG Commercial,Information and Communication,UNSPECIFIED,5/31/2022,2191918.29,1,1,2194323.24,0,0,1463702.89,0,769230.77,0,1,1,0,0,0,0,89,0,0,0,0,0,0,-1,-1,0,0,0,0,0,0,0,0,0,0,0,0.01,-0.67,0,0,-0.67,0,0,0,-1,0,0,0,0,0,0,0,0,-1,0,0,0,0,0,-1,0,0,0,0,-1,0,0,-1,0,-1,0,-0.67,0,0,0,-1,0,0,0,0,0,0,0,0,0,0,0,0,0,0,0,0,0,0,0,0,0,0,0,0,0,0,0,0,0,0,0,0,0,0,0,0,0,0,0,-1,0,0,0,0,0,0,-1,0,0,0,0,0,0,0,0,0,0,0,0,0,0,0,0,0,0,0,0,0,0,0,0,0,0,0,0,0,0,0,0,0,0,0,0,0,0,0,0,1
7778,NON-FINANCIAL CORPORATION,UNSPECIFIED,Banking Center,Construction,UNSPECIFIED,5/31/2022,0,0,0,1700894.17,0,0,22328.4,123066.67,769230.77,0,1,0,0,0,66618.75,0,58,-66892.38,0,4,2.44,3.11,-0.08,180.8,180.8,-0.05,-0.15,0.1,-0.03,0,0.02,-0.01,4.56,0,0.01,0.02,0.1,0,1,-0.03,-1,0.03,0.01,0,-1,-0.15,0.1,0.01,-1,0,0,0,0,180.8,-0.01,-0.04,0,-1,0,0.84,0,-0.07,0.18,0,-1,0,0.11,23.42,89.9,-0.93,0,0,0,0,0.1,0,0,0,0,0,0,0,-0.93,0,0.69,0,0,0.41,-0.33,-1,0,0,-0.29,0,-1,0,0,-1,0,0,0,0,0,-0.5,-0.04,0,0,0,0,0,0,0,0,0,0,1.5,-0.08,-1,0,-1,0,0,0,0,0,0,0,0,0,0,-1,0,0,0,0,0,0,-1,0,0,0,0,0,0,0,-1,0,0,0,0,0,0,0,0,0,0,0,0,0,0,0,0,0,1
4738,PARTNERSHIP,UNSPECIFIED,Retail/BBG Commercial,"Professional, Scientific & Technical Activities",UNSPECIFIED,5/31/2022,0,0,0,2286914.93,0,0,4204517.05,5930070.91,307692.31,0,1,1,557039.04,1886904.37,0,-7500000,37,-2.67E+07,0.06,0,0.73,-0.03,0.01,5.18,0.76,-0.04,-0.28,-0.03,-0.3,0.66,-0.77,0.19,-0.09,0.66,-0.07,0.07,0.23,0.43,1,-0.04,-0.25,-0.2,0.19,0,-0.31,-0.51,0.08,-0.08,2.64,0,0,40,0,0.01,0.19,-0.44,0,0.5,0.03,0.4,0,-0.16,0,-0.17,-0.2,7,0.08,0.4,-0.1,-0.8,67,0.04,0.04,0,0,-0.03,-0.24,0.33,0,-0.07,-8038256.92,0.33,-0.33,4.98,-0.84,0,0,-0.75,-0.07,-0.89,0,1.16E+07,0.08,0,0.03,0,-0.2,-0.26,10.9,0,0,0,-0.08,-0.11,-0.44,0,-0.04,-0.16,0,0,0,0,0,0,0,1.32,-0.36,0,24.58,-0.19,0,-0.17,-0.06,0,0,0,0,0,0,0,0.04,0,0,0,0,0,26.67,0.01,0,0,0,0,0,0,0,-0.22,0,0,0,0,0,0,0,0,0,0,0,0,0,0,0,0,0,1
7652,NON-FINANCIAL CORPORATION,UNSPECIFIED,Corp Bank,Real Estate Activities,UNSPECIFIED,5/31/2022,4.30E+08,1,1,6.12E+08,0,0,1.19E+08,1.57E+07,1.23E+09,0,1,1,0,0,0,0,231,-8.00E+07,4.7,0,0,0,-0.3,1802.44,24.28,0.2,-0.01,3.27,0,0.36,0.54,-0.01,21.71,228,0.33,0.49,3.27,11.5,1,0.02,-0.17,0.5,0.3,0,-0.96,16.82,0,0.07,8,0,0,0,0,0.29,-0.29,0,0,0,0.02,52.09,0,-0.29,0,-1,-0.96,0,25.54,58.16,-0.34,-1,0,0.35,0,0,-0.05,0.1,-1,0,0,-1,0,0,0,0,0,0,0,0.09,0,22.27,0,0,-0.94,0,0.14,0,0,56.45,0,0,0,0,0,0.09,-0.75,0,0,-0.27,0,0,0,0,0,0,0,8,-0.29,21.32,0,-0.95,0,0,-0.09,0,0,0,0,0,0,0,31.62,0,0,0,0,0,0,0.03,0,0,0,0,0,0,0,0.12,0,0,0,0,0,0,0,0,0,0,0,0,0,0,0,0,0,1
1537,NON-FINANCIAL CORPORATION,UNSPECIFIED,Retail/BBG Commercial,Real Estate Activities,Active,5/31/2022,0,0,0,3285697.28,0,0,496995.16,701182.58,1538461.54,0,1,0,0,0,0,0,6,-464728.26,0,0,0,0,0.19,9.39,-1,0,1.73,1.24,0.26,-1,0,0.22,0.48,1,0,0,33.41,2,1,0.31,-1,0.39,1.4,0,-1,0,0,0,1.71,0,0,0,0,-1,-0.03,0.06,0,0.63,0,1.71,0,-0.03,0,1.71,-1,0,0.52,1.71,0,-0.84,0,-1,0,0,0.07,-0.09,-0.67,0,0,-0.09,0,0,0,0,0,0,0,-0.36,0,0,0,0,-0.1,0,-0.52,0,0,0,0,0,0,0,-0.23,0,0.06,0,-0.12,0.11,0,0,0,0,0,0,0,0.63,-0.03,0,0,2370.9,0,0,-0.15,0,0,0,0,0,0,0,0,0,0,0,0,0,0,-0.67,0,0,0,0,0,0,0,0,0,0,0,0,0,0,0,0,0,0,0,0,0,0,0,0,0,1
259,NON-FINANCIAL CORPORATION,UNSPECIFIED,Retail/BBG Commercial,Real Estate Activities,Active,5/31/2022,0,0,0,706106.8,0,0,670993.69,0,384615.38,0,1,0,0,0,0,0,11,0,0,0,0,0,18.17,-1,-1,0.97,18.18,3.03,3.03,0,18.18,18.17,0,-1,0.41,2.92,7,-1,1,3.63,-1,0.61,18.17,0,-1,286.73,0,2.27,0,0,0,0,0,-1,0,0,0,0,0,0,0,0,0,0,-1,0,0,0,0,0,1,-1,0,0,0,0,0,0,0,0,0,0,0,0,0,0,0,0,0,99798.77,0,100,0,0,99798.77,0,0,19.13,0,0,0,0,0,0,0,0,0,0,0,0,0,0,0,0,0,0,0,2,0,101972.72,0,0,0,0,0,0,0,0,0,0,0.5,0,0,0,0,0,0,2,0,0,0,0,0,0,0,2,0,0,0,0,0,0,0,0,0,0,0,0,0,0,0,0,0,1
9750,NON-FINANCIAL CORPORATION,UNSPECIFIED,Retail/BBG Commercial,Other Service Activities,Active,5/31/2022,0,0,0,827564.52,0,0,2850500,2850500,0,0,1,0,0,0,0,0,0,0,0,0,0,0,0,0,0,0,0,0,0,0,0,0,0,0,0,0,0,0,1,0,0,0,0,0,0,0,0,0,0,0,0,0,0,0,0,0,0,0,0,0,0,0,0,0,0,0,0,0,0,0,0,0,0,0,0,0,0,0,0,0,0,0,0,0,0,0,0,0,0,0,0,0,0,0,0,0,0,0,0,0,0,0,0,0,0,0,0,0,0,0,0,0,0,0,0,0,0,0,0,0,0,0,0,0,0,0,0,0,0,0,0,0,0,0,0,0,0,0,0,0,0,0,0,0,0,0,0,0,0,0,0,0,0,0,0,0,0,0,0,0,0,0,0,1
9278,NON-FINANCIAL CORPORATION,UNSPECIFIED,UNSPECIFIED,UNSPECIFIED,UNSPECIFIED,5/31/2022,0,0,0,0,0,0,0,0,0,0,0,0,0,0,0,0,0,0,0,0,0,0,0,0,0,0,0,0,0,0,0,0,0,0,0,0,0,0,0,0,0,0,0,0,0,0,0,0,0,0,0,0,0,0,0,0,0,0,0,0,0,0,0,0,0,0,0,0,0,0,0,0,0,0,0,0,0,0,0,0,0,0,0,0,0,0,0,0,0,0,0,0,0,0,0,0,0,0,0,0,0,0,0,0,0,0,0,0,0,0,0,0,0,0,0,0,0,0,0,0,0,0,0,0,0,0,0,0,0,0,0,0,0,0,0,0,0,0,0,0,0,0,0,0,0,0,0,0,0,0,0,0,0,0,0,0,0,0,0,0,0,0,0,1
8949,NON-FINANCIAL CORPORATION,UNSPECIFIED,UNSPECIFIED,UNSPECIFIED,UNSPECIFIED,5/31/2022,0,0,0,0,0,0,0,0,0,0,0,0,0,0,0,0,0,0,0,0,0,0,0,0,0,0,0,0,0,0,0,0,0,0,0,0,0,0,0,0,0,0,0,0,0,0,0,0,0,0,0,0,0,0,0,0,0,0,0,0,0,0,0,0,0,0,0,0,0,0,0,0,0,0,0,0,0,0,0,0,0,0,0,0,0,0,0,0,0,0,0,0,0,0,0,0,0,0,0,0,0,0,0,0,0,0,0,0,0,0,0,0,0,0,0,0,0,0,0,0,0,0,0,0,0,0,0,0,0,0,0,0,0,0,0,0,0,0,0,0,0,0,0,0,0,0,0,0,0,0,0,0,0,0,0,0,0,0,0,0,0,0,0,1
4740,FINANCIAL CORPORATION (NON-BANK),UNSPECIFIED,UNSPECIFIED,UNSPECIFIED,UNSPECIFIED,5/31/2022,0,0,0,0,0,0,0,0,0,0,0,0,0,0,0,0,0,0,0,0,0,0,0,0,0,0,0,0,0,0,0,0,0,0,0,0,0,0,0,0,0,0,0,0,0,0,0,0,0,0,0,0,0,0,0,0,0,0,0,0,0,0,0,0,0,0,0,0,0,0,0,0,0,0,0,0,0,0,0,0,0,0,0,0,0,0,0,0,0,0,0,0,0,0,0,0,0,0,0,0,0,0,0,0,0,0,0,0,0,0,0,0,0,0,0,0,0,0,0,0,0,0,0,0,0,0,0,0,0,0,0,0,0,0,0,0,0,0,0,0,0,0,0,0,0,0,0,0,0,0,0,0,0,0,0,0,0,0,0,0,0,0,0,1
8219,NON-FINANCIAL CORPORATION,UNSPECIFIED,Retail/BBG Commercial,Transportation and Storage,UNSPECIFIED,1/31/2022,0,0,0,3.72E+07,0,1,3645423.98,342445.42,1153846.15,0,1,1,0,0,0,0,348,-1.94E+07,-0.22,0,-0.05,-0.06,0.07,0.93,0,0.19,0.34,0.16,0.11,0.4,1.47,0.05,-0.11,2,0.16,0.17,0.3,0.42,0,0.06,-0.28,0.13,0.13,0,-0.48,3.72,0.02,0.12,0.34,0,0,20,0,0,0.01,0.08,1,0.83,-0.07,-0.26,0,0.01,0.02,0.34,-0.48,4,-0.27,0.25,-0.24,-0.28,78,0.42,0.76,0,-0.01,0.29,-0.39,0.76,0,0.83,-2993235.86,0.76,-0.66,0.19,-0.64,0,0,-0.51,0.03,-0.49,0,1.15E+07,-0.46,0,-0.75,0,-0.03,-0.74,2.34,0,0,0,0.15,0.07,0.08,0,0.09,-0.15,0,0,0,0,0,0,0,0.3,0.01,-0.24,0.08,-0.48,0,-0.45,-0.11,0,0,0,0,0,0,0,-0.57,0,0,0,0,0,0,-0.41,0,0,0,0,0,0,0,0.02,0,0,0,0,0,0,0,0,0,0,0,0,0,0,0,0,0,1
5000,NON-FINANCIAL CORPORATION,UNSPECIFIED,Banking Center,Human Health and Social Work Activities,UNSPECIFIED,1/31/2022,2.50E+07,1,1,6.40E+07,0,0,3.00E+07,3944721.08,7692.31,0,1,1,2714763.12,2714763.12,0,-2.26E+07,40,-1.09E+08,0.3,0,0.41,0.53,-0.01,2.02,2.02,0.13,0.52,0.04,0.04,0.26,0.86,0.04,0.72,0.5,0.03,0.06,1.28,0.28,2,0.09,0,-0.01,0.21,0,-0.63,0.8,0,0.08,1.62,0,0,14,0,0.04,-0.05,0.04,0,0.13,0.08,0.27,0,-0.05,0,0.07,-0.63,2.67,-0.23,4.19,-0.29,-0.74,65,0.08,0,0,-0.02,0.06,-0.47,0.16,0,0.07,-5416273.06,0.16,0.62,0.16,0.66,0,0,0.45,-0.02,0.52,0,1.09E+08,-0.66,0,0.27,0,-0.05,0.44,0.27,0,0,0,-0.11,0.04,-0.15,0,-0.05,-0.12,0,0,0,0,0,0,0,0.16,-0.05,0.22,0,-0.61,0,-0.05,-0.16,0,0,0,0,0,0,0,0,0,0,0,0,0,0,0.41,0,0,0,0,0,0,0,0.08,0,0,0,0,0,0,0,0,0,0,0,0,0,0,0,0,0,1
8897,NON-FINANCIAL CORPORATION,UNSPECIFIED,Corp Bank,Mining and Quarrying,UNSPECIFIED,1/31/2022,2.00E+08,1,1,1.45E+09,1,2,3.09E+09,2029322.87,1.08E+08,1,1,0,7510850.99,3.22E+07,1.35E+09,-8.86E+09,348,-2.29E+08,0.39,106,0.43,0.4,-0.84,2.77,2.77,0.08,-0.8,0.21,-0.01,-1,-0.69,-0.59,0.14,-1,0.14,0.21,1.05,1.23,0,-0.19,-0.41,0.03,0.24,0,-0.37,0.99,0.07,-0.05,19.41,0,0,4,1,2.77,-0.6,-0.22,3,-1,-0.17,0.89,0,-0.6,0.03,-1,-0.28,0.4,0.48,0.89,1.24,-0.45,21,-0.19,-0.17,0,-0.12,-0.12,-1,1,0,-1,-2128524.73,1,15.53,0.33,6.37,0,0,0.23,0.51,4.61,0,7.68E+08,1.04,0,0.45,0,-0.04,12.59,4.54,0,0,0,-0.41,-0.3,-0.22,0,-0.22,-0.52,0,0,0,0,0,0,0,0.65,-0.6,-0.1,0.17,1.7,0,-0.4,-0.33,0,0,0,0,0,0,0,0.4,0,0,0,0,0,0.67,-0.64,0,0,0,0,0,0,0,-0.52,0,0,0,0,0,0,0,0,0,0,0,0,0,0,0,0,0,1
9201,NON-FINANCIAL CORPORATION,UNSPECIFIED,Retail/BBG Commercial,Administrative and Support Service Activities,UNSPECIFIED,1/31/2022,3108462.81,0,1,1.91E+07,1,1,9893282.91,265566.67,384615.38,1,1,0,0,0,84480.95,-4360659.94,94,-703099.09,0.14,18,0.05,0.11,0.46,4.1,0.81,0.09,4.45,0.19,0.18,0,8.77,0.3,0.05,0,0.08,0.24,0.5,1.43,1,0.42,-0.28,0.15,0.75,0,-0.48,3.18,0,0.41,0.57,0,0,0,0,0.08,0.3,0.18,1,2,0.03,0.46,0,0.12,0.02,0.02,-0.48,0,-0.13,0.76,-0.2,-0.72,7,0.15,-0.5,0,-0.04,0.03,-0.24,0.5,0,0,0,0.5,-0.63,1.54,-0.42,0,0,-0.48,-0.25,1.05,0,2.44E+07,-0.59,0,0.2,0,-0.14,0.56,2.28,0,0,0,-0.23,-0.06,0.09,0,-0.11,-0.29,0,0,0,0,0,0,0,0.6,0.12,1.14,5.58,-0.44,0,-0.5,-0.25,0,0,0,0,0,0,0,1.5,0,0,0,0,0,3.67,-0.06,0,0,0,0,0,0,0,-0.17,0,0,0,0,0,0,0,0,0,0,0,0,0,0,0,0,0,1
1702,NON-FINANCIAL CORPORATION,UNSPECIFIED,Banking Center,Other Service Activities,UNSPECIFIED,1/31/2022,3333333.33,1,1,9663397.65,0,1,665928.01,105483.33,1153846.15,0,1,1,0,0,0,-1000000,145,-7000000,0.96,0,6.42,8.57,0.12,21.98,5.12,0.18,-0.18,0.39,-0.03,0,-0.81,0.08,0.31,1,0.08,0.16,0.54,0.19,1,-0.03,-0.16,0.01,0.08,0,-0.77,0.11,0.02,-0.16,-1,0,0,0,0,1.23,0.08,-0.09,1,-1,-0.03,-0.12,0,0.03,0.02,0,-0.77,0,-0.42,3.34,0.23,-0.98,11,-0.08,-0.2,0,-0.02,0,0,0.67,0,0,0,1,-0.75,-0.4,-0.75,0,0,-0.98,0,-0.4,0,272385,-0.75,0,-0.11,0,0,-0.36,3.33,0,0,0,0,-0.12,-0.17,0,0,-0.13,0,0,0,0,0,0,0,0.33,-0.32,-0.17,0,-0.49,0,-0.5,0,0,0,0,0,0,0,0,-0.14,0,0,0,0,0,0,-0.2,0,0,0,0,0,0,0,-0.23,0,0,0,0,0,0,0,0,0,0,0,0,0,0,0,0,0,1
1463,NON-FINANCIAL CORPORATION,UNSPECIFIED,Banking Center,Real Estate Activities,UNSPECIFIED,1/31/2022,0,0,0,413080.81,0,0,1030393.48,397669.92,7692307.69,0,1,0,606690,2.59E+07,280288.28,0,27,-3639861.14,1.19,9,5.14,0.1,-0.5,121.11,5.67,-0.05,-0.28,0.04,-0.1,6,-0.35,-0.09,0.36,6,-0.08,0.09,0.11,3,1,0.2,-0.38,-0.08,2.06,0,-0.59,-0.61,0.01,0.16,8.03,0,0,0,0,0.95,-0.09,-0.16,0,-0.25,0.62,0.06,0,-0.45,0.02,-0.48,-0.59,-1,0.03,1.93,0.18,-0.4,0,0.4,0,0,0.13,0.83,-0.48,0,0,-0.25,-14065.07,0,0.07,0,-0.96,0,0,1.25,-0.25,-0.96,0,0,0.07,0,2.55,0,-0.14,0.22,0,0,0,0,0.5,0.01,-0.16,0,0.33,0.5,0,0,0,0,0,0,0,0.83,-0.53,-0.36,0,-0.19,0,0,-0.18,0,0,0,0,0,0,0,0.17,0,0,0,0,0,0,1.33,0,0,0,0,0,0,0,-0.13,0,0,0,0,0,0,0,0,0,0,0,0,0,0,0,0,0,1
5061,NON-FINANCIAL CORPORATION,UNSPECIFIED,Retail/BBG Commercial,Human Health and Social Work Activities,UNSPECIFIED,1/31/2022,0,0,0,2203421.64,0,0,371119.22,439530.44,384615.38,0,1,2,0,200000,0,0,160,-4808954.71,0.17,0,1.82,2.52,0.07,1.58,1.58,0,-0.48,0.02,-0.09,0.62,-0.41,0.05,3.86,0.62,-0.02,-0.02,0.08,0.86,0,-0.1,-0.58,-0.06,0.05,0,-0.39,-0.3,0.12,-0.04,25.88,0,0,0,0,0,0.05,-0.11,1,1.5,0.02,0.49,0,0.02,0.12,0.55,-0.25,0,0.03,20.57,-0.12,-0.88,4,-0.05,0,0,0.22,0.22,-0.47,2,0,0,0,2,-0.31,0.09,-0.08,0,0,0.28,0.38,-0.49,0,55800,-0.16,0,0.09,0,0,-0.2,1.69,0,0,0,-0.27,-0.31,-0.11,0,-0.09,0.83,0,0,0,0,0,0,0,1,-0.46,-0.62,0,-0.25,0,-1,-0.4,0,0,0,0,0,0,0,-0.38,0,0,0,0,0,0,-0.43,0,0,0,0,0,0,0,-0.6,0,0,0,0,0,0,0,0,0,0,0,0,0,0,0,0,0,1
383,NON-FINANCIAL CORPORATION,UNSPECIFIED,Corp Bank,Other Service Activities,UNSPECIFIED,1/31/2022,0,0,0,4510142.83,0,0,1.53E+07,4333333.33,7692307.69,0,1,0,0,0,0,0,34,0,0,0,0.73,0.88,0.1,15.67,1.86,0.28,-0.07,3.05,0.02,0,0.97,1.24,1.4,0,0.4,0.16,3.05,1,1,0.13,0,0.62,1.24,0,-1,0.18,0.1,0.23,0,0,0,0,0,1.86,-0.51,-0.01,0,0,0,1.26,0,-0.51,0.06,0,-0.63,0,0.28,5.57,0.61,-0.71,0,0,0,0,0.1,0.33,0,0,0,0,0,0,1.15,0,2.69,0,0,3.03,0.29,3,0,0,-0.34,0,1,0,0.13,0.91,0,0,0,0,-0.25,0,-0.02,0,-0.05,0.13,0,0,0,0,0,0,0,1,-0.51,1,0,0.05,0,0,-0.44,0,0,0,0,0,0,0,0,0,0,0,0,0,0,0,0,0,0,0,0,0,0,0,0,0,0,0,0,0,0,0,0,0,0,0,0,0,0,0,0,1
936,FINANCIAL CORPORATION (NON-BANK),UNSPECIFIED,Banking Center,Financial and Insurance Activities,UNSPECIFIED,1/31/2022,1.05E+07,0,0,1020632.9,0,1,4016723.3,4378333.33,7692307.69,0,1,3,0,0,0,-1.01E+07,312,-2.41E+07,-0.08,0,2.81,3.96,0.04,30.12,0.81,1.34,0.72,0.04,0.04,2.5,-0.81,0.08,-0.14,2.5,-0.22,0.17,16.22,2.25,0,0.34,-0.25,-0.29,2.03,0,-0.93,-0.56,0,0.08,-1,0,0,0,0,0.36,0.08,0.03,2,-1,0.26,0.28,0,-0.04,0,0,-0.22,0,0.06,0.61,0.07,-0.92,1,0,-1,0,-0.03,0,0,-1,0,0,0,-1,-0.89,-1,-0.57,0,0,-0.94,-0.03,-0.56,0,20,0.08,0,-0.92,0,-0.06,-0.89,-1,0,0,0,-0.03,-0.13,-0.92,0,-0.02,-0.17,0,0,0,0,0,0,0,0.13,-0.54,0.5,0.08,0.06,0,-1,-0.03,0,0,0,0,0,0,0,-0.25,0,0,0,0,0,0,0.2,0,0,0,0,0,0,0,-0.25,0,0,0,0,0,0,0,0,0,0,0,0,0,0,0,0,0,1
8262,NON-FINANCIAL CORPORATION,UNSPECIFIED,Retail/BBG Commercial,Education,UNSPECIFIED,1/31/2022,0,0,0,1784348.4,0,1,248981.58,0,0,0,1,0,12935.7,20935.7,0,0,35,0,0.34,0,0,0,0.24,2.48,2.42,0.23,0.98,0.26,0.18,0,3.68,0.12,0,0,0.23,0.18,0.29,1.58,1,0.15,-0.21,0.21,0.26,0,-0.41,5.18,0,0.22,0,0,0,0,0,2.42,0.1,0.16,0,0,0.18,0,0,0.1,0,0,-0.13,0,0,0,1.14,0,14,1.58,9,0,0,0,0,9,0,0,0,9,0,22.09,0,0,0,0,0,5.43,0,463843.9,0,0,0.43,0,0,5.93,22.09,0,0,0,0,0.69,0.16,0,0,0,0,0,0,0,0,0,0,0,0.09,2.06,0,1.96,0,-0.67,0,0,0,0,0,0,0,0,6,0,0,0,0,0,0,0.2,0,0,0,0,0,0,0,1.04,0,0,0,0,0,0,0,0,0,0,0,0,0,0,0,0,0,1
5095,FINANCIAL CORPORATION (BANK),UNSPECIFIED,Corp Bank,Financial and Insurance Activities,UNSPECIFIED,1/31/2022,0,0,0,3542546.3,2,1,8233457.79,0,3.88E+07,0,1,1,0,0,0,0,277,0,1588.99,0,3.13,3.67,2.57,13601.04,7928.8,0.03,1.81,0.28,0.28,0,2.96,1.22,5.33,-1,0.06,0.21,0.28,3,0,0.33,-1,0.12,1.22,0,-1,2.63,0.27,0.28,0,0,0,0,0,18.58,1.22,0.23,0,0,0.4,26.76,0,0.61,0.18,0,-1,0,12.92,26.76,8.79,-0.92,0,3,0,0,0.27,0.8,0,0,0,0,0,-1,1.09,0,0.76,0,0,0.71,1.5,-1,0,47.8,1.2,0,-1,0,0.43,-1,-1,0,0,0,1,1,0.02,0,0.46,1.5,0,0,0,0,0,0,0,2,-0.27,-1,0,-1,0,0,0.11,0,0,0,0,0,0,0,-1,0,0,0,0,0,0,-1,0,0,0,0,0,0,0,-1,0,0,0,0,0,0,0,0,0,0,0,0,0,0,0,0,0,1
5602,NON-FINANCIAL CORPORATION,UNSPECIFIED,Retail/BBG Commercial,Manufacturing,UNSPECIFIED,1/31/2022,2499088.73,0,1,3587470.92,2,1,66696.64,44444.44,692307.69,1,1,0,0,0,0,0,82,0,0,0,0,0,0.03,2223.2,2223.2,0,0,7.33,7.33,-1,0,0.03,0,-1,0.93,0,7.33,-0.33,1,0,-0.33,1.47,2.44,0,-1,0,0,0,0,0,0,0,0,2223.2,0,0,0,0,0,0,0,0,0,0,2223.2,0,0,-1,0,-1,0,-0.33,0,0,0,0,0,0,0,0,0,0,0,0,0,0,0,-1,0,0,0,0,0,0,-0.97,0,0,0,0,0,0,0,0,0,0,0,0,-1,0,0,0,0,0,0,0,-1,0,0,0,0,0,0,0,0,0,0,0,0,1,0,0,0,0,0,0,0,0,-0.5,0,0,0,0,0,0,0,0,0,0,0,0,0,0,0,0,0,0,0,0,0,0,0,0,0,1
7341,NON-FINANCIAL CORPORATION,UNSPECIFIED,Banking Center,Wholesale and Retail trade; Repair of Motor Vehicles and Motorcycles,UNSPECIFIED,1/31/2022,1833333.33,0,0,5.87E+07,0,0,1.57E+08,6.44E+07,7692307.69,0,1,0,3.78E+07,1.30E+08,563774.31,-2.68E+08,193,-3.23E+08,0.22,25,0.22,0.2,0.65,2.03,2.03,0.08,0.97,0.75,0.19,0.46,1.39,0.45,0.26,0.46,0.11,0.11,0.75,0.31,0,0.16,-0.02,0.16,0.45,0,-0.4,1.69,0.08,0.13,1.25,0,0,20,0,-0.08,0.14,0.09,0,0.95,0.07,0.12,1,0.14,0.11,0.12,-0.13,5,0.09,1.96,-0.11,-0.49,1018,0.2,0.43,0,0.16,-0.07,0.09,0.43,0,-0.05,-4.74E+07,0.43,0.46,4.14,0.16,0,0,0.19,0,0.01,0,8.40E+07,0.19,0,-0.01,0,0.05,0.31,4.14,0,0,0,-0.2,0.09,-0.33,0,-0.11,-0.02,0,0,0,0,0,0,0,1.59,-0.05,0.37,0.33,-0.2,0,0.2,-0.14,0,0,0,0,0,0,0,0.41,0,0,0,0,0,0,0.36,0,0,0,0,0,0,0,0.18,0,0,0,0,0,0,0,0,0,0,0,0,0,0,0,0,0,1
9587,NON-FINANCIAL CORPORATION,UNSPECIFIED,Retail/BBG Commercial,Transportation and Storage,UNSPECIFIED,1/31/2022,5678251.04,1,1,1.06E+07,0,1,1.26E+07,8999897.86,384615.38,0,1,1,143107.78,3004205.58,0,-1003564.66,126,-1.05E+07,-0.04,0,0.11,-0.03,0.01,1.49,0.27,0.16,-0.23,0.15,0.15,0.06,0.36,0.48,0.02,0.43,0.01,0.06,1.52,0.15,2,0.03,-0.34,0.03,0.48,0,-0.45,-0.49,0.04,0.16,180.33,0,0,281,0,0,0.48,0.01,0,12,-0.04,0.01,0,-0.31,0.02,2.66,-0.45,0.95,-0.24,0.42,-0.23,-0.48,2,0.05,-1,0,0.01,-0.12,-0.17,-1,0,0.55,-8.45E+07,0,0.49,-1,-0.45,0,0,-0.14,-0.01,-0.19,0,2750700.17,-0.48,0,-0.33,0,-0.17,0.25,1070.17,0,0,0,-0.35,-0.15,-0.11,0,-0.19,-0.25,0,0,0,0,0,0,0,0.82,-0.45,-0.31,0,-0.45,0,-1,-0.27,0,0,0,0,0,0,0,-0.12,0,0,0,0,0,0,-0.26,0,0,0,0,0,0,0,-0.31,0,0,0,0,0,0,0,0,0,0,0,0,0,0,0,0,0,1
5477,NON-FINANCIAL CORPORATION,UNSPECIFIED,Banking Center,Wholesale and Retail trade; Repair of Motor Vehicles and Motorcycles,UNSPECIFIED,1/31/2022,0,0,0,5553487.25,0,0,3978115.49,144432.24,384615.38,0,1,0,158957.86,1182009.58,0,0,126,-3.16E+07,0.03,0,0.6,0.69,-0.15,2.79,0.36,0.02,-0.42,0,-0.11,0.14,-0.22,0.06,0.04,1.5,0.06,0.1,0.39,0.15,0,-0.08,-0.08,-0.08,0.08,0,-0.2,0.36,0.04,0.05,1.22,0,0,0,0,-0.07,0.06,-0.26,2,0.18,0.01,0.03,1,-0.19,0.11,0.05,-0.2,-1,-0.03,0.93,-0.14,-0.49,450,0.12,0.08,0,-0.02,0.27,-0.11,0.18,0,0,-34000,0.18,0.4,-0.13,-0.18,0,0,-0.26,-0.31,-0.47,0,3.00E+07,-0.07,0,0.07,0,0.29,0.07,0.41,0,0,0,-0.18,0.02,-0.26,0,-0.04,-0.25,0,0,0,0,0,0,0,1.17,-0.42,0.2,0,-0.26,0,-0.08,-0.36,0,0,0,0,0,0,0,0.25,0,0,0,0,0,0,0.05,0,0,0,0,0,0,0,0.03,0,0,0,0,0,0,0,0,0,0,0,0,0,0,0,0,0,1
32,NON-FINANCIAL CORPORATION,UNSPECIFIED,Retail/BBG Commercial,"Agriculture, Forestry and Fishing",UNSPECIFIED,1/31/2022,0,0,0,6206836.68,0,0,6776651.45,2782587.49,1153846.23,0,1,0,1658555.58,4564807.31,0,0,47,-2.10E+07,0,0,0,0,-0.16,40.24,1.59,0.02,1,0.09,0.09,0,-0.01,-0.08,10.38,12,0.01,0.05,0.09,-0.11,2,0.19,-0.36,0.04,0.6,0,-0.47,0.18,0,0.05,188.96,0,0,35,0,0.14,-0.09,0.02,0,22,0,0.18,0,-0.09,0,0.5,-0.47,0.2,-0.01,47.81,-0.16,-0.21,5,-0.11,-1,0,3.34,0.08,-0.19,-0.13,0,0.15,-2374150.62,-0.13,420.52,-1,316.25,0,0,215.85,51,17.84,0,1221652,-0.07,0,0,0,103,410.96,0.47,0,0,0,0.06,-0.23,-0.03,0,0.03,33.67,0,0,0,0,0.89,0,0,15.43,-0.09,0.6,0,-0.39,0,-1,-0.02,0,0,0,0,0,0,0,7,0,0,0,0,0,0,0,0,0,0,0,0,0,0,-0.43,0,0,0,0,0,0,0,0,0,0,0,0,0,0,0,0,0,1
9602,NON-FINANCIAL CORPORATION,UNSPECIFIED,Banking Center,Wholesale and Retail trade; Repair of Motor Vehicles and Motorcycles,UNSPECIFIED,1/31/2022,0,0,0,2.99E+07,0,0,196397.53,4127778.91,1153846.15,0,1,0,0,350000,0,-2.00E+07,16,-6000000,129.88,0,0,0,-0.49,641.7,641.7,0.27,1.17,1.61,1.61,2,1.42,-0.27,0,2,0.34,0.25,1.61,1,1,0.4,0.5,0.49,2.23,0,-1,2.95,0,0.27,0,0,0,0,0,8.52,-0.27,0.05,0,0,0.47,-1,0,-0.3,0,0,0.15,0,0,-1,4.34,-1,0,1,0,0,0,-1,0,0,0,0,0,0,0,0,-1,0,0,0,0,-0.84,0,0,0,0,9.39,0,-1,13.21,0,0,0,0,0,0.75,0.05,0,0,0,0,0,0,0,0,0,0,0,-0.3,0.5,0,9.94,0,0,-1,0,0,0,0,0,0,0,2,0,0,0,0,0,0,2,0,0,0,0,0,0,0,2,0,0,0,0,0,0,0,0,0,0,0,0,0,0,0,0,0,1
1959,NON-FINANCIAL CORPORATION,UNSPECIFIED,Corp Bank,Real Estate Activities,UNSPECIFIED,1/31/2022,5.83E+07,1,1,3.14E+08,0,0,1.18E+09,8888888.89,384615.38,0,1,0,0,0,0,-2.00E+07,141,-2.20E+09,0,0,28.71,39.46,4.34,675,233.83,1.92,8.99,19.46,19.46,0,14.33,11.09,24.25,0,2.6,1.84,19.46,2,0,2.78,1.5,3.96,11.09,0,-1,12.66,0.25,2.36,-1,0,0,0,1,233.83,-0.56,-0.23,1,-1,0,85.98,0,-0.56,0.26,0,233.83,0,42.99,85.98,0,-0.97,0,1.5,0,0,0.27,1,0,0,0,0,0,0,1.47,0,144.09,0,0,96.86,1.4,704,0,0,85.65,0,351.5,0,1.4,2.48,0,0,0,0,1,0,-0.23,0,0.5,1.4,0,0,0,0,0,0,0,1.4,-0.67,4,0,0,0,0,0,0,0,0,0,0,0,0,1.5,0,0,0,0,0,0,4,0,0,0,0,0,0,0,0,0,0,0,0,0,0,0,0,0,0,0,0,0,0,0,0,0,1
6056,FINANCIAL CORPORATION (NON-BANK),UNSPECIFIED,Banking Center,Financial and Insurance Activities,Active,1/31/2022,0,0,0,2262868.15,0,0,253348.16,277777.78,0,0,1,0,9610,9610,0,-999750,11,0,0,0,0,0,0.15,1725.2,1725.2,0.33,-0.07,0.18,-0.01,0,15.5,0.15,0,-1,0.3,1.5,1.26,0,1,0,0,0.09,0.15,0,-1,12.86,0,2.08,0,0,0,0,0,1725.2,0,-0.03,0,0,0,0,0,0,0,0,-0.95,0,0,-1,862.12,-1,1,0,0,0,0,0,0,-1,0,0,0,-1,-1,0,0,0,-1200000,0,-1,0,0,1250000,0,0,0,0,0,-0.71,-1,0,0,0,0,0,-0.03,0,0,0,0,0,0,0,0,0,0,-1,-0.28,0,0,77.04,0,0,0,0,0,0,0,0,1,0,-0.67,0,0,0,0,0,0,0,0,0,0,0,0,0,0,0,0,0,0,0,0,0,0,0,0,0,0,0,0,0,0,0,0,1
8686,NON-FINANCIAL CORPORATION,UNSPECIFIED,Retail/BBG Commercial,Wholesale and Retail trade; Repair of Motor Vehicles and Motorcycles,UNSPECIFIED,1/31/2022,0,0,0,4323088.39,0,1,1259144.98,381873.16,384615.38,0,1,0,0,0,0,0,88,0,0.75,0,22.28,1.1,0.71,75.24,4.34,-0.16,1.39,0.03,0.03,2,-0.39,0.48,1.2,2,-0.15,-0.01,0.03,0.67,2,0.2,-1,-0.11,0.48,0,-1,-0.47,0.02,0,0,0,0,0,0,4.34,0.16,-0.05,0,0,-0.03,1.51,0,0.16,0.02,0,-1,0,0.31,5.29,1.67,-0.89,0,0.67,0,0,0.05,0,0,0,0,0,0,0,-0.91,0,-0.94,0,0,0.84,-0.17,-1,0,0,-0.73,0,-1,0,0,-1,0,0,0,0,0,-0.17,-0.22,1,0,0.25,0,0,0,0,0,0,0,0.4,-0.02,-1,0,-1,0,0,0,0,0,0,0,0,0,0,-1,0,0,0,0,0,0,-1,0,0,0,0,0,0,0,-1,0,0,0,0,0,0,0,0,0,0,0,0,0,0,0,0,0,1
9878,NON-FINANCIAL CORPORATION,UNSPECIFIED,Retail/BBG Commercial,Wholesale and Retail trade; Repair of Motor Vehicles and Motorcycles,UNSPECIFIED,1/31/2022,0,0,0,2668355.07,0,0,34788.16,122755.04,384615.38,0,1,0,0,0,0,0,271,0,0.12,0,4.55,4.84,-0.28,25.71,1.78,-0.02,-0.28,0,-0.01,1,-0.29,0.01,3.96,1,-0.01,-0.04,0,1,0,-0.06,-1,-0.01,0.01,0,-1,-0.36,0.19,-0.04,0,0,0,0,0,-0.22,0.01,-0.05,0,0,0,19.59,0,-0.28,0.25,0,-1,0,9.81,19.59,-0.61,-0.22,0,0.5,0,0,0.3,1.5,0,0,0,0,0,0,28.75,0,20.58,0,0,23.25,1.5,-1,0,0,20.42,0,-1,0,1.5,-1,0,0,0,0,1.5,-0.25,-0.05,0,0.75,1.5,0,0,0,0,0,0,0,1.5,-0.28,-1,0,-1,0,0,0,0,0,0,0,0,0,0,-1,0,0,0,0,0,0,-1,0,0,0,0,0,0,0,-1,0,0,0,0,0,0,0,0,0,0,0,0,0,0,0,0,0,1
7211,NON-FINANCIAL CORPORATION,UNSPECIFIED,Retail/BBG Commercial,Real Estate Activities,UNSPECIFIED,1/31/2022,0,0,0,718755.22,0,0,48.31,0,50961.54,0,1,0,0,0,0,0,76,0,0,0,0,0,0,-1,-1,0.07,0,0,0,0,0,0,0,0,0.03,0.07,0.23,-1,1,0,-1,0,0,0,-1,0.74,0,0,0,0,0,0,0,-1,0,0,0,0,0,0,0,0,0,0,-1,0,0,0,0,0,0,-1,0,0,0,0,0,0,0,0,0,0,0,0,0,0,0,0,0,0,0,0,0,0,0,0,0,-1,0,0,0,0,0,0,0,0,0,0,0,0,0,0,0,0,0,0,0,0,0,0,0,0,0,0,0,0,0,0,0,0,-1,0,0,0,0,0,0,0,0,0,0,0,0,0,0,0,0,0,0,0,0,0,0,0,0,0,0,0,0,0,0,0,0,1
2978,NON-FINANCIAL CORPORATION,UNSPECIFIED,UNSPECIFIED,UNSPECIFIED,UNSPECIFIED,1/31/2022,0,0,0,0,0,0,0,0,0,0,0,0,0,0,0,0,0,0,0,0,0,0,0,0,0,0,0,0,0,0,0,0,0,0,0,0,0,0,0,0,0,0,0,0,0,0,0,0,0,0,0,0,0,0,0,0,0,0,0,0,0,0,0,0,0,0,0,0,0,0,0,0,0,0,0,0,0,0,0,0,0,0,0,0,0,0,0,0,0,0,0,0,0,0,0,0,0,0,0,0,0,0,0,0,0,0,0,0,0,0,0,0,0,0,0,0,0,0,0,0,0,0,0,0,0,0,0,0,0,0,0,0,0,0,0,0,0,0,0,0,0,0,0,0,0,0,0,0,0,0,0,0,0,0,0,0,0,0,0,0,0,0,0,1
9653,NON-FINANCIAL CORPORATION,UNSPECIFIED,UNSPECIFIED,UNSPECIFIED,UNSPECIFIED,1/31/2022,0,0,0,0,0,0,0,0,0,0,0,0,0,0,0,0,0,0,0,0,0,0,0,0,0,0,0,0,0,0,0,0,0,0,0,0,0,0,0,0,0,0,0,0,0,0,0,0,0,0,0,0,0,0,0,0,0,0,0,0,0,0,0,0,0,0,0,0,0,0,0,0,0,0,0,0,0,0,0,0,0,0,0,0,0,0,0,0,0,0,0,0,0,0,0,0,0,0,0,0,0,0,0,0,0,0,0,0,0,0,0,0,0,0,0,0,0,0,0,0,0,0,0,0,0,0,0,0,0,0,0,0,0,0,0,0,0,0,0,0,0,0,0,0,0,0,0,0,0,0,0,0,0,0,0,0,0,0,0,0,0,0,0,1
1067,NON-FINANCIAL CORPORATION,UNSPECIFIED,UNSPECIFIED,UNSPECIFIED,UNSPECIFIED,1/31/2022,0,0,0,0,0,0,0,0,0,0,0,0,0,0,0,0,0,0,0,0,0,0,0,0,0,0,0,0,0,0,0,0,0,0,0,0,0,0,0,0,0,0,0,0,0,0,0,0,0,0,0,0,0,0,0,0,0,0,0,0,0,0,0,0,0,0,0,0,0,0,0,0,0,0,0,0,0,0,0,0,0,0,0,0,0,0,0,0,0,0,0,0,0,0,0,0,0,0,0,0,0,0,0,0,0,0,0,0,0,0,0,0,0,0,0,0,0,0,0,0,0,0,0,0,0,0,0,0,0,0,0,0,0,0,0,0,0,0,0,0,0,0,0,0,0,0,0,0,0,0,0,0,0,0,0,0,0,0,0,0,0,0,0,1
9986,NON-FINANCIAL CORPORATION,M,UNSPECIFIED,Other Service Activities,UNSPECIFIED,5/31/2023,2.84E+07,0,0,3.05E+07,0,1,1.39E+07,40333.33,384615.38,0,1,1,351000,351000,0,0,120,-5906161.23,4.14,0,2.47,3.39,5.48,11.72,11.72,-0.08,5.77,0.01,-0.38,0.25,6.75,2.21,5.33,0.5,-0.11,0.32,0.01,1.28,1,0.66,-0.29,-0.18,2.21,0,-0.91,6.68,0.03,0.44,4.97,0,0,16,0,11.72,1.02,-0.56,1,0.36,0.04,10.86,0,1.02,0.07,-0.28,-0.52,1,4.96,17.82,5.6,-0.94,83,0.09,0.1,0,-0.05,-0.09,-0.55,0.68,0,-0.21,-1.18E+07,2.07,-0.01,0.96,-0.06,0,0,-0.07,-0.09,7.83,0,1.96E+07,-0.28,0,12.47,0,0.24,6.91,3.86,0,0,0,-0.25,-0.1,-0.56,0,-0.13,-0.25,0,0,0,0,0,0,0,0.76,-0.11,0.06,0,5.12,0,-0.31,-0.18,0,0,0,0,0,0,0,-0.03,0,0,0,0,0,0,0.09,0,0,0,0,0,0,0,-0.23,0,0,0,0,0,0,0,0,0,0,0,0,0,0,0,0,0,1
4764,NON-FINANCIAL CORPORATION,M,UNSPECIFIED,Education,UNSPECIFIED,5/31/2023,0,0,0,1.26E+07,0,1,8945909.19,3089262.38,384615.38,0,1,1,454450.03,5977843.46,0,-3000000,199,-4.32E+07,-0.22,1,-0.01,-0.07,-0.5,1.24,0.38,0.02,-0.46,0.03,-0.1,0.25,-0.4,-0.05,-0.21,1.59,0.01,0.01,0.14,0.57,0,-0.08,-0.64,-0.03,0.12,0,-0.91,-0.15,-0.09,-0.03,0.92,0,0,97,0,-0.25,-0.48,-0.11,1,0.77,-0.03,-0.45,0,-0.48,-0.14,-0.61,-0.91,0.6,-0.49,0.34,-0.58,-0.52,140,0.57,0.23,0,-0.15,-0.52,-0.86,0.23,0,-0.53,-3.94E+07,0.29,-0.62,0.81,-0.66,0,-2202400,-0.78,-0.84,-0.95,0,8.92E+07,-0.74,0,-0.94,0,-0.84,-0.89,1.51,0,0,0,-0.84,-0.04,-0.11,0,-0.59,-0.76,0,0,0,0,0,0,0,0.43,-0.48,-0.55,0,-0.93,0,-0.76,-0.66,0,0,0,0,0,0,0,-0.4,0,0,0,0,0,0,-0.5,0,0,0,0,0,0,0,-0.44,0,0,0,0,0,0,0,0,0,0,0,0,0,0,0,0,0,1
5319,NON-FINANCIAL CORPORATION,M,Banking Center,UNSPECIFIED,UNSPECIFIED,5/31/2023,0,0,0,90248.54,0,0,545001.38,494666.67,76923.08,0,1,0,0,0,0,0,82,0,0.67,0,0.31,0.44,0.09,3.89,3.89,-0.01,-0.04,0,-0.01,1,-0.25,0.26,0.67,1,-0.02,-0.01,0.04,1,1,0.01,0,-0.03,0.26,0,-0.75,-0.24,0.02,-0.02,0,0,0,0,0,3.89,0.26,-0.03,0,0,0.03,3.87,0,-0.14,0.03,0,-0.75,0,1.56,3.87,1.57,-0.75,0,0,0,0,0.01,0.14,0,0,0,0,0,0,-0.34,0,-0.25,0,0,-0.17,0,-0.26,0,0,0.24,0,-0.19,0,0,-0.35,0,0,0,0,0.14,0,-0.06,0,0.07,0,0,0,0,0,0,0,0,0.63,-0.21,-0.33,0,0.22,0,0,0,0,0,0,0,0,0,0,-0.33,0,0,0,0,0,0,-0.33,0,0,0,0,0,0,0,0,0,0,0,0,0,0,0,0,0,0,0,0,0,0,0,0,0,1
4814,FINANCIAL CORPORATION (NON-BANK),C,UNSPECIFIED,Financial and Insurance Activities,Active,5/31/2023,0,0,0,1.95E+07,0,0,1001247.83,0,1538461.54,0,1,0,0,0,0,0,10,-1648705.75,0,0,0,1.94,0.13,-1,-1,0,0.09,0.08,0.01,0,0.07,0.14,0.23,0,0.02,0,0.41,-1,1,0.02,-1,0.01,0.14,0,-1,0,0,0.01,15.46,0,0,1,0,-1,-0.01,-0.01,0,0.33,0,0.37,0,-0.01,0.14,0.3,-1,-1,0.26,1.52,0,-0.65,1,-1,0,0,-0.03,0.25,0.25,0,0,0.33,-14200,0,0,0,-0.15,0,0,0.08,0,879.16,0,3000000,0.58,0,756.62,0,0.25,0,0,0,0,0,0.25,0,-0.01,0,0.13,-0.29,0,0,0,0,0,0,0,1,-0.02,0,0,800.39,0,0,0,0,0,0,0,0,0,0,0,0,0,0,0,0,0,0,0,0,0,0,0,0,0,0,0,0,0,0,0,0,0,0,0,0,0,0,0,0,0,0,0,1
8729,NON-FINANCIAL CORPORATION,B,Retail/BBG Commercial,Human Health and Social Work Activities,UNSPECIFIED,5/31/2023,0,0,0,2322414.48,0,1,35819.71,1466.67,384615.38,0,1,1,0,3200,0,-650000,242,-67778.37,5.85,0,2.91,3.96,-0.01,25.17,25.17,0,-0.04,-0.01,-0.01,1,-0.07,0,5.94,1,-0.01,-0.01,0,7,0,-0.01,-0.92,-0.01,0,0,-0.92,-0.06,0.21,-0.01,0.64,0,0,9,0,6.02,0,-0.01,1,1,1.33,0.53,0,-0.01,0.1,0.64,-0.92,1.5,0.12,31.17,2.55,-0.93,20,7,7,0,0.22,0.25,-1,7,0,1,-400479.39,7,-0.3,6.02,-0.16,0,0,-0.49,0.25,0.85,0,258467.05,0.07,0,0.18,0,-0.38,-0.73,6.02,0,0,1,0,3.04,-0.01,0,0.03,0.25,0,0,0,0,0,0,0,1.67,-0.03,0.33,0,-0.46,0,-0.91,-0.2,0,0,0,0,0,0,0,-0.64,0,0,0,0,0,0,-0.11,0,0,0,0,0,0,0,-0.38,0,0,0,0,0,0,0,0,0,0,0,0,0,0,0,0,0,1
1628,NON-FINANCIAL CORPORATION,B,Retail/BBG Commercial,Manufacturing,Active,5/31/2023,1.60E+07,0,0,592889.77,0,0,95007.33,888888.89,1161538.46,0,1,0,0,0,0,0,12,0,0,0,0,0,-0.49,10.39,-1,-0.07,0.22,0.06,0.02,0,4.49,0.32,0,-1,-0.08,2.55,0.28,1,1,5.62,-1,-0.18,29.24,0,-1,-0.97,0,3.76,0,0,0,0,0,-1,-0.62,0.02,1,0,0,-1,0,-0.62,0,0,-1,0,0,-0.96,0,-1,0,-1,0,0,0,-1,0,0,0,0,0,0,-1,0,-1,0,-1.85E+07,0,-1,-0.99,0,0,-1,0,4.29,0,-1,-1,0,0,0,0,-1,0,-0.92,0,0,0,0,0,0,0,0,0,0,1,-0.93,-0.75,0,4.19,0,0,-1,0,0,0,0,0,0,0,-0.92,0,0,0,0,0,0,-0.5,0,0,0,0,0,0,0,-0.5,0,0,0,0,0,0,0,0,0,0,0,0,0,0,0,0,0,1
1932,NON-FINANCIAL CORPORATION,B,Retail/BBG Commercial,UNSPECIFIED,UNSPECIFIED,5/31/2023,7574513.07,1,1,1.17E+07,0,0,2.61E+07,2.07E+07,0,0,1,0,0,2363945.73,1947676.98,0,124,-1654573.2,-0.01,36,0.1,0.14,0.26,0.72,0.67,-0.03,-0.24,0.02,0.02,0.71,0.1,0.19,-0.01,0.71,-0.04,0.03,0.02,0.33,0,-0.03,-0.05,0,0.19,0,-0.37,0.02,0.03,0.04,-1,0,0,0,0,0.67,0.06,0,1,-1,-0.04,1.04,1,0.06,0.05,-1,-0.37,0,0.3,1.04,0.15,-0.44,0,0.11,0,0,0.04,0.27,-1,0,0,-1,0,0,0.13,0,0.13,0,0,-0.49,0.08,0.21,0,0,0.14,0,-0.4,0,0.22,0.37,0,0,0,0,0.04,0.03,-0.02,0,0.05,0.03,0,0,0,0,0,0,0,0.41,-0.29,-0.16,0,0.05,0,0,-0.18,0,0,0,0,0,0,0,-0.09,0,0,0,0,0,0,-0.25,0,0,0,0,0,0,0,0.05,0,0,0,0,0,0,0,0,0,0,0,0,0,0,0,0,0,1
7905,NON-FINANCIAL CORPORATION,B,Retail/BBG Commercial,Real Estate Activities,Active,5/31/2023,1.19E+07,1,1,1.21E+07,0,0,8027627.59,0,7769230.77,0,1,0,0,0,0,0,14,0,0,0,0,0,0,-1,-1,0,0,0.01,0,0,0,0,0,0,0,0,0.01,-1,1,0,-1,0,0,0,-1,0,0,0,0,0,0,0,0,-1,0,0,0,0,0,-1,0,0,0,0,-1,0,0,-1,0,-1,1,-1,-1,0,0,-1,0,-1,0,0,0,-1,0,-1,0,0,0,-1,0,-1,0,100,-1,0,-1,0,0,-1,-1,0,0,0,-1,0,0,0,0,-1,0,0,0,0,0,0,0,-1,0,-1,0,-1,0,-1,-1,0,0,0,0,0,0,0,-1,0,0,0,0,0,0,-1,0,0,0,0,0,0,0,-1,0,0,0,0,0,0,0,0,0,0,0,0,0,0,0,0,0,1
4358,NON-FINANCIAL CORPORATION,B,Retail/BBG Commercial,Real Estate Activities,UNSPECIFIED,5/31/2023,0,0,0,6787905.2,0,0,2215019.57,1444120.58,2307692.31,0,1,0,0,0,0,0,65,-6729677.47,0,0,0,0,0.67,4.86,4.41,0,1.74,0.19,0.19,7,0.7,0.42,0,7,-0.01,0.06,0.19,7,2,0.28,-1,0.03,0.85,0,-1,0.18,0,0.12,3.68,0,0,0,0,-1,0.18,0.07,0,-1,0,0,0,0.18,0,0,-1,0,0,198.86,0,-1,1,-1,0,0,0,0,0,0,0,0,0,-1,1.35,0,-0.99,0,0,-1,0,2.08,0,89186.75,0,0,4.03,0,-0.5,3.12,0,0,0,0,0,0,-0.13,0,0,-0.86,0,0,0,0,0,0,0,11,-0.28,1.69,0,2.07,0,0,0,0,0,0,0,0,0,0,3.38,0,0,0,0,0,0,4,0,0,0,0,0,0,0,1.5,0,0,0,0,0,0,0,0,0,0,0,0,0,0,0,0,0,1
3366,NON-FINANCIAL CORPORATION,B,UNSPECIFIED,Wholesale and Retail trade; Repair of Motor Vehicles and Motorcycles,UNSPECIFIED,5/31/2023,1.05E+07,0,0,3.57E+07,0,0,8.25E+07,2.64E+07,1538461.54,0,1,1,0,0,0,-2.54E+07,38,-1.65E+07,0,0,0,14.08,0.03,0.86,0.2,0.07,0.01,-0.01,-0.02,0.5,-0.11,0.05,22.5,0.5,0.07,0,1.17,1,1,0,-0.33,-0.12,0.05,0,-1,-0.1,0,-0.01,16.01,0,0,171,0,0.2,0.05,-0.57,0,-1,0,0.06,0,-0.02,2.52,-1,-0.42,67,-0.22,107.94,-0.11,-1,3,0.2,1,0,4.18,-0.27,-1,1,0,-1,-2.22E+08,1,0,279,0.24,0,0,0.14,0,0.48,0,8430000,-0.47,0,-0.09,0,-0.46,15316.61,279,0,0,0,-0.59,-0.07,-0.57,0,-0.35,0.95,0,0,0,0,0,0,0,33,-0.02,0.33,0,-0.31,0,1,-0.43,0,0,0,0,0,0,0,3,0,0,0,0,0,0,0,0,0,0,0,0,0,0,-0.2,0,0,0,0,0,0,0,0,0,0,0,0,0,0,0,0,0,1
6313,NON-FINANCIAL CORPORATION,B,UNSPECIFIED,Information and Communication,Active,5/31/2023,0,0,0,1043402.97,0,0,69.04,0,153846.15,0,1,0,0,0,0,-10100,12,0,0,0,0,0,-0.01,-1,-1,0.41,-0.01,0,0,0,-0.01,0,0,0,0.06,0.54,3.51,-1,1,0,-1,0,0,0,-1,5.94,0,0,0,0,0,0,0,-1,-0.01,0,0,0,0,-1,0,-0.01,0,0,-1,0,0,-1,0,-1,0,-1,0,0,0,-1,0,0,0,0,0,0,0,0,0,0,0,0,0,-1,0,0,-1,0,-1,0,0,-1,-1,0,0,0,-1,0,0,0,0,0,0,0,0,0,0,0,0,-1,-0.01,-1,0,-1,0,0,-1,0,0,0,0,0,0,0,-1,0,0,0,0,0,0,-1,0,0,0,0,0,0,0,-1,0,0,0,0,0,0,0,0,0,0,0,0,0,0,0,0,0,1
2120,NON-FINANCIAL CORPORATION,UNSPECIFIED,UNSPECIFIED,UNSPECIFIED,UNSPECIFIED,5/31/2023,0,0,0,0,0,0,0,0,0,0,0,0,0,0,0,0,0,0,0,0,0,0,0,0,0,0,0,0,0,0,0,0,0,0,0,0,0,0,0,0,0,0,0,0,0,0,0,0,0,0,0,0,0,0,0,0,0,0,0,0,0,0,0,0,0,0,0,0,0,0,0,0,0,0,0,0,0,0,0,0,0,0,0,0,0,0,0,0,0,0,0,0,0,0,0,0,0,0,0,0,0,0,0,0,0,0,0,0,0,0,0,0,0,0,0,0,0,0,0,0,0,0,0,0,0,0,0,0,0,0,0,0,0,0,0,0,0,0,0,0,0,0,0,0,0,0,0,0,0,0,0,0,0,0,0,0,0,0,0,0,0,0,0,1
2219,NON-FINANCIAL CORPORATION,UNSPECIFIED,UNSPECIFIED,UNSPECIFIED,UNSPECIFIED,5/31/2023,0,0,0,0,0,0,0,0,0,0,0,0,0,0,0,0,0,0,0,0,0,0,0,0,0,0,0,0,0,0,0,0,0,0,0,0,0,0,0,0,0,0,0,0,0,0,0,0,0,0,0,0,0,0,0,0,0,0,0,0,0,0,0,0,0,0,0,0,0,0,0,0,0,0,0,0,0,0,0,0,0,0,0,0,0,0,0,0,0,0,0,0,0,0,0,0,0,0,0,0,0,0,0,0,0,0,0,0,0,0,0,0,0,0,0,0,0,0,0,0,0,0,0,0,0,0,0,0,0,0,0,0,0,0,0,0,0,0,0,0,0,0,0,0,0,0,0,0,0,0,0,0,0,0,0,0,0,0,0,0,0,0,0,1
8468,NON-FINANCIAL CORPORATION,M,UNSPECIFIED,Transportation and Storage,UNSPECIFIED,5/31/2023,0,0,0,1.85E+07,0,1,8.58E+07,1.52E+08,1153846.23,0,1,0,5.00E+07,8.68E+07,2101987.92,0,91,-2.93E+08,0.11,31,1.03,1.21,0.93,12.87,0.46,0,-0.44,-0.06,-0.1,0.31,-0.13,1.05,0.15,0.31,-0.03,0.07,0.16,0.18,4,0.04,-0.18,-0.1,1.05,0,-0.69,-0.15,0.05,0.09,1.12,0,0,115,0,0.46,-0.06,-0.13,0,0.78,-0.04,0.23,0,-0.06,0.05,0.32,-0.69,0.67,-0.14,1.21,-0.11,-0.51,55,-0.03,0.06,0,0.06,0.42,-0.79,1.2,0,0.54,-7.06E+07,1.2,0.48,1.74,-0.42,0,0,0.11,0.12,-0.45,0,1416205.88,-0.4,0,-0.11,0,0.04,-0.28,4.63,0,0,0,-0.16,-0.11,-0.14,0,0,-0.01,0,0,0,0,0,0,0,0.57,-0.57,-0.34,0,-0.54,0,-0.27,-0.41,0,0,0,0,0,0,0,-0.34,0,0,0,0,0,0,-0.23,0,0,0,0,0,0,0,-0.21,0,0,0,0,0,0,0,0,0,0,0,0,0,0,0,0,0,1
1023,NON-FINANCIAL CORPORATION,B,Retail/BBG Commercial,"Professional, Scientific & Technical Activities",Active,5/31/2023,0,0,0,796225.03,0,1,1008639.76,0,3846153.85,0,1,0,0,0,0,0,60,-1313530.78,-0.02,0,0.06,0.1,0.44,0.42,0.2,0.02,0.38,0.06,0.06,0,0.55,0.24,-0.02,0,0.02,0.05,0.06,0.4,1,0.08,-0.29,0.02,0.24,0,-0.4,0.57,0.01,0.07,0.17,0,0,0,0,0.05,0.24,0.06,0,0.33,0.03,0.37,0,0.16,0.01,0.17,0.02,0,0.19,0.37,0.03,-0.47,8,-0.2,0,0,-0.02,0.13,0.03,2,0,0.33,0,2,0.34,1.24,0.56,0,0,-0.27,0,0.52,0,1496581.01,0.37,0,-0.22,0,0,0.11,2.39,0,0,0,-0.13,-0.24,-0.02,0,-0.05,-0.13,0,0,0,0,0,0,0,0.14,-0.23,-0.33,0.08,0.07,0,-0.33,-0.22,0,0,0,0,0,0,0,-0.33,0,0,0,0,0,0,0,0,0,0,0,0,0,0,-0.43,0,0,0,0,0,0,0,0,0,0,0,0,0,0,0,0,0,1
2767,NON-FINANCIAL CORPORATION,M,Banking Center,"Agriculture, Forestry and Fishing",UNSPECIFIED,5/31/2023,0,0,0,7516906.99,0,0,1.33E+07,1.63E+07,1076923.08,0,1,0,0,1290229,0,0,142,-8.60E+07,5.37,0,2.16,2.99,0.01,25.6,25.6,-0.11,0.56,0.05,0.05,2,0.31,0.55,1.05,2,-0.04,0.06,0.05,3,0,0.16,-0.8,0.02,0.7,0,-0.83,-0.24,0.02,0.14,0.56,0,0,4,0,2.01,0.55,-0.08,1,0.24,0.56,0.47,0,-0.35,0.06,0.56,-0.75,1,0.3,5.66,0.63,-0.82,0,3,0,0,0.07,0.28,0.12,-1,0,0.24,-1184785,-1,-0.07,0,0.38,0,0,0.66,0.09,0.49,0,2097198,0.66,0,5.23,0,0.44,0.4,-1,0,0,0,0.32,1.1,-0.08,0,0.16,0.32,0,0,0,0,0,0,0,0.31,-0.35,-0.5,0,-0.25,0,0,0.03,0,0,0,0,0,0,0,1,0,0,0,0,0,0,-0.6,0,0,0,0,0,0,0,-0.2,0,0,0,0,0,0,0,0,0,0,0,0,0,0,0,0,0,1
2310,NON-FINANCIAL CORPORATION,M,UNSPECIFIED,Financial and Insurance Activities,UNSPECIFIED,5/31/2023,0,0,0,156223.53,0,0,505007.3,0,7692307.77,0,1,0,0,0,15000,0,14,-65085.46,0,2,0,0,-0.8,-1,-1,0.05,-0.5,0.25,-0.02,0,-0.5,-0.41,267.33,0,0.07,1.06,0.25,-1,2,0.15,-1,0.06,2.04,0,-1,-0.24,0,0.1,-1,0,0,0,0,-1,-0.65,-0.07,0,-1,0,-0.96,0,-0.65,0,-1,-1,0,-0.97,1312.09,0,-0.98,0,-1,0,0,0.3,-0.5,-1,0,0,-1,0,0,-0.71,0,0,0,0,0.75,0,976.84,0,0,-1,0,599.48,0,0,0,0,0,0,0,-0.75,0,-0.07,0,-0.5,-0.5,0,0,0,0,0,0,0,3,-0.65,0,0,-0.99,0,0,-0.5,0,0,0,0,0,0,0,0,0,0,0,0,0,0,0,0,0,0,0,0,0,0,-0.5,0,0,0,0,0,0,0,0,0,0,0,0,0,0,0,0,0,1
9007,NON-FINANCIAL CORPORATION,B,UNSPECIFIED,Real Estate Activities,UNSPECIFIED,5/31/2023,1253579.36,1,1,5114934.9,0,0,1.01E+07,555555.56,38461.54,0,1,0,0,0,0,-100189.72,91,0,0,0,0,0,0.01,0,0,4.54,0.01,49.91,0,-1,0.01,0.01,0,-1,6.24,0,49.91,0,2,0,-0.6,9.98,0.01,0,-0.01,0.01,0,0,0,0,0,0,0,0,0.01,0,0,0,0,0.96,0,0,0,0,-0.01,0,0.48,0.96,0,0,0,0,0,0,0,0,0,0,0,0,0,0,0,0,0,0,0,0,0,0,0,0,0.97,0,0,0,0,0,0,0,0,0,0,-0.3,0,0,0,0,0,0,0,0,0,0,0,0,0,0,0,0,0,0,0,0,0,0,0,0,0,0,0,0,0,0,0,0,0,0,0,0,0,0,0,0,0,-0.6,0,0,0,0,0,0,0,0,0,0,0,0,0,0,0,0,0,1
3252,NON-FINANCIAL CORPORATION,M,UNSPECIFIED,Administrative and Support Service Activities,UNSPECIFIED,5/31/2023,0,0,0,7.96E+07,0,0,4045089.29,1603221.84,7692307.77,0,1,0,1.19E+07,2.49E+07,0,0,39,-3.20E+07,0.26,0,0,0,0,6.74,2.93,0.08,-0.09,0.01,0,0,-0.05,0.04,0,1,0.03,0.01,0.22,8,2,-0.02,-0.44,0,0.04,0,-0.76,0.06,0,-0.01,-1,0,0,0,0,2.93,0.04,-0.02,0,-1,0.03,-1,0,-0.05,0,0,-0.46,0,0,248.74,1.24,-1,0,0.6,0,0,0,-1,0,0,0,0,0,0,10.8,0,599.18,0,0,-0.4,1,0.47,0,0,599.18,0,-0.68,0,2,-0.54,0,97842.27,0,0,2,0.08,-0.02,0,0,0.5,0,0,0,0,0,0,0,1,-0.05,2,0,1.13,0,0,-1,0,0,1,0,0,0,0,0.8,0,0,0,0,0,0,-0.36,0,0,0,0,0,0,0,-0.1,0,0,0,0,0,0,0,0,0,0,0,0,0,0,0,0,0,1
4030,NON-FINANCIAL CORPORATION,C,Corp Bank,Financial and Insurance Activities,UNSPECIFIED,5/31/2023,0,0,0,1.24E+07,1,1,6.50E+07,5476611.93,4.15E+08,0,1,0,21849.97,21849.97,0,0,62,0,0,0,10.74,14.81,0.03,49.01,49.01,0.15,0.13,0.42,0.16,-1,4.13,1.75,22.56,-1,0.26,0.99,0.87,4.5,1,0.28,-0.87,0.22,1.75,0,-1,14.03,1.02,0.45,0,0,0,0,0,49.01,-0.63,0.03,0,0,0,10.3,0,-0.63,1.46,0,-0.89,0,4.82,100.16,24.06,-0.97,0,4.5,0,0,2.05,4.25,0,0,0,0,0,0,10.24,0,45.63,0,0,50.12,0.91,26.33,0,0,2.72,0,163.26,0,2.5,15.56,0,0,0,0,0.24,1.82,0.03,0,1.74,1.63,0,0,0,0,0,0,0,7.5,-0.63,2.67,0,4.35,0,0,-0.76,0,0,0,0,0,0,0,0.57,0,0,0,0,0,0,2.67,0,0,0,0,0,0,0,-0.27,0,0,0,0,0,0,0,0,0,0,0,0,0,0,0,0,0,1
7603,NON-FINANCIAL CORPORATION,M,Banking Center,Administrative and Support Service Activities,UNSPECIFIED,5/31/2023,1.47E+08,1,1,2.39E+08,1,4,3.45E+08,7.81E+07,6818035.31,1,1,2,1546237.13,3966497.05,0,-7.18E+07,290,-6383773.25,0.12,0,0.12,0.16,0.28,2,0.72,0.07,0.04,0.02,0.02,0.5,-0.11,0.38,0.16,0.6,0.02,-0.01,0.6,0.31,0,0.03,-0.36,-0.02,0.38,0,-0.39,-0.19,0.06,0,1.18,0,0,8,0,-0.06,0.38,0.02,1,0.75,0.02,0,0,-0.07,0.13,-0.07,-0.13,1.5,-0.04,0.6,-0.09,-0.14,190,0.15,0.1,0,-0.04,0.07,-0.62,0.15,0,0.27,-1657480.5,0.35,0.5,0.48,1.11,0,-1.01E+09,0.77,-0.07,1.5,0,6.34E+07,-0.09,0,0.25,-3.54E+08,0.52,0.66,1.14,0,-5.30E+08,0,-0.25,-0.11,-0.18,0,-0.11,-0.33,0,0,0,0,0,0,0,0.98,-0.21,0.45,0.75,-0.18,0,-0.41,-0.29,0,0,0,0,0,0,0,0.99,0,0,0,0,0,1,-0.07,0,0,0,0,0,0,0,-0.26,0,0,0,0,0,0,0,0,0,0,0,0,0,0,0,0,0,1
5333,NON-FINANCIAL CORPORATION,M,UNSPECIFIED,Education,UNSPECIFIED,5/31/2023,0,0,0,68477.71,0,0,0,0,0,0,1,0,0,0,0,0,124,0,0,0,0,0,0,0,0,0,0,0,0,0,0,0,0,0,0,0,0,0,0,0,0,0,0,0,0,0,0,0,0,0,0,0,0,0,0,0,1,0,0,0,0,0,0,0,0,0,0,0,0,0,0,0,0,0,0,0,0,0,0,0,0,0,0,0,0,0,0,0,0,0,0,0,0,0,0,0,0,0,0,0,0,0,0,0,0,0,0,0,0,0,0,0,0,0,0,0,0,0,0,0,0,0,0,0,0,0,0,0,0,0,0,0,0,0,0,0,0,0,0,0,0,0,0,0,0,0,0,0,0,0,0,0,0,0,0,0,0,0,0,0,0,0,0,1
7793,SOLE PROPRIETORSHIP,B,UNSPECIFIED,Wholesale and Retail trade; Repair of Motor Vehicles and Motorcycles,Active,5/31/2023,0,0,0,1612486.75,0,0,150095.28,138385,0,0,1,0,0,0,0,-3000000,7,0,319.65,0,0,0,0.32,1573.25,1573.25,0,0.44,0.12,0.12,2,0,0.18,0,2,0,0,0.48,0,2,0.08,-1,0.07,0.18,0,-1,0,0,0,0,0,0,0,0,1573.25,0.12,0.07,0,0,-0.37,0,0,0.12,0,0,-1,0,0,-1,786.13,-1,0,-0.5,0,0,0,0,0,-1,0,0,0,-1,0,0,0,0,0,0,0,0,0,3750000,0,0,-1,0,0,0,-1,0,0,0,0,-0.75,0.02,0,0,0,0,0,0,0,0,0,0,-1,-0.11,0,0,-1,0,0,0,0,0,0,0,0,0,0,0,0,0,0,0,0,0,-1,0,0,0,0,0,0,0,-1,0,0,0,0,0,0,0,0,0,0,0,0,0,0,0,0,0,1
9715,NON-FINANCIAL CORPORATION,B,UNSPECIFIED,Manufacturing,UNSPECIFIED,5/31/2023,1.87E+07,1,1,2.09E+07,0,0,3137573.88,652299.79,384615.38,0,1,1,0,65735.03,0,-1000000,364,-2427674.9,6.29,0,13.48,18,0.05,23.39,23.39,0,0.34,0.03,-0.01,2,-0.14,0.1,25.4,4,-0.01,-0.02,0.13,1.22,0,0.06,-0.31,-0.04,0.21,0,-0.88,-0.23,0.06,-0.01,12.87,0,0,1,0,9.46,0.1,-0.13,1,1.8,0.17,10.66,0,-0.05,0.1,6.71,0.26,2,10.04,108.87,4.86,-0.98,9,0.78,0,0,0.32,0.36,-0.88,0,0,-0.07,-601315.93,0.33,26.55,1.31,8.03,0,0,9.21,-0.27,2.29,0,138871.3,120.54,0,8.58,0,-0.14,21.11,1.31,0,0,0,-0.14,0.24,-0.13,0,0,1.38,0,0,0,0,0,0,0,1,-0.05,-0.11,0,12.14,0,0,-0.36,0,0,0,0,0,0,0,0.23,0,0,0,0,0,0,0.6,0,0,0,0,0,0,0,0.23,0,0,0,0,0,0,0,0,0,0,0,0,0,0,0,0,0,1
24,NON-FINANCIAL CORPORATION,B,Retail/BBG Commercial,Administrative and Support Service Activities,Active,5/31/2023,0,0,0,4230844.53,0,0,3515279.74,2870013.89,0,0,1,0,337772.13,2385958.58,0,0,28,-2.38E+07,0.49,0,2.37,3.01,0.47,2.77,2.77,-0.07,-0.11,0.07,0.07,0.75,-0.3,0.26,5.11,1.67,-0.08,0,0.07,2,2,0.02,-0.5,-0.06,0.26,0,-0.59,-0.44,0.19,0.03,166.84,0,0,2,0,2.77,0.16,-0.01,0,13,0.45,0.74,0,0.16,0.21,0.08,-0.59,-1,0.47,25.29,1.09,-0.72,0,1.5,0,0,0.38,2,0.01,0,0,0.75,-3259615.49,0,1.4,0,-0.27,0,0,14.79,0.6,0.9,0,0,1.09,0,0.35,0,0.26,0.26,-1,0,0,0,2.43,0.5,-0.15,0,1.07,1,0,0,0,0,0,0,0,2,-0.46,-0.09,0,0.53,0,0,0.14,0,0,0,0,0,0,0,1.5,0,0,0,0,0,0,0.43,0,0,0,0,0,0,0,0.25,0,0,0,0,0,0,0,0,0,0,0,0,0,0,0,0,0,1
1516,SOLE PROPRIETORSHIP,B,Retail/BBG Commercial,Manufacturing,UNSPECIFIED,5/31/2023,0,0,0,8088975.45,0,0,8062304.75,7392963.12,0,0,1,0,0,0,0,0,171,-5.58E+07,0.11,0,0.31,0.38,0.17,0.7,0.7,-0.02,0.98,0.12,0.12,0.83,-0.12,0.1,0.6,0.83,-0.03,0.02,0.12,0.71,0,0.15,-0.42,-0.02,0.44,0,-0.37,-0.03,0.13,0.02,3.17,0,0,8,0,0.7,0.07,0.02,1,2.15,0.12,3.35,0,0.07,0.1,3.17,-0.12,3,1.37,3.35,0.29,-0.61,0,0.71,0,0,0.16,1.5,-0.62,0,0,2.15,-9154874.1,-1,1.18,0,0.88,0,0,1,0.47,0.61,0,24453,0.68,0,0.3,0,0.04,0.44,-1,0,0,1,0.35,0.15,-0.09,0,0.52,0.04,0,0,0,0,0,0,0,1.5,0.06,0.33,0,0.5,0,0,-0.46,0,0,0,0,0,0,0,0.5,0,0,0,0,0,0,0.2,0,0,0,0,0,0,0,0,0,0,0,0,0,0,0,0,0,0,0,0,0,0,0,0,0,1
4106,NON-FINANCIAL CORPORATION,B,Retail/BBG Commercial,"Professional, Scientific & Technical Activities",UNSPECIFIED,5/31/2023,0,0,0,7839722.56,0,0,2522883.49,1730241.12,1153846.15,0,1,0,0,100000,0,0,104,-1.15E+07,0,0,0,0,0.35,4585.28,-0.08,0.11,-0.45,-0.02,-0.04,-1,0.06,0.45,17.86,-0.83,0.07,0.41,0.39,6,1,0.01,-1,-0.06,0.71,0,-1,3.43,0,0.11,449,0,0,3,0,-1,0.45,-0.13,0,1,0,82.44,0,-0.07,0,0,-1,0,40.73,82.44,0,-0.99,0,-1,0,0,0.24,2,0,0,0,0,-3224140.81,0,0,0,0,0,0,0.44,0,39.72,0,0,0.25,0,23.11,0,0,-0.99,0,0,0,0,0,0,-0.13,0,0.67,-0.25,0,0,0,0,0,0,0,2,-0.51,0,0,-0.99,0,0,-0.67,0,0,0,0,0,0,0,-0.75,0,0,0,0,0,0,0,0,0,0,0,0,0,0,-0.67,0,0,0,0,0,0,0,0,0,0,0,0,0,0,0,0,0,1
6271,NON-FINANCIAL CORPORATION,B,Retail/BBG Commercial,Other Service Activities,UNSPECIFIED,5/31/2023,216666.67,1,1,1796464.01,0,1,601333.33,55555.56,384615.38,0,1,1,0,0,0,0,129,0,0,0,0,0,-0.55,449,449,0.03,-0.55,0.82,0.82,-1,-0.56,-0.12,0,-1,0.04,-0.09,0.82,1,0,-0.12,-1,0.11,0.01,0,-1,-0.73,0,-0.08,0,0,0,0,0,449,-0.48,-0.05,1,0,0,-1,0,-0.48,0,0,-1,0,0,-1,224,-1,0,1,0,0,0,-1,0,0,0,0,0,0,0,0,-1,0,0,0,0,-1,0,0,0,0,-1,0,-1,-1,0,0,0,0,0,0,-0.1,0,0,0,0,0,0,0,0,0,0,-1,-0.48,-1,0,-1,0,0,-1,0,0,0,0,0,0,0,-1,0,0,0,0,0,0,-1,0,0,0,0,0,0,0,-1,0,0,0,0,0,0,0,0,0,0,0,0,0,0,0,0,0,1
7260,NON-FINANCIAL CORPORATION,B,Retail/BBG Commercial,Accommodation and Food Service Activities,UNSPECIFIED,5/31/2023,0,0,0,3440573.58,0,0,120.94,152375.39,384615.38,0,1,0,0,0,0,0,180,0,0,0,0.01,0,-0.06,-1,-1,0.04,0.37,0.05,0.05,-1,0.22,-0.02,0,-1,0.03,0.06,0.08,0,0,0.08,-1,0.03,0.53,0,-1,0.69,0,0.04,0,0,0,0,0,-1,-0.02,0.05,1,0,0,0.04,0,-0.03,0,0,-1,0,0.03,0.04,0,-0.05,0,-1,0,0,0,0,0,0,0,0,0,0,0.05,0,-0.02,0,0,-0.02,0,-1,0,0,0.06,0,-1,0,0,-1,0,0,0,0,0,0,-0.02,0,0,0,0,0,0,0,0,0,0,0,-0.04,-1,0,-1,0,0,0,0,0,0,0,0,0,0,-1,0,0,0,0,0,0,-1,0,0,0,0,0,0,0,-1,0,0,0,0,0,0,0,0,0,0,0,0,0,0,0,0,0,1
5298,NON-FINANCIAL CORPORATION,B,UNSPECIFIED,Real Estate Activities,Active,5/31/2023,0,0,0,6601294.85,0,0,2523835.91,2523730.5,0,0,1,0,0,0,0,0,2,0,0,0,0,0,0.55,-0.94,-0.94,0,0,0.25,0.25,-0.91,0,0.5,0,-0.91,0,0,0.25,-0.92,1,0,-1,0,0.5,0,-1,0,0,0,0,0,0,0,0,-0.94,0.5,0.08,0,0,0,0,0,0.03,0,0,-1,0,0,0,-0.97,0,0,-0.92,0,0,0,0,0,0,0,0,0,0,0,0,0,0,0,0,0,0,0,0,0,0,0,0,0,0,0,0,0,0,0,-0.96,0.08,0,0,0,0,0,0,0,0,0,0,0,0.03,0,0,-1,0,0,0,0,0,0,0,0,0,0,0,0,0,0,0,0,0,0,0,0,0,0,0,0,0,-1,0,0,0,0,0,0,0,0,0,0,0,0,0,0,0,0,0,1
3887,NON-FINANCIAL CORPORATION,C,UNSPECIFIED,Information and Communication,UNSPECIFIED,12/29/2023,5.61E+08,1,1,8.49E+08,1,1,9.81E+08,4277.92,9.33E+07,0,1,0,0,0,0,0,51,-2.58E+08,2.14,0,1.26,1.41,0.41,9.77,9.77,-0.01,2.07,0.15,0.15,0,0.93,0.88,2.47,-1,-0.01,0.14,0.15,1.75,2,0.33,0,-0.02,0.88,0,-0.58,1.2,-0.01,0.15,-1,0,0,0,0,0.54,-0.25,-0.35,0,-1,0.38,0.04,0,-0.25,0,-1,-0.33,0,-0.11,12.07,0.1,-0.53,4,0.2,0,0,0.03,0.11,-1,1,0,-1,0,1,2.03,0,0.5,0,0,8.62,-0.22,1.04,0,228031.67,-0.24,0,9.81,0,-0.14,1.96,34.91,0,0,0,-0.05,0.1,-0.35,0,-0.02,0.06,0,0,0,0,0,0,0,0.35,-0.25,0.33,0.92,0.03,0,0,-0.14,0,0,0,0,0,0,0,0.5,0,0,0,0,0,0,2,0,0,0,0,0,0,0,0.2,0,0,0,0,0,0,0,0,0,0,0,0,0,0,0,0,0,1
7357,NON-FINANCIAL CORPORATION,C,UNSPECIFIED,Education,UNSPECIFIED,12/29/2023,4310055.21,1,1,7299951.37,0,0,7781235.87,1295426.7,384615.38,0,1,0,17174.75,52679.4,0,0,352,-3.33E+07,0.33,0,0.31,0,0.29,1.43,1.43,0.07,0.56,1.17,0.37,1.1,-0.45,0.32,0.14,1.33,0.1,0.08,1.17,0.59,0,0.18,-0.27,0.21,1.06,0,-0.63,0.01,0.02,0.01,0.62,0,0,59,0,0.81,-0.02,-0.26,2,0.47,-0.03,0.48,0,-0.02,-0.02,-0.02,0.39,1.33,0.28,0.74,0.6,-0.33,391,0.03,-0.03,0,0,-0.07,-0.09,0.51,0,0.11,-5132061.87,0.51,-0.25,0.22,-0.55,0,0,0.33,-0.27,0.08,0,4.49E+07,0.59,0,0.49,0,-0.39,0.27,1.35,0,0,0,-0.22,-0.12,-0.26,0,-0.12,-0.21,0,0,0,0,0,0,0,0.63,-0.31,-0.26,0,1.51,0,-0.26,-0.16,0,0,0,0,0,0,0,-0.45,0,0,0,0,0,0,-0.35,0,0,0,0,0,0,0,-0.25,0,0,0,0,0,0,0,0,0,0,0,0,0,0,0,0,0,1
7031,NON-FINANCIAL CORPORATION,B,UNSPECIFIED,Other Service Activities,UNSPECIFIED,12/29/2023,0,0,0,5619829.44,0,0,92812.74,138111.11,384.62,0,1,0,0,0,0,0,77,-551536.53,0,0,0,0,-0.01,2.52,-0.61,0.03,-0.01,0.05,0,-1,0.09,-0.01,0,1,0.03,0.03,0.05,2,1,0,2,0.02,0.01,0,-1,0.34,0,0.01,-0.53,0,0,0,0,-0.61,-0.01,0,0,0.5,0,-0.53,0,-0.01,0,-0.53,-0.61,0,0,-0.53,0,-1,0,2,0,0,0,0.33,-0.53,0,0,0.5,0,0,13.8,0,0,0,0,-0.39,1,-0.89,0,0,0,0,-0.6,0,0,0,0,0,0,0,0,0,0,0,0,1,0,0,0,0,0,0,0,1,-0.01,-0.4,0,0,0,0,0.33,0,0,0,0,0,0,0,0,0,0,0,0,0,0,0.5,0,0,0,0,0,0,0,0,0,0,0,0,0,0,0,0,0,0,0,0,0,0,0,0,0,1
8688,NON-FINANCIAL CORPORATION,B,UNSPECIFIED,Wholesale and Retail trade; Repair of Motor Vehicles and Motorcycles,Active,12/29/2023,0,0,0,2541240.18,0,1,9275054.94,4233689.43,0,0,1,0,25722.15,25722.15,0,0,5,-4923.1,57.61,0,0,0,0.56,287.22,287.22,0,1966.33,314.51,0.18,4,0,0.32,0,4,0,0,314.51,9,1,126.13,0.58,63.24,629.03,0,-0.44,0,0,0,0,0,0,2,0,2.07,0.18,0.17,0,0,2.19,0.34,0,0.18,0,0,-0.4,0,0.08,3.81,0.84,-0.86,0,1.17,0,0,0,0.64,0,-1,0,0,-55000,-1,0,0,0,1,0,0,0,0,0,64450.95,0.1,0,173.11,0,0,0,-1,0,0,0,0.64,0.87,0.17,0,0.32,0,0,0,0,0,0,0,0,0.64,-0.09,0,0,0.85,0,0,0,0,0,0,0,0,0,0,0,0,0,0,0,0,0,40,0,0,0,0,0,0,0,2.42,0,0,0,0,0,0,0,0,0,0,0,0,0,0,0,0,0,1
1558,NON-FINANCIAL CORPORATION,C,UNSPECIFIED,Accommodation and Food Service Activities,UNSPECIFIED,12/29/2023,8498803.16,0,1,9.09E+07,1,2,3.60E+08,1467786.81,1153846.15,1,1,25,25346.58,8818065.61,0,-9.80E+08,92,-1.29E+09,0.03,0,0,0.04,0.44,0.3,0.27,-0.04,0.29,0.06,0.06,2,0.2,0.24,-0.01,2,-0.03,0,0.06,0.21,1,0.06,-0.02,-0.01,0.24,0,-0.22,-0.09,-0.01,0.03,0.5,0,0,0,0,0.27,0.16,0.01,0,0.25,0,0,0,0.16,0,0.49,-0.1,0,-0.01,0.27,0.08,-0.16,3066,0,0.02,0,-0.02,-0.07,-0.33,0.07,0,0,0,0.21,-0.24,0.18,0.15,0,0,-0.09,-0.35,0.37,0,1.47E+09,-0.02,0,0.06,0,-0.23,0.06,0.23,0,0,0,-0.38,-0.01,-0.05,0,-0.2,-0.29,0,0,0,0,0,0,0,0.56,-0.07,0.07,2.75,0.14,0,-0.05,-0.33,0,0,0,0,0,0,0,-0.1,0,0,0,0,0,2,-0.01,0,0,0,0,0,0,0,-0.03,0,0,0,0,0,0,0,0,0,0,0,0,0,0,0,0,0,1
7202,NON-FINANCIAL CORPORATION,B,UNSPECIFIED,Human Health and Social Work Activities,UNSPECIFIED,12/29/2023,0,0,0,2.12E+07,0,1,1.69E+07,1.45E+07,1230769.23,0,1,0,7114797.04,3.73E+07,0,0,131,-7.11E+07,-0.07,0,0.05,0.11,0.14,1.73,0.51,-0.01,0.06,0.07,0.03,0.26,0.37,0.12,0.2,0.29,0.01,0.01,0.07,0.18,7,0.02,-0.14,0.04,0.13,0,-0.55,0.05,0.04,0.04,1.71,0,0,48,0,0.27,0.02,0.02,1,0.98,-0.03,0.97,0,0.02,0.07,1.71,-0.55,3.83,0.23,1.02,-0.14,-0.52,244,-0.09,-0.11,0,0.1,0.95,-0.44,0.19,0,0.98,-8298142.98,0.19,-0.33,-0.11,-0.09,0,-50735,0.02,0.07,-0.42,0,1.44E+07,-0.05,0,-0.57,0,0.21,-0.73,0.83,2190358.27,0,0,0.28,-0.12,0.02,0,0.3,0.11,0,1,0,0,0,0,0,0.95,-0.13,-0.19,0,-0.43,0,-0.26,-0.35,0,0,1,0,0,0,0,-0.44,0,0,0,0,0,0,-0.18,0,0,0,0,0,0,0,-0.22,0,0,0,0,0,0,0,0,0,0,0,0,0,0,0,0,0,1
5881,NON-FINANCIAL CORPORATION,B,UNSPECIFIED,Wholesale and Retail trade; Repair of Motor Vehicles and Motorcycles,UNSPECIFIED,12/29/2023,3450320.46,1,1,6112755.06,0,0,1402036.56,150426.67,384615.38,0,1,1,639812,1981385,0,0,303,-1.10E+07,1.17,0,0.34,0.44,0.1,6.14,6.14,-0.01,0.13,0.06,0.02,3,2.66,0.27,0.68,3,0,0.07,0.06,0.93,0,0.04,-0.19,0.02,0.27,0,-0.89,-0.14,0.03,0.22,0.8,0,0,21,0,0.88,-0.14,0.02,1,0.15,0.04,-0.05,0,-0.14,0.04,-0.15,-0.44,2.67,-0.17,3.81,0.22,-0.79,54,0.14,-0.1,0,0.02,0.08,-0.27,0.11,0,-0.03,-1314708.44,0.69,-0.22,0.44,0.19,0,0,0.17,0.06,0.32,0,1.07E+07,-0.33,0,-0.02,0,0.29,-0.08,1.04,0,0,0,0,-0.02,-0.02,0,0,0.06,0,0,0,0,0,0,0,0.55,-0.14,0.67,0,0.04,0,-0.11,-0.07,0,0,0,0,0,0,0,0.04,0,0,0,0,0,0,0.14,0,0,0,0,0,0,0,-0.07,0,0,0,0,0,0,0,0,0,0,0,0,0,0,0,0,0,1
1572,NON-FINANCIAL CORPORATION,B,UNSPECIFIED,Other Service Activities,UNSPECIFIED,12/29/2023,0,0,0,7657007.69,0,2,6009770.45,708646.09,538461.54,0,1,0,662910.71,775810.71,0,-1.19E+07,73,-1.27E+07,0.43,0,3.1,2.52,-0.53,122.07,2.78,0.09,-0.46,0.28,0.13,2.25,2.72,-0.3,1.37,2.25,0.14,0.15,0.31,6,2,-0.1,-0.69,0.18,0.11,0,-0.81,0.25,0.27,0.31,8.41,0,0,9,0,2.78,-0.3,0.02,0,0.69,0.04,5.07,0,-0.32,0.43,8.41,-0.78,3,2.14,5.07,1,-0.85,31,0.09,0.7,0,0.23,0.43,-0.44,4,0,0.51,-115791.07,30.2,-0.08,1.82,15.79,0,0,-0.37,1.86,95.75,0,5944671.71,0.33,0,-0.65,0,4.45,-0.25,97.15,0,0,0,0.36,-0.3,0.02,0,0.19,0.94,0,0,0,0,0,0,0,1.58,-0.32,2.29,0,-0.15,0,-0.76,-0.05,0,0,0,0,0,0,0,1.88,0,0,0,0,0,0,-0.89,0,0,0,0,0,0,0,-0.66,0,0,0,0,0,0,0,0,0,0,0,0,0,0,0,0,0,1
2144,NON-FINANCIAL CORPORATION,B,UNSPECIFIED,Education,Active,12/29/2023,0,0,0,322581.71,0,0,1000010.96,1000000,2.33E+07,0,1,0,0,0,0,0,0,0,0,0,0,0,0,0,0,0,0,0,0,0,0,0,0,0,0,0,0,0,1,0,0,0,0,0,0,0,0,0,0,0,0,0,0,0,0,0,0,0,0,0,0,0,0,0,0,0,0,0,0,0,0,0,0,0,0,0,0,0,0,0,0,0,0,0,0,0,0,0,0,0,0,0,0,0,0,0,0,0,0,0,0,0,0,0,0,0,0,0,0,0,0,0,0,0,0,0,0,0,0,0,0,0,0,0,0,0,0,0,0,0,0,0,0,0,0,0,0,0,0,0,0,0,0,0,0,0,0,0,0,0,0,0,0,0,0,0,0,0,0,0,0,0,0,1
1309,NON-FINANCIAL CORPORATION,B,UNSPECIFIED,Administrative and Support Service Activities,UNSPECIFIED,12/29/2023,0,0,0,1545916.61,0,1,2.73E+07,0,769230.77,0,1,0,0,0,0,0,38,0,0,0,0.05,0.04,-0.26,0.68,0.68,0.02,-0.34,0.19,0.19,0,-0.1,1.27,0,0,0.01,0.18,0.19,0.25,1,0.16,0,0,1.27,0,-0.33,0.09,0,0.14,0,0,0,0,0,-0.02,1.27,-0.07,0,0,0,-0.02,0,-0.67,0,0,-0.28,0,-0.15,0.68,-0.15,-0.33,0,0,0,0,0,0,0,0,0,0,0,0,0.11,0,-0.09,0,-2.92E+08,-0.23,0,-0.09,0,0,-0.3,0,-0.23,-8.18E+07,0,0.11,0,0,-1.55E+08,0,0,0,-0.11,0,0,0,0,0,0,0,0,0,0,0,-0.67,0,0,-0.3,0,0,0,0,0,0,0,0,0,0,0,0,0,0,0,0,0,0,0,0,0,0,0,0,0,0,0,0,0,0,0,0,0,0,0,0,0,0,0,0,0,0,0,1
6435,FINANCIAL CORPORATION (NON-BANK),B,UNSPECIFIED,Accommodation and Food Service Activities,Active,12/29/2023,0,0,0,1121159.35,0,0,2810894.13,1396020.19,7692307.69,0,1,0,0,0,0,0,3,-4681053.25,0,0,0,0,1.03,2.51,2.51,0,0,0.87,0.4,3,0,1.11,0,3,0,0,0.87,3.5,1,0,-0.01,0,1.74,0,-0.07,0,0,0,2.15,0,0,7,0,2.51,-0.04,0.14,0,1.14,0,2.94,0,-0.04,0,2.15,-0.07,3,1.59,81.17,1.22,0.24,43,0.74,0.15,0,0,0.85,0.4,2.25,0,1.14,-2293491,2.25,0,0.52,0,0,0,0,0,0,0,2715335,3.87,0,0,0,0,0,0.59,0,0,0,1.92,0.37,0.14,0,0.71,0,0,0,0,0,0,0,0,5.5,-0.04,0,0,2.28,0,0,0.58,0,0,0,0,0,0,0,0,0,0,0,0,0,0,0,0,0,0,0,0,0,0,0.72,0,0,0,0,0,0,0,0,0,0,0,0,0,0,0,0,0,1
4094,FINANCIAL CORPORATION (NON-BANK),UNSPECIFIED,UNSPECIFIED,UNSPECIFIED,UNSPECIFIED,12/29/2023,0,0,0,0,0,0,0,0,0,0,0,0,0,0,0,0,0,0,0,0,0,0,0,0,0,0,0,0,0,0,0,0,0,0,0,0,0,0,0,0,0,0,0,0,0,0,0,0,0,0,0,0,0,0,0,0,0,0,0,0,0,0,0,0,0,0,0,0,0,0,0,0,0,0,0,0,0,0,0,0,0,0,0,0,0,0,0,0,0,0,0,0,0,0,0,0,0,0,0,0,0,0,0,0,0,0,0,0,0,0,0,0,0,0,0,0,0,0,0,0,0,0,0,0,0,0,0,0,0,0,0,0,0,0,0,0,0,0,0,0,0,0,0,0,0,0,0,0,0,0,0,0,0,0,0,0,0,0,0,0,0,0,0,1
5734,FINANCIAL CORPORATION (NON-BANK),UNSPECIFIED,UNSPECIFIED,UNSPECIFIED,UNSPECIFIED,12/29/2023,0,0,0,0,0,0,0,0,0,0,0,0,0,0,0,0,0,0,0,0,0,0,0,0,0,0,0,0,0,0,0,0,0,0,0,0,0,0,0,0,0,0,0,0,0,0,0,0,0,0,0,0,0,0,0,0,0,0,0,0,0,0,0,0,0,0,0,0,0,0,0,0,0,0,0,0,0,0,0,0,0,0,0,0,0,0,0,0,0,0,0,0,0,0,0,0,0,0,0,0,0,0,0,0,0,0,0,0,0,0,0,0,0,0,0,0,0,0,0,0,0,0,0,0,0,0,0,0,0,0,0,0,0,0,0,0,0,0,0,0,0,0,0,0,0,0,0,0,0,0,0,0,0,0,0,0,0,0,0,0,0,0,0,1
9635,SOLE PROPRIETORSHIP,M,UNSPECIFIED,Wholesale and Retail trade; Repair of Motor Vehicles and Motorcycles,Active,12/29/2023,0,0,0,2.93E+07,0,1,1.30E+07,5567857.14,0,0,1,0,0,0,0,0,6,0,0,0,0,0,2.84,-0.8,-1,0,723.79,40.15,2.98,-1,0,2.85,0,-1,0,0,40.15,0,1,34.06,-1,8.83,167.31,0,-1,0,0,0,0,0,0,0,0,-1,2.85,0.79,0,0,0,0.83,0,0,0,0,-1,0,0.16,0.83,0,-0.5,0,-1,0,0,0,2,0,0,0,0,0,0,0,0,0,0,-130652.44,0,0,0,0,0,-0.09,0,-0.42,-130652.44,0,0,0,0,-130652.44,0,1.5,0,0.07,0,0.92,0,0,0,0,0,0,0,0,2,0,0,0,-1,0,0,-0.17,0,0,0,0,0,0,0,0,0,0,0,0,0,0,0,0,0,0,0,0,0,0,-0.67,0,0,0,0,0,0,0,0,0,0,0,0,0,0,0,0,0,1
3107,NON-FINANCIAL CORPORATION,B,UNSPECIFIED,Other Service Activities,UNSPECIFIED,12/29/2023,0,0,0,1114919.15,0,0,74.94,0,1153846.23,0,1,1,0,0,0,0,146,0,0,0,0,0,0,-0.78,-1,0,0,0,0,0,0,0,0,0,0,0,0,-1,1,0,0,0,0,0,-1,0,0,0,0,0,0,0,0,0,0,0,0,0,0,0,0,0,0,0,0,0,0,0,0,0,0,0,0,0,0,0,0,0,0,0,0,0,0,0,0,0,0,0,0,0,0,0,0,0,0,0,0,0,0,0,0,0,0,0,0,0,0,0,0,0,0,0,0,0,0,0,0,0,0,0,0,0,0,0,0,0,0,0,0,0,0,0,0,0,0,0,0,0,0,0,0,0,0,0,0,0,0,0,0,0,0,0,0,0,0,0,0,0,0,0,0,0,0,1
2848,NON-FINANCIAL CORPORATION,UNSPECIFIED,Retail/BBG Commercial,Wholesale and Retail trade; Repair of Motor Vehicles and Motorcycles,UNSPECIFIED,9/30/2022,0,0,0,4602392.66,0,0,385407.29,385200,384615.38,0,1,0,0,0,0,0,176,-20000,0,0,0,0,0.18,0,0,0.52,0.62,0.31,0.12,0,1.58,0.09,0,0,0.3,1.24,1.95,1,0,0.1,0,0.17,0.12,0,-0.01,63.82,0,0.13,-1,0,0,0,0,0,0.09,0.11,1,-1,0.2,0,0,0.08,0,0,0,0,0,-1,0,-1,0,1,0,0,0,0,0,0,0,0,0,0,0,0,-1,0,0,-1,0,0,0,0,0,0,0,0,-1,0,0,0,0,0,0,0.5,0.11,0,0,-1,0,0,0,0,0,0,0,-1,0.08,1,0,0,0,0,0,0,0,0,0,0,0,0,0,0,0,0,0,0,0,0,0,0,0,0,0,0,0,1,0,0,0,0,0,0,0,0,0,0,0,0,0,0,0,0,0,1
6846,NON-FINANCIAL CORPORATION,UNSPECIFIED,Retail/BBG Commercial,Wholesale and Retail trade; Repair of Motor Vehicles and Motorcycles,UNSPECIFIED,9/30/2022,0,0,0,1330561.22,0,0,44712.73,12222.22,96153.85,0,1,0,133870,1789018,0,0,41,-968000,0,0,0,0,0.06,1.05,0.28,0,1.04,0.11,0.11,0,0.65,0.06,0,1,-0.02,0.03,0.12,0.33,1,0.17,0,0.01,0.51,0,-1,-0.15,0,0.1,-1,0,0,0,0,0,0,0.02,0,0,0,0,0,0,0,0,0,0,0,0,0,0,0,0,0,0,0,0,0,0,0,0,0,0,-1,0,0,0,0,0,-1,-0.76,0,0,0,0,-0.57,0,0,-0.48,0,0,0,0,0,0,-0.11,0,0,0,0,0,0,0,0,0,0,-1,0,-0.25,0,0,0,0,0,0,0,0,0,0,0,0,0,0,0,0,0,0,0,0,0,0,0,0,0,0,0,0,0,0,0,0,0,0,0,0,0,0,0,0,0,0,0,0,0,1
4827,NON-FINANCIAL CORPORATION,UNSPECIFIED,Retail/BBG Commercial,Accommodation and Food Service Activities,UNSPECIFIED,9/30/2022,0,0,0,3459664.58,0,0,926211.62,607507.54,1153846.15,0,1,0,550000,1750000,0,0,37,-3327708,0.24,0,1.55,1.68,0.16,2.55,2.55,0.03,0.7,0.1,0.1,0.14,0.01,0.11,2.22,0.73,0,0.04,0.14,0.58,2,0.11,-0.07,0.01,0.23,0,-0.71,0.3,0.36,0.02,14.5,0,0,2,0,0.08,0.05,-0.01,0,2.5,0.01,1.72,0,0.05,0.58,14.5,-0.46,0,0.45,10.67,-0.19,-0.91,0,0.16,0,0,0.54,-0.2,-0.98,0,0,1,-708182,0,1.32,0,0.41,0,0,-0.3,0.14,-0.12,0,0,-0.53,0,-0.57,0,3,-0.47,0,0,0,0,-0.5,0.05,-0.03,0,-0.29,0.14,0,0,0,0,0,0,0,3,0.05,0.42,0,-0.42,0,0,-0.38,0,0,0,0,0,0,0,0.5,0,0,0,0,0,0,0,0,0,0,0,0,0,0,0.08,0,0,0,0,0,0,0,0,0,0,0,0,0,0,0,0,0,1
3880,PARTNERSHIP,UNSPECIFIED,Retail/BBG Commercial,"Professional, Scientific & Technical Activities",Active,9/30/2022,0,0,0,2780453.34,0,0,39386.82,179338.52,384615.38,0,1,0,67200,201600,0,0,18,0,0,0,0,0,0.04,69.45,2.46,0.1,0.07,0.18,0.12,-1,1.74,0.03,0,-1,0.14,0.14,0.27,3,1,0.01,-0.5,0.12,0.03,0,-1,1.82,0,0.19,0,0,0,0,0,-0.76,0.03,0.01,0,0,0,0,0,0.01,0,0,-0.76,0,0,-1,0,-1,0,-0.5,0,0,0,0,0,0,0,0,0,0,0,0,0,0,0,0,0,0.03,0,0,0,0,2.54,0,0,0,0,0,0,0,0,0,0.01,0,0,0,0,0,0,0,0,0,0,-1,0,1,0,0,0,0,0,0,0,0,0,0,0,0,0,0,0,0,0,0,0,1,0,0,0,0,0,0,0,0,0,0,0,0,0,0,0,0,0,0,0,0,0,0,0,0,0,1
6326,NON-FINANCIAL CORPORATION,UNSPECIFIED,Banking Center,"Electricity, Gas, Steam and Air Conditioning supply",UNSPECIFIED,9/30/2022,1.17E+07,1,1,2.15E+07,0,0,7039224.88,770532.71,0,0,1,3,0,0,0,-9205576.31,318,-4371218.52,58.62,0,4.74,6.49,0.1,279.97,279.97,-0.03,0.2,0.01,0.01,0.67,0.25,0.06,10.4,3,-0.04,0.02,0.01,3.5,0,0.04,0.13,-0.07,0.08,0,-0.96,0.24,0.03,0.03,1.37,0,0,1,0,13.4,0.04,-0.37,1,0.31,0.2,21.28,0,0.04,0.05,0.42,0.06,-1,10.91,31.23,6.73,-0.97,2,0.22,0,0,0.1,0.14,-0.13,0,0,0.16,-322549.52,0,27.74,-0.3,29.18,0,0,30.65,0.21,68.43,0,2810,33.48,0,272.75,0,0.43,14.22,-0.3,0,0,0,0.25,0.17,-0.37,0,0.12,0.6,0,0,0,0,0,0,0,0.24,-0.04,4.5,0,14.32,0,-1,0.09,0,0,0,0,0,0,0,0.38,0,0,0,0,0,0,1.2,0,0,0,0,0,0,0,0.38,0,0,0,0,0,0,0,0,0,0,0,0,0,0,0,0,0,1
1708,PARTNERSHIP,UNSPECIFIED,Retail/BBG Commercial,"Professional, Scientific & Technical Activities",UNSPECIFIED,9/30/2022,0,0,0,1.97E+07,0,1,1746610.6,1049959.18,384615.38,0,1,0,98400,456298.51,0,0,211,-4098316.74,0.28,0,0.78,0.24,0.13,1.03,1.03,0.03,0.36,0.07,0.07,1,0.45,0.08,0.68,2,0.02,0.03,0.07,0.96,0,0.06,-0.39,0.04,0.08,0,-0.24,0.37,0.18,0.05,12.23,0,0,0,0,-0.03,0.08,0.06,2,1,0.15,2.8,0,0.04,0,12.23,-0.2,0,0.91,2.8,-0.11,-0.97,4,0.96,-1,0,0.32,0.33,-0.96,2,0,0,0,2,-0.96,-1,-0.98,0,0,-0.73,-0.73,-0.44,0,415120.05,-0.9,0,1.21,0,-0.9,0.49,9.46,0,0,0,-0.67,0.28,0.01,0,-0.21,0,0,0,0,0,0,0,0,2.11,0.04,-0.06,0.17,-0.22,0,-1,-0.75,0,0,0,0,0,0,0,1.58,0,0,0,0,0,0,0.36,0,0,0,0,0,0,0,0.2,0,0,0,0,0,0,0,0,0,0,0,0,0,0,0,0,0,1
6661,NON-FINANCIAL CORPORATION,W,UNSPECIFIED,Other Service Activities,UNSPECIFIED,9/30/2022,23443.5,0,0,1.17E+07,1,1,0.58,0,384615.38,0,1,1,0,0,0,0,116,0,0,0,0,0,0.06,-0.34,-1,0.03,0.13,0.02,0.02,0,-0.04,0.05,0,0,-0.01,0,0.2,-1,0,0.02,0,-0.01,0.05,0,-1,-0.05,0,0,0,0,0,0,0,0,0.01,0.02,0,0,0,0,0,0.01,0,0,0,0,0,0,0,0,0,0,0,0,0,0,0,0,0,0,0,0,0,0,-1,0,0,0,0,0,0,0,0,0,0,0,-1,0,0,0,0,0,0,0,-0.03,0,0,0,0,0,0,0,0,0,0,-1,0,0,0,0,0,0,0,0,0,0,0,0,0,0,0,0,0,0,0,0,0,0,0,0,0,0,0,0,0,0,0,0,0,0,0,0,0,0,0,0,0,0,0,0,0,0,0,1
3137,NON-FINANCIAL CORPORATION,B,UNSPECIFIED,Real Estate Activities,Active,9/30/2022,0,0,0,2306456.6,0,0,2525149.43,2525000,7692307.69,0,1,0,0,0,0,0,1,-5000000,0,0,0,0,0,-1,-1,0,0,-0.49,-0.49,-1,0,-0.99,0,-1,0,0,-0.49,-0.5,1,0,-0.5,0,-0.99,0,-1,0,0,0,-1,0,0,0,0,-1,0,-0.49,0,-1,0,-1,0,-0.99,0,-1,-1,0,0,-1,0,-1,0,-0.5,0,0,0,-1,-1,0,0,-1,0,0,0,0,0,0,0,0,0,0,0,0,0,0,0,0,0,0,0,0,0,0,0,0,-0.49,0,0,0,0,0,0,0,0,0,0,-1,-0.99,0,0,0,0,0,-1,0,0,0,0,0,0,0,0,0,0,0,0,0,0,0,0,0,0,0,0,0,0,0,0,0,0,0,0,0,0,0,0,0,0,0,0,0,0,0,0,1
3522,PARTNERSHIP,M,UNSPECIFIED,Other Service Activities,UNSPECIFIED,9/30/2022,5.40E+07,0,1,2.15E+08,1,2,8.86E+07,4508620.21,1.48E+07,1,1,2,1980662.06,2690538.21,0,0,218,-9.94E+07,0.68,0,6.27,8.8,0.27,284.13,2.53,-0.02,0.7,0.12,0.12,0.85,0.23,0.17,8.18,20,-0.03,0.03,0.12,8.33,1,0.12,-0.17,0,0.21,0,-0.43,-0.26,0.02,0.09,6.32,0,0,8,0,2.53,0.09,0.03,1,1.08,0.05,43.69,0,0.09,0.09,1.05,1.83,1,21.38,43.69,2.18,-0.92,7,0.15,-0.5,0,0.11,0.92,-0.32,2,0,0.73,-410023.37,2,-0.97,0.86,-0.7,0,-366360,-0.9,-0.46,8.36,0,247221.07,2.57,1,1.99,0,0.03,0.04,12.1,0,0,0,0.03,-0.01,-0.08,0,0.23,-0.1,0,0,0,0,0,0,0,0.92,-0.03,3.17,0.25,9.02,0,-0.5,-0.46,0,0,0,0,0,0,0,2.33,0,0,0,0,0,1,0,0,0,0,0,0,0,0,-0.04,0,0,0,0,0,0,0,0,0,0,0,0,0,0,0,0,0,1
3122,NON-FINANCIAL CORPORATION,UNSPECIFIED,Retail/BBG Commercial,"Arts, Entertainment & Recreation",UNSPECIFIED,9/30/2022,0,0,0,2452995.49,0,0,33498.21,0,384615.38,0,1,0,0,0,0,0,22,0,0,0,0,0,0.01,211.73,211.73,0.01,0.04,0.02,0.01,0,0.1,0.01,0,0,0.01,0.01,0.02,1,1,0.01,-1,0.01,0.04,0,-1,0.1,0,0.01,0,0,0,0,0,-1,0.01,0.01,0,0,0,0,0,0,0,0,-1,0,0,0,0,0,1,-1,-1,0,0,0,0,-1,0,0,0,0,0,-1,0,0,0,0,0,0,0,225000,0,0,0,0,0,0,3,0,0,0,0,0,0.01,0,0,0,0,0,0,0,0,0,0,0,0,0,0,-1,0,-1,0,0,0,0,0,0,0,0,0,0,0,0,0,0,0,0,0,0,0,0,0,0,0,0,0,0,0,0,0,0,0,0,0,0,0,0,0,0,0,0,0,1
1244,NON-FINANCIAL CORPORATION,UNSPECIFIED,Banking Center,Wholesale and Retail trade; Repair of Motor Vehicles and Motorcycles,UNSPECIFIED,9/30/2022,5.55E+08,1,1,6.35E+08,1,1,2.29E+07,3456397.13,769230.77,0,1,0,1.96E+07,4.03E+07,0,-101666.66,43,-3.01E+07,0.15,0,1.37,1.91,0.3,0.72,0.5,0,1.16,0.01,0.01,0.28,0.42,0.14,2.75,0.51,0,0.08,0.01,0.33,4,0.17,-0.03,0,0.39,0,-0.02,1.12,0.01,0.06,-0.5,0,0,0,0,0.1,0.14,0,0,4,0.05,1.02,0,0.14,0.05,0,0.06,0,0.49,13.87,0.08,-0.97,147,0.18,0.11,0,0.06,0,0,0.74,0,0,0,0.74,-0.41,0.1,0.99,0,0,-0.33,0,0.23,0,8.70E+07,0.95,0,0.91,0,0.31,-0.37,1.21,0,0,0,-0.05,0.07,-0.01,0,-0.02,0.24,0,0,0,0,0,0,0,0.38,0.04,0.02,0,0.16,0,0.04,-0.05,0,0,0,0,0,0,0,0.02,0,0,0,0,0,0,0.21,0,0,0,0,0,0,0,0.14,0,0,0,0,0,0,0,0,0,0,0,0,0,0,0,0,0,1
9694,NON-FINANCIAL CORPORATION,W,UNSPECIFIED,Wholesale and Retail trade; Repair of Motor Vehicles and Motorcycles,Active,9/30/2022,0,0,0,706869.66,0,1,5437939.71,1010222.22,769230.77,0,1,0,21000,35000,146129.5,-1609916,9,-300000,115.28,4,0,0,-0.6,481.38,481.38,0,-0.21,1.66,-0.02,1,-0.67,2.25,0,1,0.2,0,1.66,2,1,1.17,-0.33,0.31,4.97,0,-1,0,0,0.66,-1,0,0,0,0,481.38,-0.88,-0.02,0,-1,0.68,-1,0,-0.88,0,-1,-1,0,0,-1,240.19,-1,0,2,0,0,0,-1,-1,0,0,-1,0,0,0,0,0,0,0,-1,0,1308.32,0,0,-1,0,1308.32,0,0,0,-1,0,0,0,-1,0.83,-0.04,0,0,-1,0,0,0,0,0,0,0,-1,-0.88,5,0,0.29,0,0,-1,0,0,0,0,0,0,0,0,0,0,0,0,0,0,5,0,0,0,0,0,0,0,1,0,0,0,0,0,0,0,0,0,0,0,0,0,0,0,0,0,1
1002,NON-FINANCIAL CORPORATION,UNSPECIFIED,Retail/BBG Commercial,Human Health and Social Work Activities,Active,9/30/2022,0,0,0,1.65E+07,0,0,1753469.71,3546391.8,7692307.69,0,1,0,0,0,0,0,5,-1617209.77,0,0,0,0,0.29,-0.22,-0.22,0,6.4,2.11,0.1,0,0,0.14,0,0,0,0,2.11,1,1,0.92,1,0.53,4.22,0,-1,0,0,0,-1,0,0,0,0,-0.67,0.14,0.09,0,-1,0,0,0,0.13,0,0,-0.67,0,0,-1,0,-1,0,1,0,0,0,0,0,0,0,0,0,0,0,0,0,0,0,0,0,0,0,0,0,0,-0.84,0,0,0,0,0,0,0,0,0,0.09,0,0,0,0,0,0,0,0,0,0,-1,0.02,0,0,0,0,0,0,0,0,0,0,0,0,0,0,0,0,0,0,0,0,-0.33,0,0,0,0,0,0,0,0,0,0,0,0,0,0,0,0,0,0,0,0,0,0,0,0,0,1
4592,NON-FINANCIAL CORPORATION,UNSPECIFIED,Banking Center,Human Health and Social Work Activities,UNSPECIFIED,9/30/2022,1.58E+07,1,1,9.56E+07,0,1,1.33E+08,4.82E+07,4.62E+07,0,1,1,8967708.65,2.40E+07,692256.16,0,231,-4.75E+08,0.02,35,0.09,0.1,-0.03,0.63,0.21,0.05,-0.24,0.08,-0.02,0.54,-0.12,0.01,-0.08,0.54,0.05,0,0.32,0.18,0,-0.04,-0.13,0,0.22,0,-0.19,-0.04,0.03,-0.01,0.27,0,0,104,0,0.04,-0.04,-0.04,3,0.1,-0.01,-0.02,0,-0.04,0.01,0.04,-0.19,5.7,-0.08,0.01,-0.07,-0.21,771,0.08,0.1,0,0,0.06,-0.17,0.15,0,-0.02,-7344592.96,0.15,0.79,0.14,0.53,0,0,-0.34,0.39,0.4,0,3.45E+08,-0.15,0,0.04,0,0.07,1.22,0.34,0,0,1,-0.01,-0.03,-0.04,0,-0.01,0.01,0,0,0,0,0,0,0,0.18,-0.31,-0.32,0.08,-0.16,0,-0.27,-0.07,0,0,0,0,0,0,0,-0.26,0,0,0,0,0,0,-0.08,0,0,0,0,0,0,0,-0.06,0,0,0,0,0,0,0,0,0,0,0,0,0,0,0,0,0,1
7680,NON-FINANCIAL CORPORATION,UNSPECIFIED,Retail/BBG Commercial,UNSPECIFIED,UNSPECIFIED,9/30/2022,0,0,0,492172.76,0,0,173355.29,64444.44,0,0,1,0,0,0,0,0,114,-4164838.49,0,0,0,0,1.04,17.63,-1,-0.11,-0.74,-0.15,-0.32,-1,-0.82,0.95,0,-1,-0.16,-0.02,0.04,0,0,0.02,0,-0.26,0.95,0,-1,-0.81,0,-0.03,2.09,0,0,7,0,-1,0.05,-0.38,1,-0.67,0,0,0,0.05,0,0,-1,-0.31,0,-0.41,0,-1,0,0,0,0,0,0,0,-1,0,0,-207838.88,0,0,0,40.76,0,0,-0.82,0,-1,0,149400,0,0,0,0,7.5,-1,1.7,0,0,0,0,0,-0.38,0,0,-0.11,0,0,0,0,0,0,0,-0.16,-0.87,-0.5,0,0,0,0,0,0,0,0,0,0,0,0,-0.5,0,0,0,0,0,0,0,0,0,0,0,0,0,0,0,0,0,0,0,0,0,0,0,0,0,0,0,0,0,0,0,0,1
34,NON-FINANCIAL CORPORATION,UNSPECIFIED,Retail/BBG Commercial,Financial and Insurance Activities,Active,9/30/2022,0,0,0,100019.07,0,0,6.72,16666.67,7692307.69,0,1,0,0,0,0,0,5,0,0,0,0,0,0,-1,-1,0,0.15,0.08,0.01,-1,0,0,0,-1,0,0,0.08,-1,1,0.03,0,0.02,0.15,0,-1,0,0,0,0,0,0,0,0,0,0,0,0,0,0,0,0,0,0,0,0,0,0,0,0,0,0,0,0,0,0,0,0,0,0,0,0,0,0,0,0,0,0,0,0,0,0,0,0,0,-1,0,0,0,0,0,0,0,0,0,0,0,0,0,0,0,0,0,0,0,0,0,0,0,0,0,0,0,0,0,0,0,0,0,0,0,0,0,0,0,0,0,0,0,0,0,0,0,0,0,0,0,0,0,0,0,0,0,0,0,0,0,0,0,0,0,0,0,0,1
4416,SOLE PROPRIETORSHIP,UNSPECIFIED,Retail/BBG Commercial,Construction,UNSPECIFIED,9/30/2022,348188.82,0,0,0,0,0,0,0,1538461.54,0,1,1,0,0,0,0,47,0,0,0,0,0,0,10002.64,0,0,0,-1,0,0,0,0,0,0,0,0,0,0,0,0,0,0,0,0,0,0,0,0,0,0,0,0,0,0,0,0,0,0,0,0,0,0,0,0,0,0,0,0,0,0,0,0,0,0,0,0,0,0,0,0,0,0,0,0,0,0,0,0,0,0,0,0,0,0,0,0,0,-1,0,0,0,0,0,0,-1,0,0,0,0,0,0,0,0,0,0,0,0,0,0,0,0,0,0,0,0,0,0,0,0,0,-1,0,0,0,0,0,0,0,0,0,0,0,0,0,0,0,0,0,0,0,0,0,0,0,0,0,0,0,0,0,0,0,0,1
6352,NON-FINANCIAL CORPORATION,UNSPECIFIED,Retail/BBG Commercial,Other Service Activities,UNSPECIFIED,9/30/2022,1.53E+07,1,1,1.57E+07,0,0,421251.34,3757.16,76923.08,0,1,0,0,0,0,0,53,-209805.17,39.55,0,0,0,-0.51,434.6,195.81,0.04,0.64,0,0,-1,0.49,-0.14,8.69,-0.5,0,3.29,0.46,2.5,1,1.11,-0.75,-0.01,6.75,0,-0.99,0.47,0,0.68,0.42,0,0,0,0,3.79,-0.43,0,0,-0.5,0.5,-0.95,0,-0.43,0,0.42,-0.99,1,-0.97,45.86,1.4,-1,0,1.5,0,0,0.05,-0.75,-1,0,0,-0.5,-105457,0,0,0,-1,0,0,-1,0,-0.96,0,0,-1,0,0.56,0,-1,0.32,0,0,0,0,-1,0.38,-0.03,0,-0.88,-1,0,0,0,0,0,0,0,2,-0.49,-0.17,0,-0.98,0,0,-1,0,0,0,0,0,0,0,0.67,0,0,0,0,0,0,0.67,0,0,0,0,0,0,0,-0.38,0,0,0,0,0,0,0,0,0,0,0,0,0,0,0,0,0,1
8690,NON-FINANCIAL CORPORATION,UNSPECIFIED,Retail/BBG Commercial,Wholesale and Retail trade; Repair of Motor Vehicles and Motorcycles,UNSPECIFIED,9/30/2022,0,0,0,1.29E+07,0,0,4205578.71,3694037.9,384615.38,0,1,0,153066.07,436361.1,0,0,182,-3.50E+07,0.54,0,0.17,0.3,-0.18,2.02,2.02,-0.01,-0.21,0.01,-0.04,2.43,-0.21,0,0.24,2.43,-0.01,-0.02,0.03,1.47,0,-0.04,-0.19,-0.02,0.05,0,-0.4,-0.26,0.14,-0.03,1.37,0,0,4,0,2.02,-0.18,-0.05,1,1.55,0.19,0.29,0,-0.18,0.19,0.35,-0.21,1,0.21,1.19,0.9,-0.55,43,1.47,1.3,0,0.41,0.67,0.14,1.3,0,0.72,-442897.21,1.3,0.48,0.48,2.03,0,0,0.63,0.32,0.04,0,2024797.37,0.45,0,1.71,0,0.48,0.51,0.62,0,0,1,0.53,0.64,-0.05,0,0.29,1.77,0,0,0,0,0,0,0,1.66,-0.18,-0.05,0,1.37,0,-0.57,-0.09,0,0,0,0,0,0,0,-0.22,0,0,0,0,0,0,0.12,0,0,0,0,0,0,0,1,0,0,0,0,0,0,0,0,0,0,0,0,0,0,0,0,0,1
1884,NON-FINANCIAL CORPORATION,UNSPECIFIED,Retail/BBG Commercial,Wholesale and Retail trade; Repair of Motor Vehicles and Motorcycles,Active,9/30/2022,0,0,0,612687.3,0,0,483059.68,241510.67,384615.38,0,1,0,0,0,0,0,5,0,0,0,0,0,23.83,-0.43,-0.43,0,40.39,2.23,2.23,0.5,0,9.93,0,0.5,0,0,2.23,0.67,1,2.37,0.67,0.79,9.93,0,-1,0,0,0,0,0,0,0,0,-0.43,9.93,1.26,0,0,0,0,0,1.27,0,0,-0.43,0,0,0,0,0,0,0.67,0,0,0,0,0,-1,0,0,0,-1,0,0,0,0,0,0,0,0,0,50000,0,0,9.56,0,0,0,-1,0,0,0,0,0,0.04,0,0,0,0,0,0,0,0,0,0,0,0,0,0,0,0,0,0,0,0,0,0,0,0,0,0,0,0,0,0,0,0,9,0,0,0,0,0,0,0,0,0,0,0,0,0,0,0,0,0,0,0,0,0,0,0,0,0,1
1872,NON-FINANCIAL CORPORATION,B,UNSPECIFIED,Financial and Insurance Activities,UNSPECIFIED,9/30/2022,0,0,0,4.52E+07,0,1,3.36E+07,0,7769230.77,0,1,0,0,30000,0,0,66,-1.28E+08,0.49,2,0.1,0.21,0.12,3.36,3.36,0.03,0.19,0,0,0,0.1,0.07,0.18,0,0.04,0.25,0.69,0.21,3,0.04,-0.12,0,0.09,0,-0.8,5.16,0.3,0.01,0.91,0,0,0,0,3.36,0.07,0,0,1,-0.01,2.16,0,0.05,0.33,0.91,-0.8,0,0.72,2.16,1.28,-0.73,440,0.21,0.17,0,0.42,3,-0.71,0.17,0,1,0,0.34,-0.56,3.25,-0.08,0,0,-0.53,1.33,0.06,0,2.80E+07,-0.14,0,-0.23,0,0.75,-0.05,3.25,1261393.48,0,0,1.33,0.04,0,0,1.29,0.17,0,0,0,0,0,0,0,3,-0.06,0,0,-0.11,0,-0.19,-0.42,0,0,1,0,0,1,0,-0.09,0,0,0,0,0,0,-0.09,0,0,0,0,0,0,0,0.06,0,0,0,0,0,0,0,0,0,0,0,0,0,0,0,0,0,1
7341,NON-FINANCIAL CORPORATION,UNSPECIFIED,Retail/BBG Commercial,Education,Active,9/30/2022,0,0,0,179032.25,0,0,66666.67,41666.67,7692307.69,0,1,0,0,0,0,0,5,0,0,0,0,0,4,-1,-1,0,49,4.5,1.02,-1,0,3.74,0,-1,0,0,4.5,-1,5,2.56,-1,1.25,9,0,-1,0,0,0,0,0,0,0,0,-1,3.74,0.36,0,0,0,0,0,0.05,0,0,-1,0,0,0,0,0,0,-1,0,0,0,0,0,0,0,0,0,0,0,0,0,0,0,0,0,0,0,0,0,0,-1,0,0,0,0,0,0,0,0,0,0.11,0,0,0,0,0,0,0,0,0,0,0,0,0,0,0,0,0,0,0,0,0,0,0,0,0,0,0,0,0,0,0,0,-1,0,0,0,0,0,0,0,0,0,0,0,0,0,0,0,0,0,0,0,0,0,0,0,0,0,1
3934,NON-FINANCIAL CORPORATION,UNSPECIFIED,Retail/BBG Commercial,Real Estate Activities,UNSPECIFIED,9/30/2022,0,0,0,3407092.76,0,0,567775.27,281364.14,384615.38,0,1,0,0,0,0,0,308,0,0,0,0,0,0.38,0.02,0.01,0.07,2,0.24,0.24,0.67,2.05,0.31,0,0.67,0.1,0.12,0.24,0,0,0.26,-0.17,0.15,0.51,0,-0.82,2.15,0,0.17,0,0,0,0,0,0.01,0.31,0.21,1,0,0,0,0,0.06,0,0,-0.82,0,0,-1,-0.41,-1,6,0,1,0,0,0,0,1,0,0,0,1,0,5,-1,0,0,-1,0,9.62,0,79476,0,0,0,0,-1,9.62,5,0,0,0,0,-0.08,0.01,0,0,-1,0,0,0,0,0,0,0,-1,0,4,0,-0.82,0,0.5,0,0,0,0,0,0,0,0,4,0,0,0,0,0,0,0,0,0,0,0,0,0,0,-0.17,0,0,0,0,0,0,0,0,0,0,0,0,0,0,0,0,0,1
5659,NON-FINANCIAL CORPORATION,UNSPECIFIED,Banking Center,Wholesale and Retail trade; Repair of Motor Vehicles and Motorcycles,UNSPECIFIED,9/30/2022,0,0,0,1832651.04,0,0,1215748.12,84587.8,0,0,1,0,3130266.16,1.64E+07,0,0,15,-1099620.2,0.06,0,5.05,6.98,0.16,8.52,1.58,0.06,-0.38,0.15,0.09,1,1.52,0.58,1.77,1,0.11,0.14,0.29,4,1,-0.05,-0.8,0.08,0.58,0,-0.73,0.93,0.45,0.21,20.13,0,0,3,0,1.58,0.58,-0.06,0,1,0.69,6.37,0,-0.27,0.63,20.13,0.14,2,5.31,6.37,0.86,-0.95,2,4,-1,0,0.58,2,20.13,1,0,1,-6811408.38,1,2.63,-1,60.11,0,0,-0.42,0.2,2.01,0,612213.98,37.71,0,-0.65,0,2,7.79,0.95,0,0,0,5,1.6,-0.06,0,1.5,1,0,0,0,0,0,0,0,2.33,-0.3,0.43,0,1.94,0,-1,1,0,0,0,0,0,0,0,1,0,0,0,0,0,0,0.11,0,0,0,0,0,0,0,0,0,0,0,0,0,0,0,0,0,0,0,0,0,0,0,0,0,1
4865,NON-FINANCIAL CORPORATION,UNSPECIFIED,Retail/BBG Commercial,Transportation and Storage,UNSPECIFIED,9/30/2022,0,0,0,1427662.31,0,0,27229.27,0,76923.08,0,1,0,81400,1444190,0,0,24,-3300000,0,0,0,0,0.03,3.32,-0.34,0.04,-0.02,0.03,0.03,0,-0.5,0.03,0,-1,-0.04,0.02,0.27,2,2,0,0,-0.07,0.07,0,-1,-0.15,0,-0.05,0.69,0,0,0,0,0,0,-0.12,0,-1,0,0,0,0,0,0,0,0,0,-1,0,-1,0,0,0,0,0,0,0,0,0,0,0,0,-1,0,-1,0,0,0,-1,0,0,0,0,0,-0.78,0,-1,-0.79,0,0,0,0,0,0,-0.14,0,0,0,0,0,0,0,0,0,0,1,-0.11,0,0,0,0,0,0,0,0,0,0,0,0,0,-0.33,0,0,0,0,0,0,1,0,0,0,0,0,0,0,0,0,0,0,0,0,0,0,0,0,0,0,0,0,0,0,0,0,1
408,NON-FINANCIAL CORPORATION,UNSPECIFIED,Corp Bank,Human Health and Social Work Activities,UNSPECIFIED,9/30/2022,0,0,0,5172121.93,0,0,257.26,0,769230.77,0,1,1,0,0,0,0,69,0,0,0,0,0,0,-1,-1,0,0,0,0,0,0,0,0,0,0,0,0,-1,0,0,0,0,0,0,-1,0,0,0,0,0,0,0,0,0,0,0,0,0,0,0,0,0,0,0,0,0,0,0,0,0,0,0,0,0,0,0,0,0,0,0,0,0,0,0,0,0,0,0,0,0,0,0,0,0,0,0,0,0,0,0,0,0,0,0,0,0,0,0,0,0,0,0,0,0,0,0,0,0,0,0,0,0,0,0,0,0,0,0,0,0,0,0,0,0,0,0,0,0,0,0,0,0,0,0,0,0,0,0,0,0,0,0,0,0,0,0,0,0,0,0,0,0,0,1
1089,NON-FINANCIAL CORPORATION,UNSPECIFIED,Banking Center,Wholesale and Retail trade; Repair of Motor Vehicles and Motorcycles,UNSPECIFIED,9/30/2022,0,0,0,1148336.74,0,0,537332.96,349218.38,7692307.69,0,1,0,0,0,0,0,38,-4500000,0,0,0,0,1.28,803.9,0.49,-0.15,2.28,-0.15,-0.28,1,-0.59,0.59,0,1,-0.18,0.04,-0.05,2,1,0.29,2,-0.23,0.59,0,-1,-0.64,0,0.06,-1,0,0,0,0,0.49,0.43,-0.32,0,0,0,0,0,0.43,0,0,0.49,-1,0,0,0,0,0,2,0,0,0,0,0,0,0,0,-2500000,0,-1,0,0,0,0,0,-1,0.48,0,0,0,0,0,0,0,0,0,0,0,0,0,0,-0.32,0,0,0,0,0,0,0,0,0,0,-1,0,2,0,0,0,0,0,0,0,0,0,0,0,0,0,0,0,0,0,0,0,0,0,0,0,0,0,0,0,0,0,0,0,0,0,0,0,0,0,0,0,0,0,0,0,0,0,1
3669,NON-FINANCIAL CORPORATION,UNSPECIFIED,Retail/BBG Commercial,Administrative and Support Service Activities,UNSPECIFIED,9/30/2022,0,0,0,4.24E+07,0,1,2.25E+07,0,384615.38,0,1,0,0,0,0,0,114,-9.31E+07,-0.14,0,0.06,0.04,-0.16,0.29,0.21,0.86,-0.24,7.73,0,0,1.18,-0.03,-0.08,-1,1.14,0.09,7.73,1.17,0,-0.05,-0.09,1.73,0.11,0,-0.5,0.83,0.04,0.13,3.15,0,0,1,0,0.06,-0.13,0,1,0.72,-0.12,0.28,0,-0.13,0.05,0.88,-0.5,-1,-0.07,0.28,-0.22,-0.42,0,0,0,0,0.04,0.15,-0.77,-1,0,0.72,-6042955.75,-1,-0.06,0,-0.35,0,0,-0.48,0.4,-0.45,0,33609.58,-0.26,1,-0.63,0,0.44,-0.51,-1,0,0,0,0.17,-0.05,0,0,0.08,0.2,0,0,0,0,0,0,0,0.31,-0.21,0.67,0,-0.47,0,0,0.02,0,0,0,0,0,1,0,-0.09,0,0,0,0,0,0,-0.62,0,0,0,0,0,0,0,-0.09,0,0,0,0,0,0,0,0,0,0,0,0,0,0,0,0,0,1
3843,NON-FINANCIAL CORPORATION,UNSPECIFIED,Banking Center,UNSPECIFIED,UNSPECIFIED,9/30/2022,0,0,0,2644927.67,0,0,44847.31,30554.62,3846153.85,0,1,2,0,0,0,0,77,-2792122.31,0,0,0,0,0.05,86.92,-1,-0.17,0.07,0.01,0.01,-1,-0.7,0.04,0,-1,-0.14,-0.06,0.01,0,2,0.01,0,-0.14,0.04,0,-1,-0.7,0,-0.08,-1,0,0,0,0,-1,0.01,0,0,0,0,0,0,0.01,0,0,-1,0,0,0,0,0,0,0,0,0,0,0,0,0,0,0,0,0,0,0,-1,0,0,0,0,-0.99,0,0,0,0,-0.99,0,-1,-1,0,0,0,0,0,0,-0.29,0,0,0,0,0,0,0,0,0,0,1,0,0,0,0,0,0,0,0,0,0,0,0,0,0,0,0,0,0,0,0,0,0,0,0,0,0,0,0,0,0,0,0,0,0,0,0,0,0,0,0,0,0,0,0,0,0,0,1
4126,FINANCIAL CORPORATION (NON-BANK),UNSPECIFIED,Corp Bank,Financial and Insurance Activities,UNSPECIFIED,9/30/2022,1.81E+08,0,1,4.73E+08,1,1,1.74E+08,5.49E+07,384615.38,1,1,9,552424.84,1026721.84,9789,-1.38E+08,211,-1.66E+08,0.93,12,0.28,0.32,-0.34,4.97,4.97,0.07,-0.1,0.36,0.04,0.12,0.78,-0.17,0.63,0.13,0.06,0.06,0.39,0.21,2,0,-0.07,0.11,0.32,0,-0.82,0.2,0,0.1,11.28,0,0,2,0,-0.05,-0.2,0.03,6,0,0.06,0.09,0,-0.2,0.04,-0.99,-0.82,1,-0.28,2.85,-0.43,-0.69,1325,0.18,0,0,0.02,0.1,-0.99,0.12,0,-0.38,-4299611.66,0.19,-0.5,-0.02,-0.47,0,0,0.15,-0.08,-0.68,0,1.62E+08,-0.62,0,-0.04,0,0.28,-0.69,0.21,0,0,1,0.11,0.05,0.03,0,0.06,0.1,0,0,0,0,0,0,0,0.17,-0.2,0.17,0,-0.83,0,-0.1,0.01,0,0,0,0,0,0,0,0.22,0,0,0,0,0,0,0.32,0,0,0,0,0,0,0,0.09,0,0,0,0,0,0,0,0,0,0,0,0,0,0,0,0,0,1
1431,NON-FINANCIAL CORPORATION,UNSPECIFIED,Banking Center,Real Estate Activities,UNSPECIFIED,9/30/2022,583333.33,1,1,1.83E+07,0,0,8979580.72,588506.16,384615.38,0,1,1,2482576.35,1.30E+07,0,0,134,-2.71E+07,0.32,0,0.22,0.42,-0.18,1.27,1.27,0.1,0.46,0.52,0.52,0.16,0.65,0.01,0.51,0.6,0.14,0.05,0.61,0.27,0,0.12,-0.18,0.18,0.77,0,-0.44,0.29,-0.02,0.1,2.2,0,0,120,0,0.7,0.01,0.01,1,0.41,0.01,2.07,0,-0.19,0.03,0.99,0.18,0.57,0.75,2.07,0.44,-0.57,119,0.05,0.1,0,0.03,0.03,-0.58,0.78,0,0.09,-3520522.35,0.78,0.01,0.12,2.36,0,0,2.18,-0.37,1.05,0,4.62E+07,0.31,0,1.33,0,0.01,-0.09,0.36,0,0,0,-0.12,-0.06,0.01,0,-0.06,0.13,0,0,0,0,0,0,0,0.3,-0.19,-0.01,0,1,0,-0.33,-0.14,0,0,0,0,0,0,0,-0.1,0,0,0,0,0,0,0,0,0,0,0,0,0,0,-0.13,0,0,0,0,0,0,0,0,0,0,0,0,0,0,0,0,0,1
5012,NON-FINANCIAL CORPORATION,UNSPECIFIED,Retail/BBG Commercial,"Professional, Scientific & Technical Activities",UNSPECIFIED,9/30/2022,0,0,0,1.32E+07,0,0,2.69E+07,708404.67,38461.54,0,1,0,1371488.26,1476638.26,0,0,56,-2.67E+07,4.38,2,2.88,3.31,19.25,31.29,8.13,0.84,527.8,7.64,7.64,5.5,33.51,13.07,4.94,5.5,0.99,2.69,7.64,12,2,6.05,-0.09,1.59,16.25,0,0.19,45.76,0.72,3.6,16.16,0,0,18,0,4.36,0.44,0.66,0,3.54,3.2,8.96,0,0.44,0.92,8.45,2.37,1.5,4.85,14.07,3.36,-0.61,35,0.6,0.56,0,0.89,2.55,0.92,0.56,0,3.54,-2392316.5,0.56,158.79,11.21,108.02,0,0,252.73,3.59,4694.54,0,9471988.75,16.22,0,1542.15,0,8.75,56.52,93.4,0,0,0,2.71,0.26,-0.49,0,1.3,8.75,0,0,0,0,0,0,0,3.75,0.01,132,0,17.05,0,-0.14,0.05,0,0,0,0,0,0,0,12.3,0,0,0,0,0,0,132,0,0,0,0,0,0,0,0.46,0,0,0,0,0,0,0,0,0,0,0,0,0,0,0,0,0,1
9340,SOLE PROPRIETORSHIP,UNSPECIFIED,Retail/BBG Commercial,Accommodation and Food Service Activities,UNSPECIFIED,9/30/2022,0,0,1,1.92E+07,0,0,1759458.43,284953.22,76923.08,0,1,1,3859000,4361000,0,0,60,-1360796.66,2,0,0,1.02,0.26,11.99,11.99,0.43,0.46,0.13,0.13,2.5,0.6,0.16,1.01,2.5,0.56,0.07,4.91,2.2,1,0.08,-0.22,0.07,0.16,0,-0.87,1.06,0,0.06,3.5,0,0,2,0,11.99,0.09,0.04,0,0,0.16,6.21,0,0.09,0.5,-1,-0.87,-1,2.71,6.21,5.56,-0.91,6,1.14,0,0,0.3,3,-1,0,0,-1,-31500,2,0,0,-0.98,0,-397278.44,-0.97,0,-0.15,0,3765000,0.46,0,-0.68,0,0,1.15,21.18,0,0,0,1,0.46,0.03,0,1.25,-0.5,0,0,0,0,0,0,0,3,0.02,1.5,0,0.69,0,0,-0.5,0,0,0,0,0,0,0,1.14,0,0,0,0,0,0,0.25,0,0,0,0,0,0,0,0.67,0,0,0,0,0,0,0,0,0,0,0,0,0,0,0,0,0,1
3658,NON-FINANCIAL CORPORATION,UNSPECIFIED,Banking Center,"Arts, Entertainment & Recreation",UNSPECIFIED,9/30/2022,0,0,0,1.07E+07,0,0,843414.69,1196507.22,384615.38,0,1,1,0,1.76E+07,0,0,106,-2.40E+07,0,0,0,0,-0.44,60939.19,-0.76,0.29,-0.55,0.75,0.08,-0.5,3.88,-0.01,0,-0.5,0.4,0.84,1.63,2,0,-0.11,-1,0.31,0.19,0,-1,3.88,0,1.16,5.32,0,0,0,0,-1,-0.43,0.08,1,1,0,-1,0,-0.43,0,-1,-1,0,0,5.32,0,-1,0,-1,0,0,0,-1,-1,0,0,-1,0,0,0,0,0,0,0,13999.53,0,0,0,0,-0.97,0,-0.97,0,0,0,0,0,0,0,-0.5,0,0.08,0,0,0,0,0,0,0,0,0,0,1,-0.43,0,0,-0.73,0,0,-1,0,0,0,0,0,0,0,0,0,0,0,0,0,0,-0.33,0,0,0,0,0,0,0,1,0,0,0,0,0,0,0,0,0,0,0,0,0,0,0,0,0,1
6792,FINANCIAL CORPORATION (NON-BANK),B,UNSPECIFIED,Financial and Insurance Activities,Active,9/30/2022,5000000,1,1,5014166.67,0,0,1.00E+07,5025000,7692307.77,0,1,0,0,0,0,0,0,0,0,0,0,0,0,0,0,0,0,0,0,0,0,0,0,0,0,0,0,0,1,0,0,0,0,0,0,0,0,0,0,0,0,0,0,0,0,0,0,0,0,0,0,0,0,0,0,0,0,0,0,0,0,0,0,0,0,0,0,0,0,0,0,0,0,0,0,0,0,0,0,0,0,0,0,0,0,0,0,0,0,0,0,0,0,0,0,0,0,0,0,0,0,0,0,0,0,0,0,0,0,0,0,0,0,0,0,0,0,0,0,0,0,0,0,0,0,0,0,0,0,0,0,0,0,0,0,0,0,0,0,0,0,0,0,0,0,0,0,0,0,0,0,0,0,1
9528,NON-FINANCIAL CORPORATION,UNSPECIFIED,UNSPECIFIED,UNSPECIFIED,UNSPECIFIED,9/30/2022,0,0,0,0,0,0,0,0,0,0,0,0,0,0,0,0,0,0,0,0,0,0,0,0,0,0,0,0,0,0,0,0,0,0,0,0,0,0,0,0,0,0,0,0,0,0,0,0,0,0,0,0,0,0,0,0,0,0,0,0,0,0,0,0,0,0,0,0,0,0,0,0,0,0,0,0,0,0,0,0,0,0,0,0,0,0,0,0,0,0,0,0,0,0,0,0,0,0,0,0,0,0,0,0,0,0,0,0,0,0,0,0,0,0,0,0,0,0,0,0,0,0,0,0,0,0,0,0,0,0,0,0,0,0,0,0,0,0,0,0,0,0,0,0,0,0,0,0,0,0,0,0,0,0,0,0,0,0,0,0,0,0,0,1
446,FINANCIAL CORPORATION (NON-BANK),UNSPECIFIED,UNSPECIFIED,UNSPECIFIED,UNSPECIFIED,9/30/2022,0,0,0,0,0,0,0,0,0,0,0,0,0,0,0,0,0,0,0,0,0,0,0,0,0,0,0,0,0,0,0,0,0,0,0,0,0,0,0,0,0,0,0,0,0,0,0,0,0,0,0,0,0,0,0,0,0,0,0,0,0,0,0,0,0,0,0,0,0,0,0,0,0,0,0,0,0,0,0,0,0,0,0,0,0,0,0,0,0,0,0,0,0,0,0,0,0,0,0,0,0,0,0,0,0,0,0,0,0,0,0,0,0,0,0,0,0,0,0,0,0,0,0,0,0,0,0,0,0,0,0,0,0,0,0,0,0,0,0,0,0,0,0,0,0,0,0,0,0,0,0,0,0,0,0,0,0,0,0,0,0,0,0,1
2489,SOLE PROPRIETORSHIP,UNSPECIFIED,UNSPECIFIED,UNSPECIFIED,UNSPECIFIED,9/30/2022,0,0,0,0,0,0,0,0,0,0,0,0,0,0,0,0,0,0,0,0,0,0,0,0,0,0,0,0,0,0,0,0,0,0,0,0,0,0,0,0,0,0,0,0,0,0,0,0,0,0,0,0,0,0,0,0,0,0,0,0,0,0,0,0,0,0,0,0,0,0,0,0,0,0,0,0,0,0,0,0,0,0,0,0,0,0,0,0,0,0,0,0,0,0,0,0,0,0,0,0,0,0,0,0,0,0,0,0,0,0,0,0,0,0,0,0,0,0,0,0,0,0,0,0,0,0,0,0,0,0,0,0,0,0,0,0,0,0,0,0,0,0,0,0,0,0,0,0,0,0,0,0,0,0,0,0,0,0,0,0,0,0,0,1
3611,NON-FINANCIAL CORPORATION,UNSPECIFIED,UNSPECIFIED,UNSPECIFIED,UNSPECIFIED,9/30/2022,0,0,0,0,0,0,0,0,0,0,0,0,0,0,0,0,0,0,0,0,0,0,0,0,0,0,0,0,0,0,0,0,0,0,0,0,0,0,0,0,0,0,0,0,0,0,0,0,0,0,0,0,0,0,0,0,0,0,0,0,0,0,0,0,0,0,0,0,0,0,0,0,0,0,0,0,0,0,0,0,0,0,0,0,0,0,0,0,0,0,0,0,0,0,0,0,0,0,0,0,0,0,0,0,0,0,0,0,0,0,0,0,0,0,0,0,0,0,0,0,0,0,0,0,0,0,0,0,0,0,0,0,0,0,0,0,0,0,0,0,0,0,0,0,0,0,0,0,0,0,0,0,0,0,0,0,0,0,0,0,0,0,0,1
5187,NON-FINANCIAL CORPORATION,UNSPECIFIED,UNSPECIFIED,UNSPECIFIED,UNSPECIFIED,9/30/2022,0,0,0,0,0,0,0,0,0,0,0,0,0,0,0,0,0,0,0,0,0,0,0,0,0,0,0,0,0,0,0,0,0,0,0,0,0,0,0,0,0,0,0,0,0,0,0,0,0,0,0,0,0,0,0,0,0,0,0,0,0,0,0,0,0,0,0,0,0,0,0,0,0,0,0,0,0,0,0,0,0,0,0,0,0,0,0,0,0,0,0,0,0,0,0,0,0,0,0,0,0,0,0,0,0,0,0,0,0,0,0,0,0,0,0,0,0,0,0,0,0,0,0,0,0,0,0,0,0,0,0,0,0,0,0,0,0,0,0,0,0,0,0,0,0,0,0,0,0,0,0,0,0,0,0,0,0,0,0,0,0,0,0,1
2048,FINANCIAL CORPORATION (NON-BANK),UNSPECIFIED,UNSPECIFIED,UNSPECIFIED,UNSPECIFIED,9/30/2022,0,0,0,0,0,0,0,0,0,0,0,0,0,0,0,0,0,0,0,0,0,0,0,0,0,0,0,0,0,0,0,0,0,0,0,0,0,0,0,0,0,0,0,0,0,0,0,0,0,0,0,0,0,0,0,0,0,0,0,0,0,0,0,0,0,0,0,0,0,0,0,0,0,0,0,0,0,0,0,0,0,0,0,0,0,0,0,0,0,0,0,0,0,0,0,0,0,0,0,0,0,0,0,0,0,0,0,0,0,0,0,0,0,0,0,0,0,0,0,0,0,0,0,0,0,0,0,0,0,0,0,0,0,0,0,0,0,0,0,0,0,0,0,0,0,0,0,0,0,0,0,0,0,0,0,0,0,0,0,0,0,0,0,1
2983,NON-FINANCIAL CORPORATION,UNSPECIFIED,UNSPECIFIED,UNSPECIFIED,UNSPECIFIED,9/30/2022,0,0,0,0,0,0,0,0,0,0,0,0,0,0,0,0,0,0,0,0,0,0,0,0,0,0,0,0,0,0,0,0,0,0,0,0,0,0,0,0,0,0,0,0,0,0,0,0,0,0,0,0,0,0,0,0,0,0,0,0,0,0,0,0,0,0,0,0,0,0,0,0,0,0,0,0,0,0,0,0,0,0,0,0,0,0,0,0,0,0,0,0,0,0,0,0,0,0,0,0,0,0,0,0,0,0,0,0,0,0,0,0,0,0,0,0,0,0,0,0,0,0,0,0,0,0,0,0,0,0,0,0,0,0,0,0,0,0,0,0,0,0,0,0,0,0,0,0,0,0,0,0,0,0,0,0,0,0,0,0,0,0,0,1
6961,NON-FINANCIAL CORPORATION,C,UNSPECIFIED,Financial and Insurance Activities,UNSPECIFIED,7/31/2023,0,0,0,1.05E+08,0,2,4.09E+08,448904.04,1230769.23,0,1,0,4082325.3,7381735.99,299997,-1.08E+07,13,0,0.09,3,0.25,0.27,0.29,1.2,0.27,0.08,0.48,0.12,0.08,2,1.27,0.3,0.12,2,0.09,0.14,0.16,3.07,10,0.1,-0.23,0.07,0.33,0,-0.29,2.38,0.27,0.14,0,0,0,0,0,0.05,0.3,0.03,0,0,0.85,0.06,0,-0.01,0.4,0,-0.29,0,-0.05,0.41,-0.12,-0.17,5,3.07,1,0,0.17,0.38,0,1,0,0,0,1,4.72,13.82,2.71,0,-636466.64,0.63,1.44,2.22,0,615209.53,-0.12,0,0.4,0,2.86,2.05,13.82,0,0,0,-0.23,1.42,0.03,0,-0.03,0.36,0,0,0,0,42624.56,0,0,2.26,-0.17,2.11,0,-0.26,0,-0.5,-0.44,0,0,0,0,0,0,0,0.57,0,0,0,0,0,0,3.33,0,0,0,0,0,0,0,2.12,0,0,0,0,0,0,0,0,0,0,0,0,0,0,0,0,0,1
6571,NON-FINANCIAL CORPORATION,B,UNSPECIFIED,Real Estate Activities,UNSPECIFIED,7/31/2023,1.22E+07,1,1,1.32E+07,0,0,27512.48,0,1307692.31,0,1,0,0,0,0,0,60,0,44.92,0,0,0,0,2110.63,225.43,0,0,0,0,0,0,0,0,0,0,0.01,0.01,1,1,0,0,0,0,0,-1,0,0,0,0,0,0,0,0,225.43,0,0,0,0,0.1,0,0,0,0,0,-1,0,0,0,112.22,0,0,0,0,0,0,0,0,0,0,0,0,0,0,0,0,0,0,0,0,0.56,0,0,0,0,0.17,0,0,2.61,0,0,0,0,0,0,0,0,0,0,0,0,0,0,0,0,0,-1,0,0,0,0,0,0,0,0,0,0,0,0,0,0,0,0,0,0,0,0,0,0,0,0,0,0,0,0,0,0,0,0,0,0,0,0,0,0,0,0,0,0,0,0,0,0,0,1
2847,NON-FINANCIAL CORPORATION,M,UNSPECIFIED,Wholesale and Retail trade; Repair of Motor Vehicles and Motorcycles,UNSPECIFIED,7/31/2023,2.75E+07,1,1,2.95E+07,0,1,1040625.97,4156.34,615384.62,0,1,0,1025000,1025000,0,0,84,-2187410,0,0,4.65,6.34,-0.22,923.16,25.35,-0.01,-0.12,0.03,0.03,-1,-0.63,0.04,5.49,-1,-0.01,-0.07,0.03,0.5,2,0,0,-0.01,0.42,0,-1,-0.65,0.13,-0.09,-1,0,0,0,0,25.35,0.04,-0.01,0,-1,0,18.04,0,-0.25,0.09,0,-0.92,0,8.57,18.04,12.21,-0.9,0,0,0,0,0.13,0.4,0,0,0,0,0,0,21.85,0,20.11,0,0,18.1,0.4,0,0,0,0.9,0,24.97,0,0.4,293.25,0,0,0,0,0.17,0,-0.05,0,0.12,0.4,0,0,0,0,0,0,0,1.2,-0.25,0,0,0.99,0,0,-0.17,0,0,0,0,0,0,0,1,0,0,0,0,0,0,-0.33,0,0,0,0,0,0,0,0,0,0,0,0,0,0,0,0,0,0,0,0,0,0,0,0,0,1
3452,NON-FINANCIAL CORPORATION,B,Retail/BBG Commercial,Real Estate Activities,UNSPECIFIED,7/31/2023,0,0,0,128679.75,0,0,100002.49,55555.56,723245.54,0,1,0,0,0,0,0,71,0,0,0,0.72,0.99,2.1,40105.95,40105.95,-0.08,0.48,0.21,0.21,-1,0.38,2.54,1.68,0,-0.07,0.16,0.21,1,1,0.41,0,-0.02,2.54,0,-1,-0.21,0.17,0.29,0,0,0,0,0,40105.95,-0.12,-0.08,0,0,0,6.37,0,-0.12,0.19,0,40105.95,0,2.96,6.37,0,-0.73,0,0,0,0,0.19,0.2,0,-1,0,0,0,-1,1.71,0,1.71,0,0,6.57,0,0,0,100,3.11,0,2,0,0,0,-1,0,0,0,-0.14,0,-0.11,0,-0.04,0.2,0,0,0,0,0,0,0,1.33,-0.54,0,0,0,0,0,-0.29,0,0,0,0,0,0,0,0,0,0,0,0,0,0,-0.5,0,0,0,0,0,0,0,0,0,0,0,0,0,0,0,0,0,0,0,0,0,0,0,0,0,1
3130,NON-FINANCIAL CORPORATION,UNSPECIFIED,UNSPECIFIED,UNSPECIFIED,UNSPECIFIED,7/31/2023,0,0,0,0,0,0,0,0,0,0,0,0,0,0,0,0,0,0,0,0,0,0,0,0,0,0,0,0,0,0,0,0,0,0,0,0,0,0,0,0,0,0,0,0,0,0,0,0,0,0,0,0,0,0,0,0,0,0,0,0,0,0,0,0,0,0,0,0,0,0,0,0,0,0,0,0,0,0,0,0,0,0,0,0,0,0,0,0,0,0,0,0,0,0,0,0,0,0,0,0,0,0,0,0,0,0,0,0,0,0,0,0,0,0,0,0,0,0,0,0,0,0,0,0,0,0,0,0,0,0,0,0,0,0,0,0,0,0,0,0,0,0,0,0,0,0,0,0,0,0,0,0,0,0,0,0,0,0,0,0,0,0,0,1
7434,FINANCIAL CORPORATION (NON-BANK),UNSPECIFIED,UNSPECIFIED,UNSPECIFIED,UNSPECIFIED,7/31/2023,0,0,0,0,0,0,0,0,0,0,0,0,0,0,0,0,0,0,0,0,0,0,0,0,0,0,0,0,0,0,0,0,0,0,0,0,0,0,0,0,0,0,0,0,0,0,0,0,0,0,0,0,0,0,0,0,0,0,0,0,0,0,0,0,0,0,0,0,0,0,0,0,0,0,0,0,0,0,0,0,0,0,0,0,0,0,0,0,0,0,0,0,0,0,0,0,0,0,0,0,0,0,0,0,0,0,0,0,0,0,0,0,0,0,0,0,0,0,0,0,0,0,0,0,0,0,0,0,0,0,0,0,0,0,0,0,0,0,0,0,0,0,0,0,0,0,0,0,0,0,0,0,0,0,0,0,0,0,0,0,0,0,0,1
969,NON-FINANCIAL CORPORATION,UNSPECIFIED,UNSPECIFIED,UNSPECIFIED,UNSPECIFIED,7/31/2023,0,0,0,0,0,0,0,0,0,0,0,0,0,0,0,0,0,0,0,0,0,0,0,0,0,0,0,0,0,0,0,0,0,0,0,0,0,0,0,0,0,0,0,0,0,0,0,0,0,0,0,0,0,0,0,0,0,0,0,0,0,0,0,0,0,0,0,0,0,0,0,0,0,0,0,0,0,0,0,0,0,0,0,0,0,0,0,0,0,0,0,0,0,0,0,0,0,0,0,0,0,0,0,0,0,0,0,0,0,0,0,0,0,0,0,0,0,0,0,0,0,0,0,0,0,0,0,0,0,0,0,0,0,0,0,0,0,0,0,0,0,0,0,0,0,0,0,0,0,0,0,0,0,0,0,0,0,0,0,0,0,0,0,1
6484,NON-FINANCIAL CORPORATION,UNSPECIFIED,UNSPECIFIED,UNSPECIFIED,UNSPECIFIED,7/31/2023,0,0,0,0,0,0,0,0,0,0,0,0,0,0,0,0,0,0,0,0,0,0,0,0,0,0,0,0,0,0,0,0,0,0,0,0,0,0,0,0,0,0,0,0,0,0,0,0,0,0,0,0,0,0,0,0,0,0,0,0,0,0,0,0,0,0,0,0,0,0,0,0,0,0,0,0,0,0,0,0,0,0,0,0,0,0,0,0,0,0,0,0,0,0,0,0,0,0,0,0,0,0,0,0,0,0,0,0,0,0,0,0,0,0,0,0,0,0,0,0,0,0,0,0,0,0,0,0,0,0,0,0,0,0,0,0,0,0,0,0,0,0,0,0,0,0,0,0,0,0,0,0,0,0,0,0,0,0,0,0,0,0,0,1
2254,NON-FINANCIAL CORPORATION,UNSPECIFIED,UNSPECIFIED,UNSPECIFIED,UNSPECIFIED,7/31/2023,0,0,0,0,0,0,0,0,0,0,0,0,0,0,0,0,0,0,0,0,0,0,0,0,0,0,0,0,0,0,0,0,0,0,0,0,0,0,0,0,0,0,0,0,0,0,0,0,0,0,0,0,0,0,0,0,0,0,0,0,0,0,0,0,0,0,0,0,0,0,0,0,0,0,0,0,0,0,0,0,0,0,0,0,0,0,0,0,0,0,0,0,0,0,0,0,0,0,0,0,0,0,0,0,0,0,0,0,0,0,0,0,0,0,0,0,0,0,0,0,0,0,0,0,0,0,0,0,0,0,0,0,0,0,0,0,0,0,0,0,0,0,0,0,0,0,0,0,0,0,0,0,0,0,0,0,0,0,0,0,0,0,0,1
2027,NON-FINANCIAL CORPORATION,M,UNSPECIFIED,Wholesale and Retail trade; Repair of Motor Vehicles and Motorcycles,Active,7/31/2023,0,0,0,3779723.57,0,1,1.61E+07,1.55E+07,0,0,1,0,4360725.11,3.27E+07,0,0,344,-2.08E+07,0.84,0,0.61,0.81,7.52,4.44,4.44,0,4.2,0.74,0.74,0.16,6.46,4.87,0.95,0.27,0.1,0.47,0.74,0.14,0,1.04,0.09,0.16,4.87,0,-0.79,2.79,0,0.71,208.1,0,0,45,0,4.44,0.45,-0.03,2,1,0.04,5.59,0,0.45,0,-1,0.73,0.73,3.01,5.59,2.59,-0.8,11,0.13,-0.2,0,0.1,0,-1,4,0,-1,-5141734.28,4,-0.15,-0.09,0.28,0,0,-0.25,-0.38,0.29,0,383483,8.41,0,-0.06,0,-0.33,-0.1,99.34,0,0,0,-0.06,0.11,-0.03,0,-0.03,0.21,0,0,0,0,21.44,0,0,0.74,-0.49,0.05,0,8.42,0,-0.5,-0.06,0,0,0,0,0,0,0,-0.2,0,0,0,0,0,0,0.19,0,0,0,0,0,0,0,0.23,0,0,0,0,0,0,0,0,0,0,0,0,0,0,0,0,0,1
3151,NON-FINANCIAL CORPORATION,C,Corp Bank,Administrative and Support Service Activities,UNSPECIFIED,7/31/2023,3333333.33,1,1,3.04E+07,0,0,5.04E+07,4.30E+07,7692307.69,0,1,0,1251944.67,3457009.03,0,0,49,0,0.07,0,0.03,0.05,-0.22,0.92,0.92,0.15,-0.05,1.39,1.39,0.63,-0.1,0.18,0.02,0.63,0.19,0.01,1.39,0.61,1,0.02,-0.28,0.3,0.25,0,-0.53,-0.04,0.04,0,0,0,0,1,0,0.92,0.18,0,0,0,0.01,0.61,0,-0.34,0.03,0,-0.53,-1,0.1,0.61,0.19,-0.42,0,-0.06,0,0,0.05,0.19,0,0,0,0,-1144110.81,0,-0.15,0,-0.12,0,0,-0.15,0.45,-0.09,0,0,-0.07,0,-0.17,0,0.28,-0.33,0,0,0,0,0.19,-0.17,0,0,0.09,0.28,0,0,0,0,0,0,0,0.19,-0.34,-0.24,0,-0.1,0,0,0,0,0,0,0,0,0,0,-0.26,0,0,0,0,0,0,-0.15,0,0,0,0,0,0,0,-0.32,0,0,0,0,0,0,0,0,0,0,0,0,0,0,0,0,0,1
2022,NON-FINANCIAL CORPORATION,B,UNSPECIFIED,Real Estate Activities,Active,7/31/2023,0,0,0,189371.86,0,0,200683.35,71119.49,0,0,1,0,18293,18293,0,0,2,0,0,0,0,0,23.59,3.69,3.69,0,0,4.18,4.18,1,0,8.35,0,1,0,0,4.18,5,1,0,0.17,0,8.35,0,-0.43,0,0,0,0,0,0,0,0,3.69,8.35,1.25,0,0,0,-0.95,0,1.63,0,0,-0.43,0,0,-0.95,1.63,-0.95,5,5,-0.33,0,0,0,0,-0.33,0,0,0,-0.33,0,-0.6,0,0,0,0,0,0,0,370390,0,0,0,0,0,0,-0.6,0,0,0,0,2.58,1.25,0,0,0,0,0,0,0,0,0,0,0,1.63,0,0,1.67,0,-0.33,0,0,0,0,0,0,0,0,0,0,0,0,0,0,0,0,0,0,0,0,0,0,0,6,0,0,0,0,0,0,0,0,0,0,0,0,0,0,0,0,0,1
651,NON-FINANCIAL CORPORATION,B,UNSPECIFIED,Real Estate Activities,Active,7/31/2023,0,0,0,962437.47,0,0,1.03E+07,2800000,0,0,1,0,0,0,0,-2.00E+07,1,0,0,0,0,0,0,-0.67,-0.67,0,0,49.29,49.29,0,0,2.62,0,0,0,0,49.29,-0.67,1,0,-0.67,0,2.62,0,-0.67,0,0,0,0,0,0,0,0,-0.67,0,49.29,0,0,0,-0.67,0,2.62,0,0,-0.67,0,0,-0.67,0,-0.67,0,-0.67,0,0,0,0,0,0,0,0,0,0,0,0,0,0,0,0,0,0,0,0,0,0,0,0,0,0,0,0,0,0,0,0,49.29,0,0,0,0,0,0,0,0,0,0,0,2.62,0,0,0,0,0,0,0,0,0,0,0,0,0,0,0,0,0,0,0,0,0,0,0,0,0,0,0,0,0,0,0,0,0,0,0,0,0,0,0,0,0,0,0,0,0,0,1
8258,NON-FINANCIAL CORPORATION,B,UNSPECIFIED,Other Service Activities,Active,7/31/2023,0,0,0,11290.32,0,0,50000,50000,0,0,1,0,0,0,0,0,0,0,0,0,0,0,0,0,0,0,0,0,0,0,0,0,0,0,0,0,0,0,1,0,0,0,0,0,0,0,0,0,0,0,0,0,0,0,0,0,0,0,0,0,0,0,0,0,0,0,0,0,0,0,0,0,0,0,0,0,0,0,0,0,0,0,0,0,0,0,0,0,0,0,0,0,0,0,0,0,0,0,0,0,0,0,0,0,0,0,0,0,0,0,0,0,0,0,0,0,0,0,0,0,0,0,0,0,0,0,0,0,0,0,0,0,0,0,0,0,0,0,0,0,0,0,0,0,0,0,0,0,0,0,0,0,0,0,0,0,0,0,0,0,0,0,0,1
7404,NON-FINANCIAL CORPORATION,B,UNSPECIFIED,Human Health and Social Work Activities,Active,3/31/2023,0,0,0,745590.42,0,0,6872515.94,6872481.35,1153846.15,0,1,0,0,0,0,0,0,0,0,0,0,0,0,0,0,0,0,0,0,0,0,0,0,0,0,0,0,0,1,0,0,0,0,0,0,0,0,0,0,0,0,0,0,0,0,0,0,0,0,0,0,0,0,0,0,0,0,0,0,0,0,0,0,0,0,0,0,0,0,0,0,0,0,0,0,0,0,0,0,0,0,0,0,0,0,0,0,0,0,0,0,0,0,0,0,0,0,0,0,0,0,0,0,0,0,0,0,0,0,0,0,0,0,0,0,0,0,0,0,0,0,0,0,0,0,0,0,0,0,0,0,0,0,0,0,0,0,0,0,0,0,0,0,0,0,0,0,0,0,0,0,0,0,1
2912,FINANCIAL CORPORATION (NON-BANK),C,Corp Bank,Financial and Insurance Activities,UNSPECIFIED,3/31/2023,5.63E+07,0,0,3.39E+08,1,3,4.57E+09,3.07E+09,7.69E+09,0,1,3,1.01E+08,1.86E+08,1.03E+07,-2132044.28,127,-2.70E+10,0.45,715,0.59,0.51,-0.78,3.29,3.29,0.36,0,0.33,0.16,2.36,-0.45,-0.23,0.52,22,0.48,0.3,4.24,0.25,1,0.45,-0.07,0.07,3.08,0,-0.57,0.28,0.09,0.21,3.64,0,0,0,0,-0.2,-0.23,-0.03,1,3.41,0.05,-0.32,0,-0.71,0.05,-0.25,-0.57,0,-0.34,3.65,-0.39,-0.47,2,0.02,0,0,0.14,-0.12,-0.35,0,0,-0.24,0,0,0.59,0,-0.55,0,0,0.19,0.57,-0.65,0,381592,-0.56,0,-0.03,0,-0.09,0.22,5.37,0,0,0,-0.32,-0.03,-0.14,0,-0.17,0.36,0,0,0,0,0,0,0,0.89,-0.71,-0.11,0,-0.66,0,0,-0.23,0,0,0,0,0,0,0,0.34,0,0,0,0,0,0,0.26,0,0,0,0,0,0,0,-0.05,0,0,0,0,0,0,0,0,0,0,0,0,0,0,0,0,0,1
9211,NON-FINANCIAL CORPORATION,C,UNSPECIFIED,Real Estate Activities,UNSPECIFIED,3/31/2023,0,0,0,8741891.38,0,0,5.85E+07,2.58E+07,7692307.69,0,1,0,3.53E+07,3.56E+07,0,0,115,-9.60E+07,0.14,0,0.31,0.01,-0.22,2.85,0.42,0.01,0.11,0.06,-0.01,2.58,-0.09,0.1,0.15,2.58,0.01,0.07,0.11,1.64,0,0.14,-0.04,-0.01,0.76,0,-0.45,0.07,0.16,0.07,0.78,0,0,0,0,0.18,-0.29,-0.08,1,1,0.28,0.06,0,-0.29,0.21,0.05,-0.45,0,-0.15,0.79,-0.14,-0.35,106,1.64,0.41,0,0.29,0.73,-0.38,0.41,0,1,0,2.33,0.37,0.68,-0.56,0,-2.19E+07,0.55,2.11,-0.57,0,3.70E+07,-0.32,0,0.49,-4830388.98,2.47,0.41,2.65,3211274.55,-9744448.67,0,1.62,0.8,-0.08,0,0.62,1.81,0,0,0,0,0,0,0,0.73,-0.5,1.17,0,-0.35,0,-0.19,0.51,0,0,1,0,0,0,0,1.34,0,0,0,0,0,0,1.05,0,0,0,0,0,0,0,1.53,0,0,0,0,0,0,0,0,0,0,0,0,0,0,0,0,0,1
6319,NON-FINANCIAL CORPORATION,B,Retail/BBG Commercial,Real Estate Activities,UNSPECIFIED,3/31/2023,0,0,0,4150702.64,0,0,161148.44,192787.72,369230.77,0,1,0,0,0,416744.97,0,65,0,-0.15,12,0,0,0.07,3.06,0.04,0.13,0.46,0.27,0.13,0,1.72,0.04,0,1,0.21,0.21,0.3,0.5,1,0.08,0,0.17,0.22,0,-0.75,6.16,0,0.14,0,0,0,0,0,0.03,0.03,0.09,0,0,0.03,-1,0,0.03,0,0,0,0,0,-1,0.01,-1,0,0.5,0,0,0,-1,0,0,0,0,0,0,-1,0,0,0,0,0,-1,0.07,0,0,-1,0,-0.75,0,0,-0.05,0,0,0,0,-1,0.25,0.09,0,0,0,0,0,0,0,0,0,0,1,0.02,0.5,0,0.03,0,0,-1,0,0,0,0,0,0,0,0,0,0,0,0,0,0,0,0,0,0,0,0,0,0,0.5,0,0,0,0,0,0,0,0,0,0,0,0,0,0,0,0,0,1
7357,NON-FINANCIAL CORPORATION,M,UNSPECIFIED,Construction,UNSPECIFIED,3/31/2023,2.47E+07,1,1,3.35E+07,0,0,2.21E+07,77777.78,384615.38,0,1,1,0,0,0,0,127,-92478.41,0,0,3400.15,1959.17,-0.15,2975145.59,0,0,0.44,0.01,0.01,-1,-0.96,-0.05,54.47,-1,-0.01,4.12,0.04,1,0,0.62,-0.5,-0.01,4.03,0,-1,-0.97,2.69,0.29,4.43,0,0,1,0,-1,-0.11,0,1,1,0,195.93,0,-0.11,3.35,-1,-1,2,97.47,195.93,0,-1,0,-0.5,0,0,5.13,26,-1,0,0,-1,-365208,0,-1,0,-1,0,0,-1,26,-1,0,0,-0.88,0,-1,0,6.71,-1,0,0,0,0,12.5,0,-0.04,0,12.75,12.5,0,0,0,0,0,0,0,26,-0.59,-0.5,0,0,0,0,-0.5,0,0,0,0,0,0,0,0,0,0,0,0,0,0,-0.5,0,0,0,0,0,0,0,0,0,0,0,0,0,0,0,0,0,0,0,0,0,0,0,0,0,1
3628,NON-FINANCIAL CORPORATION,M,Banking Center,Construction,UNSPECIFIED,3/31/2023,1.53E+08,1,1,1.75E+08,0,0,3.43E+07,6122222.22,384615.38,0,1,0,0,0,0,0,32,-1.26E+08,23.23,0,0,0,-0.7,679.25,107.24,-0.02,-0.72,0.01,-0.04,-1,-0.72,0,0,0,-0.02,0.09,0.01,4,1,-0.08,-0.67,-0.03,0.61,0,-1,-0.68,0,-0.05,-1,0,0,0,0,-0.26,-0.7,-0.04,1,-1,0.88,-1,0,-0.7,0,-1,-1,-0.5,0,-1,-0.63,-1,0,0,0,0,0,-1,-1,0,0,-1,-3.26E+07,0,-1,0,-1,0,0,0,-1,1.3,0,0,-1,0,6.12,0,-1,41.39,0,0,0,0,-1,-0.33,-0.09,0,0,0,0,0,0,0,0,0,0,0,-0.7,0,0,-1,0,0,-1,0,0,0,0,0,0,0,2,0,0,0,0,0,0,2,0,0,0,0,0,0,0,-0.67,0,0,0,0,0,0,0,0,0,0,0,0,0,0,0,0,0,1
8652,NON-FINANCIAL CORPORATION,B,Retail/BBG Commercial,Financial and Insurance Activities,UNSPECIFIED,3/31/2023,0,0,0,54364.28,0,1,0,0,384615.38,0,1,2,0,0,0,0,135,0,0,0,0,0,0,0,0,0,-0.03,0.01,0,0,-0.01,0.01,0,0,0,0,0.01,0,0,-0.01,0,0,0.01,0,0,0.02,0,0,0,0,0,0,0,0,0.01,-0.01,1,0,0,0,0,-0.01,0,0,0,0,0,0,0,0,0,0,0,0,0,0,0,0,0,0,0,0,0,0,0,0,0,0,0,0,0,0,0,0,0,0,0,0,0,0,0,0,0,0,-0.01,0,0,0,0,0,0,0,0,0,0,0,-0.02,0,0,0,0,0,0,0,0,0,0,0,0,0,0,0,0,0,0,0,0,0,0,0,0,0,0,0,0,0,0,0,0,0,0,0,0,0,0,0,0,0,0,0,0,0,0,1
7467,NON-FINANCIAL CORPORATION,UNSPECIFIED,UNSPECIFIED,UNSPECIFIED,UNSPECIFIED,3/31/2023,0,0,0,0,0,0,0,0,0,0,0,0,0,0,0,0,0,0,0,0,0,0,0,0,0,0,0,0,0,0,0,0,0,0,0,0,0,0,0,0,0,0,0,0,0,0,0,0,0,0,0,0,0,0,0,0,0,0,0,0,0,0,0,0,0,0,0,0,0,0,0,0,0,0,0,0,0,0,0,0,0,0,0,0,0,0,0,0,0,0,0,0,0,0,0,0,0,0,0,0,0,0,0,0,0,0,0,0,0,0,0,0,0,0,0,0,0,0,0,0,0,0,0,0,0,0,0,0,0,0,0,0,0,0,0,0,0,0,0,0,0,0,0,0,0,0,0,0,0,0,0,0,0,0,0,0,0,0,0,0,0,0,0,1
2447,NON-FINANCIAL CORPORATION,B,Retail/BBG Commercial,Financial and Insurance Activities,UNSPECIFIED,11/29/2022,0,0,0,7365337.21,0,0,464514.96,1477343.49,240384.62,0,1,0,141915.78,423494.71,0,0,80,-747271.13,3.89,0,46.7,62.07,0.09,20.24,20.24,0.03,0.25,0.06,0.05,0.11,0.42,0.05,98.97,1,0.05,0.04,0.06,0.1,1,0.05,0,0.05,0.12,0,-0.96,0.61,0.61,0.05,14.76,0,0,0,0,0.41,0.04,0.04,0,2,0.02,0.6,0,0.04,0.05,0.26,-0.16,0,0.6,495.31,0.13,-0.97,0,0.09,0,0,0.18,0.17,-0.7,0,0,0,0,0,11.3,0,-0.33,0,-1.00E+07,10.23,1.5,-0.01,0,0,1.55,0,-0.05,0,-0.5,0.12,0,0,-1.00E+07,0,-0.17,0.05,0.04,0,-0.06,0.67,0,0,0,0,0,0,0,5.5,0,-0.14,0.08,0.19,0,0,-0.29,0,0,0,0,0,0,0,0.33,0,0,0,0,0,0.33,0.09,0,0,0,0,0,0,0,0.09,0,0,0,0,0,0,0,0,0,0,0,0,0,0,0,0,0,1
5916,NON-FINANCIAL CORPORATION,B,Retail/BBG Commercial,Wholesale and Retail trade; Repair of Motor Vehicles and Motorcycles,UNSPECIFIED,11/29/2022,0,0,0,73755.1,0,0,383.58,0,0,0,1,1,0,0,0,0,35,0,0,0,0,0,0.01,0.73,-1,0.01,0.03,0.01,0.01,0,0.06,0.01,0,-1,0.01,0.01,0.01,-0.5,0,0.01,-1,0.01,0.01,0,-1,0.11,0,0.01,0,0,0,0,0,-1,0.01,0.01,0,0,0,0,0,0,0,0,-1,0,0,0,0,0,0,-1,0,0,0,0,0,0,0,0,0,-1,0,0,0,0,0,0,0,-1,0,1000,0,0,-1,0,0,-1,-1,0,0,0,0,0,0.01,0,0,0,0,0,0,0,0,0,0,0,0,-1,0,-1,0,0,0,0,0,0,0,0,0,0,-1,0,0,0,0,0,0,-1,0,0,0,0,0,0,0,-1,0,0,0,0,0,0,0,0,0,0,0,0,0,0,0,0,0,1
6290,NON-FINANCIAL CORPORATION,B,UNSPECIFIED,Mining and Quarrying,Active,11/29/2022,0,0,0,1.16E+07,0,1,2.35,0,742307.69,0,1,0,0,0,0,0,3,0,0,0,0,0,-0.04,-1,-1,0,0,7.62,0.29,0,0,-0.01,0,0,0,0,7.62,-0.5,1,0,-1,0,15.25,0,-1,0,0,0,0,0,0,0,0,-1,-0.01,0.1,0,0,0,0,0,-0.03,0,0,-1,0,0,-1,0,-1,0,-1,0,0,0,0,0,0,0,0,0,0,0,0,0,0,0,0,0,0,0,0,0,0,0,0,0,0,0,0,0,0,0,0,0.1,0,0,0,0,0,0,0,0,0,0,-1,-0.03,0,0,-1,0,0,0,0,0,0,0,0,0,0,0,0,0,0,0,0,0,0,0,0,0,0,0,0,0,-1,0,0,0,0,0,0,0,0,0,0,0,0,0,0,0,0,0,1
8940,NON-FINANCIAL CORPORATION,B,Retail/BBG Commercial,Construction,UNSPECIFIED,11/29/2022,0,0,0,1310296.74,0,0,317993.11,266768.64,384615.38,0,1,0,0,43650,0,0,84,-1091943.2,0.07,0,0.24,0.33,-0.12,1.12,0.66,-0.03,-0.39,0.01,-0.07,0,-0.42,-0.01,0.47,0.5,-0.02,-0.04,0.02,1,1,-0.08,-0.25,-0.04,0.07,0,-0.43,-0.39,-0.01,-0.06,-0.98,0,0,0,0,0.06,-0.11,-0.08,0,0,-0.06,-0.06,0,-0.11,-0.03,-0.98,-0.06,0,-0.4,3.21,0,-0.75,0,0,0,0,-0.09,0,-1,0,0,0,0,0,0.23,0,0.23,0,0,-0.04,-0.25,0.54,0,600,-0.76,0,0.04,0,-0.25,0.23,0,0,0,0,-0.25,-0.13,-0.08,0,-0.13,-0.4,0,0,0,0,0,0,0,0.25,-0.34,-0.4,0,0,0,0,-0.25,0,0,0,0,0,0,0,-0.4,0,0,0,0,0,0,-0.5,0,0,0,0,0,0,0,-0.25,0,0,0,0,0,0,0,0,0,0,0,0,0,0,0,0,0,1
1555,NON-FINANCIAL CORPORATION,M,UNSPECIFIED,Administrative and Support Service Activities,UNSPECIFIED,11/29/2022,0,0,0,1.02E+08,1,1,2.57E+07,2444444.44,76923.08,0,1,0,0,0,0,0,86,-8.77E+07,0.06,0,8421.77,118.91,0.23,2.7,0.65,0,1.07,0.13,0.13,0,0.03,0.16,189.48,-1,-0.02,0.04,0.13,1.6,1,0.16,-0.67,0,0.34,0,-0.61,0.27,1.41,0.03,1.37,0,0,1,0,-0.04,0.06,0,0,1,-0.06,938.81,0,0.06,1.06,-1,-0.61,-1,468.91,938.81,-0.32,-1,0,-0.57,0,0,1.53,0.33,-1,-1,0,-1,-356273.86,-1,263.25,0,-0.96,0,0,-0.81,-0.8,-0.32,0,2811250,-0.98,0,-0.22,0,-0.56,0.44,-1,0,0,0,-0.79,-0.62,-0.06,0,-0.25,0,0,0,0,0,0,0,0,8.5,-0.01,-0.8,0.17,-0.63,0,0,-0.84,0,0,0,0,0,0,0,-0.8,0,0,0,0,0,0,-0.8,0,0,0,0,0,0,0,-0.86,0,0,0,0,0,0,0,0,0,0,0,0,0,0,0,0,0,1
2755,FINANCIAL CORPORATION (NON-BANK),M,Banking Center,Financial and Insurance Activities,Active,11/29/2022,0,0,0,566212.71,0,0,153712.76,0,7692307.69,0,1,0,0,0,0,0,14,-842680.71,9.54,0,0,0,0.24,46.02,46.02,0.22,-0.16,0.18,0.03,0,0.45,0.38,0,0,0.16,0.14,0.45,2.67,1,0.01,-0.8,0.07,0.38,0,-0.85,2.09,0,0.08,-1,0,0,1,0,-0.72,0.38,-0.03,0,-1,0.46,-1,0,-0.1,0,-1,-0.85,0,0,1199,-0.78,-1,2,-0.09,0,0,0,-1,-1,0,0,-1,-21765,0,0,1,0,0,0,0,0,-0.87,0,53000,-0.56,0,12.31,0,0,-0.64,1,0,0,0,1,-0.45,-0.03,0,0,0,0,0,0,0,0,0,0,0,-0.44,-0.86,0,-0.96,0,-1,-1,0,416.67,0,0,0,0,0,-0.75,0,0,0,0,1666.67,0,0,0,0,0,0,0,0,0,-0.82,0,0,0,0,0,0,0,0,0,0,0,0,0,0,0,0,0,1
3656,NON-FINANCIAL CORPORATION,UNSPECIFIED,UNSPECIFIED,UNSPECIFIED,UNSPECIFIED,11/29/2022,0,0,0,0,0,0,0,0,0,0,0,0,0,0,0,0,0,0,0,0,0,0,0,0,0,0,0,0,0,0,0,0,0,0,0,0,0,0,0,0,0,0,0,0,0,0,0,0,0,0,0,0,0,0,0,0,0,0,0,0,0,0,0,0,0,0,0,0,0,0,0,0,0,0,0,0,0,0,0,0,0,0,0,0,0,0,0,0,0,0,0,0,0,0,0,0,0,0,0,0,0,0,0,0,0,0,0,0,0,0,0,0,0,0,0,0,0,0,0,0,0,0,0,0,0,0,0,0,0,0,0,0,0,0,0,0,0,0,0,0,0,0,0,0,0,0,0,0,0,0,0,0,0,0,0,0,0,0,0,0,0,0,0,1
9730,PARTNERSHIP,B,Retail/BBG Commercial,Wholesale and Retail trade; Repair of Motor Vehicles and Motorcycles,UNSPECIFIED,1/31/2023,2883076.77,1,1,3665946.81,0,0,1849340.35,228888.89,384615.38,0,1,2,0,0,0,0,138,0,0,0,0,0,-0.28,210.31,182.93,0.04,0,0.37,0,0,-0.54,-0.07,0,0,0.05,0.09,0.37,4,1,0.32,-1,0.08,2.37,0,-1,-0.56,0,0.13,0,0,0,0,0,182.93,-0.23,0,0,0,0,-1,0,-0.23,0,0,-1,0,0,-1,90.97,-1,0,4,0,0,0,-1,0,0,0,0,0,0,0,0,0,0,0,0,0,0,0,0,0,0,0,0,0,-1,0,0,0,0,0,1.5,0,0,0,0,0,0,0,0,0,0,0,-0.4,-0.65,0,0,-1,0,0,-1,0,0,0,0,0,0,0,-1,0,0,0,0,0,0,0,0,0,0,0,0,0,0,-1,0,0,0,0,0,0,0,0,0,0,0,0,0,0,0,0,0,1
1867,NON-FINANCIAL CORPORATION,B,Retail/BBG Commercial,Manufacturing,UNSPECIFIED,1/31/2023,0,0,0,3.22E+07,0,0,22165.27,0,76923.08,0,1,0,0,0,0,0,44,0,0,0,0,0,0,10553.45,8.24,0.11,0,0.24,0.14,0,2.11,0,0,0,0.16,0.14,0.31,3.67,4,0,0,0.16,0,0,-1,2.11,0,0.19,0,0,0,0,0,8.24,0,0.08,0,0,0,0,0,0,0,0,8.24,0,0,-1,0,-1,0,0,0,0,0,0,0,0,0,0,0,0,0,0,0,0,0,-1,0,0,0,0,0,0,5.34,0,0,0,0,0,0,0,0,0,0.08,0,0,-1,0,0,0,0,0,0,0,-1,0,0,0,0,0,0,0,0,0,0,0,0,0,0,0,0,0,0,0,0,0,2,0,0,0,0,0,0,0,0,0,0,0,0,0,0,0,0,0,0,0,0,0,0,0,0,0,1
3889,SOLE PROPRIETORSHIP,B,Retail/BBG Commercial,Wholesale and Retail trade; Repair of Motor Vehicles and Motorcycles,UNSPECIFIED,1/31/2023,0,0,0,424918.7,0,0,835621.73,191356.75,0,0,1,0,103321,441918,664386.27,-1021267.72,360,-2998266,0.4,4,0.88,0.88,0.29,3.26,0.92,-0.07,0.41,-0.07,-0.17,0,-0.56,0.23,1.08,0.8,-0.1,-0.03,0.07,0.5,0,0.09,-0.22,-0.15,0.4,0,-0.72,-0.68,0.17,-0.02,6.13,0,0,1,0,0.92,0.05,-0.22,1,2.25,-0.07,2.22,0,0.05,0.24,0.88,0.78,-1,1.39,4.1,0.85,-0.89,0,0.5,0,0,0.38,1.08,0.87,1,0,0.63,-334749.34,1,-0.47,0,0.25,0,-1800000,0.16,1.08,1.37,0,511940,4.05,0,1.07,0,1.27,-0.5,37.9,0,0,1,2.13,0.14,-0.22,0,0.79,1.78,0,0,0,0,0,0,0,1.08,-0.26,-0.13,0.08,2.42,0,0,0.5,0,0,0,0,0,0,0,-0.3,0,0,0,0,0,0.33,-0.46,0,0,0,0,0,0,0,0.17,0,0,0,0,0,0,0,0,0,0,0,0,0,0,0,0,0,1
4491,NON-FINANCIAL CORPORATION,B,Retail/BBG Commercial,Human Health and Social Work Activities,UNSPECIFIED,1/31/2023,0,0,0,4842025.26,0,0,77044.03,1111111.11,3846153.85,0,1,0,0,0,0,0,89,0,0,0,0.05,0.04,-0.43,8966.16,4746.26,0,-0.35,0.1,0.04,-1,-0.22,-0.22,0.03,-1,0.04,0.15,0.11,1,1,-0.05,-1,0.03,0.47,0,-1,0.24,0.02,0.03,0,0,0,0,0,-0.46,-0.27,-0.08,0,0,0,-0.25,0,-0.27,0.01,0,-1,0,-0.29,0.69,-0.73,-0.33,0,0,0,0,-0.04,0.02,0,0,0,0,0,0,0.15,0,-0.06,0,0,-0.14,0.1,0,0,0,-0.49,0,0,0,0.05,0,0,0,0,0,-0.19,-0.5,-0.08,0,-0.09,-0.22,0,0,0,0,9,0,0,0.28,-0.27,0,0,-1,0,0,-0.21,0,0,0,0,0,0,0,0,0,0,0,0,0,0,0,0,0,0,0,0,0,0,-1,0,0,0,0,0,0,0,0,0,0,0,0,0,0,0,0,0,1
9873,NON-FINANCIAL CORPORATION,B,Retail/BBG Commercial,UNSPECIFIED,UNSPECIFIED,1/31/2023,4274588.26,1,1,4508947.46,0,0,100009.05,33333.33,153846.15,0,1,0,0,0,0,0,78,0,0,0,0.21,0.11,0.51,-1,-1,0,1.54,0,0,-1,0.26,0.79,0.06,-1,0,0.26,0.01,0,1,0.78,-1,0,4.11,0,-1,-0.17,0.05,0.41,0,0,0,0,0,-1,0.79,0,0,0,0,0.34,0,-0.15,0.07,0,-1,0,0.22,0.34,-1,-0.27,0,0,0,0,0.11,0.2,0,0,0,0,0,0,1.65,0,0.99,0,0,0.17,0,0,0,0,0.47,0,-1,0,0,0,0,0,0,0,0.2,-0.5,-0.01,0,0.1,0,0,0,0,0,0,0,0,1,-0.51,0,0,-1,0,0,0,0,0,0,0,0,0,0,0,0,0,0,0,0,0,-1,0,0,0,0,0,0,0,-1,0,0,0,0,0,0,0,0,0,0,0,0,0,0,0,0,0,1
3007,NON-FINANCIAL CORPORATION,M,UNSPECIFIED,Financial and Insurance Activities,Active,1/31/2023,1.50E+08,1,1,1.62E+08,0,0,1.07E+08,3.58E+07,4807692.31,0,1,0,0,0,0,0,7,-3.01E+07,0,0,0,0,-0.63,-1,-1,0,-0.86,-0.02,-0.03,-1,0,-0.19,528.93,-1,0,0,-0.01,-0.5,1,-0.27,-0.75,-0.03,0,0,-1,0,0,0,514.47,0,0,1,0,-1,-0.19,-0.03,0,1,0,2640.39,0,-0.55,0,514.47,-1,-1,1319.7,2640.39,0,-1,0,-0.75,0,0,0.2,0,-1,0,0,-0.5,-67075.04,0,0,0,0,0,0,-1,0,0,0,0,-1,0,-1,0,0,0,0,0,0,0,-1,0,-0.04,0,-0.5,-1,0,0,0,0,0,0,0,2,-0.61,0,0,0,0,0,-1,0,0,0,0,0,0,0,0,0,0,0,0,0,0,-0.5,0,0,0,0,0,0,0,0,0,0,0,0,0,0,0,0,0,0,0,0,0,0,0,0,0,1
1146,NON-FINANCIAL CORPORATION,M,Banking Center,Human Health and Social Work Activities,UNSPECIFIED,1/31/2023,0,0,0,1108789.59,0,0,37156.56,0,0,0,1,1,0,95296.88,95296.88,0,79,0,0,3,0,0,0.1,4.91,4.9,0.03,0.23,0.06,0.04,0,0.44,0.09,0,0,0.04,0.04,0.06,2,1,0.04,-0.67,0.04,0.1,0,-1,0.6,0,0.05,0,0,0,0,0,4.89,0,0.04,0,0,0,0,0,0,0,0,4.89,0,0,0,0,0,0,-0.67,0,0,0,0,0,0,0,0,0,0,0,0,0,0,0,0,0,0,0,0,0,0,0,0,0,0,0,0,0,0,0,0,0.04,0,0,0,0,0,0,0,0,0,0,0,0,0,0,0,0,0,0,0,0,0,0,0,0,0,0,0,0,0,0,0,0,0,0,0,0,0,0,0,0,0,0,0,0,0,0,0,0,0,0,0,0,0,0,0,0,0,0,1
6137,NON-FINANCIAL CORPORATION,UNSPECIFIED,UNSPECIFIED,UNSPECIFIED,UNSPECIFIED,1/31/2023,0,0,0,0,0,0,0,0,0,0,0,0,0,0,0,0,0,0,0,0,0,0,0,0,0,0,0,0,0,0,0,0,0,0,0,0,0,0,0,0,0,0,0,0,0,0,0,0,0,0,0,0,0,0,0,0,0,0,0,0,0,0,0,0,0,0,0,0,0,0,0,0,0,0,0,0,0,0,0,0,0,0,0,0,0,0,0,0,0,0,0,0,0,0,0,0,0,0,0,0,0,0,0,0,0,0,0,0,0,0,0,0,0,0,0,0,0,0,0,0,0,0,0,0,0,0,0,0,0,0,0,0,0,0,0,0,0,0,0,0,0,0,0,0,0,0,0,0,0,0,0,0,0,0,0,0,0,0,0,0,0,0,0,1
1328,NON-FINANCIAL CORPORATION,UNSPECIFIED,UNSPECIFIED,UNSPECIFIED,UNSPECIFIED,1/31/2023,0,0,0,0,0,0,0,0,0,0,0,0,0,0,0,0,0,0,0,0,0,0,0,0,0,0,0,0,0,0,0,0,0,0,0,0,0,0,0,0,0,0,0,0,0,0,0,0,0,0,0,0,0,0,0,0,0,0,0,0,0,0,0,0,0,0,0,0,0,0,0,0,0,0,0,0,0,0,0,0,0,0,0,0,0,0,0,0,0,0,0,0,0,0,0,0,0,0,0,0,0,0,0,0,0,0,0,0,0,0,0,0,0,0,0,0,0,0,0,0,0,0,0,0,0,0,0,0,0,0,0,0,0,0,0,0,0,0,0,0,0,0,0,0,0,0,0,0,0,0,0,0,0,0,0,0,0,0,0,0,0,0,0,1
6624,NON-FINANCIAL CORPORATION,UNSPECIFIED,Retail/BBG Commercial,Financial and Insurance Activities,UNSPECIFIED,6/30/2021,0,0,0,458741.98,0,0,3586667,1195555.56,769230.77,0,1,0,0,0,0,0,44,0,0,0,0,0,10.75,0,0,0.16,10.75,1.79,1.79,0,10.75,10.75,0,0,0.22,0.98,1.79,0,1,2.15,0,0.36,10.75,0,0,10.75,0,1.34,0,0,0,0,0,0,0,0,0,0,0,0,0,0,0,0,0,0,0,0,0,0,1,0,0,0,0,0,0,0,0,0,0,0,0,0,0,0,0,0,0,0,0,1,0,0,0,0,0,0,0,0,0,0,0,0,0,0,0,0,0,0,0,0,0,0,0,0,0,0,0,0,0,0,0,0,0,0,0,0,0,0,0,0,0,0,0,0,0,0,0,0,0,0,0,0,0,0,0,0,0,0,0,0,0,0,0,0,0,0,0,0,0,0,0,1
5627,NON-FINANCIAL CORPORATION,UNSPECIFIED,Retail/BBG Commercial,Real Estate Activities,UNSPECIFIED,6/30/2021,0,0,0,526828.53,0,0,4260025.38,1420000,769230.77,0,1,0,0,0,0,0,44,0,0,0,0,0,12.68,-1,-1,0.19,12.68,2.11,2.11,0,12.68,12.68,0,0,0.26,1.15,2.11,-1,1,2.54,0,0.42,12.68,0,-1,12.68,0,1.58,0,0,0,0,0,0,0,0,0,0,0,0,0,0,0,0,0,0,0,0,0,0,0,0,0,0,0,0,0,-1,0,0,0,-1,0,0,0,0,0,0,0,0,0,1,0,0,1.28E+07,0,0,0,-1,0,0,0,0,0,0,0,0,0,0,0,0,0,0,0,0,0,0,0,0,0,0,0,0,0,0,0,0,0,0,0,0,0,0,0,0,0,0,1,0,0,0,0,0,0,0,0,0,0,0,0,0,0,0,0,0,0,0,0,0,0,0,0,0,1
2269,NON-FINANCIAL CORPORATION,UNSPECIFIED,Corp Bank,"Electricity, Gas, Steam and Air Conditioning supply",UNSPECIFIED,6/30/2021,0,0,0,5062381.79,0,0,336.57,0,384615.38,0,1,0,0,0,0,0,33,0,0,0,0,0,0,-1,-1,0.43,0,0.04,0.04,0,0.25,0,0,0,0.06,1.32,2.44,-1,1,0,0,-0.01,0,0,-1,14.44,0,0.03,0,0,0,0,0,0,0,0.02,0,0,0,0,0,0,0,0,0,0,0,0,0,0,0,0,0,0,0,0,0,0,0,0,0,0,0,0,0,0,0,0,0,0,0,0,0,0,0,0,0,0,0,0,0,0,0,0,-0.16,0,0,0,0,0,0,0,0,0,0,-1,0,0,0,0,0,0,0,0,0,0,0,0,0,0,0,0,0,0,0,0,0,0,0,0,0,0,0,0,0,0,0,0,0,0,0,0,0,0,0,0,0,0,0,0,0,0,0,1
7937,NON-FINANCIAL CORPORATION,UNSPECIFIED,Retail/BBG Commercial,Real Estate Activities,UNSPECIFIED,6/30/2021,177250,1,1,1429656.59,0,0,1584713.69,155555.56,461538.46,0,1,0,0,0,0,0,29,0,0,0,1.51,1.86,2.79,7.51,7.51,0.63,4.28,8.46,8.46,-1,2.62,5.38,2.93,-1,0.92,0.62,8.46,2,1,1.15,2,1.61,5.38,0,-1,5.71,0.36,0.68,0,0,0,0,0,7.51,-0.41,-0.04,0,0,0,10.12,0,-0.41,0.44,0,7.51,0,4.91,10.12,0,-0.52,0,2,0,0,0.13,1,0,0,0,0,0,0,24.19,0,7.88,0,0,17.81,1,0,0,0,6.73,0,0,0,1,7.51,0,0,0,0,0.33,0,-0.18,0,0.33,0,0,0,0,0,0,0,0,3,-0.41,0,0,0,0,0,-0.33,0,0,0,0,0,0,0,2,0,0,0,0,0,0,0,0,0,0,0,0,0,0,0,0,0,0,0,0,0,0,0,0,0,0,0,0,0,0,0,0,1
9588,FINANCIAL CORPORATION (NON-BANK),UNSPECIFIED,Banking Center,Financial and Insurance Activities,UNSPECIFIED,6/30/2021,0,0,0,555358.45,0,0,356097.02,145727.82,7692307.77,0,1,1,986198.96,2846469.27,0,0,62,-1166206.91,0.14,0,0.05,0.01,0.08,2.11,2.11,0.03,0.14,0.06,0.06,0,0.4,0.14,-0.07,1,0.03,0.11,0.11,2,31,0.07,-0.33,0.02,0.49,0,-0.74,1.41,0.11,0.07,8.63,0,0,9,0,-0.19,0.14,0.02,0,0.67,0.63,-0.1,0,-0.05,0.01,1.3,-0.74,1.67,-0.28,0.15,-0.46,-0.45,0,2,0,0,-0.01,0.25,-0.9,0,0,-0.4,-2600652.2,-1,-0.28,0,-0.45,0,0,-0.4,0.11,-0.7,0,267.21,-0.51,0,-0.64,0,-0.41,-0.45,-1,0,0,0,-0.09,0.83,-0.03,0,-0.01,-0.23,0,0,0,0,0,0,0,1.13,-0.4,-0.2,0,-0.79,0,0,-0.27,0,0,0,0,0,0,0,0,0,0,0,0,0,0,1,0,0,0,0,0,0,0,1,0,0,0,0,0,0,0,0,0,0,0,0,0,0,0,0,0,1
5743,PARTNERSHIP,UNSPECIFIED,Retail/BBG Commercial,"Professional, Scientific & Technical Activities",UNSPECIFIED,6/30/2021,617057.26,1,1,2767486.03,0,0,6295327.94,412000,384615.38,0,1,0,0,0,0,0,60,-1235884.77,1.77,0,0.77,1.2,-0.1,8.62,8.62,1.88,3.19,21.89,21.89,1,0.05,0.03,1.81,1,2.64,0.27,21.89,0.67,1,0.8,-0.25,4.36,4.19,0,-0.87,-0.91,0.19,0.39,2.36,0,0,0,0,0.98,0.03,0.06,0,0.5,0.25,0.87,0,-0.12,0.34,2.36,0.09,0,0.5,8.94,0.53,-0.88,0,0.67,0,0,0.25,1,2.36,0,0,0.5,0,0,-0.61,0,2.95,0,0,1.62,0,3.04,0,0,1.11,0,1.68,0,4,-0.5,0,0,0,0,1.5,0.21,-0.14,0,0.63,1.5,0,0,0,0,0,0,0,1,-0.12,0.67,0,1.15,0,0,0.25,0,0,0,0,0,0,0,-0.17,0,0,0,0,0,0,1.5,0,0,0,0,0,0,0,0.25,0,0,0,0,0,0,0,0,0,0,0,0,0,0,0,0,0,1
3834,NON-FINANCIAL CORPORATION,UNSPECIFIED,Retail/BBG Commercial,Human Health and Social Work Activities,UNSPECIFIED,6/30/2021,887736.1,0,1,2.33E+07,0,1,1.39E+07,444.44,384615.38,0,1,3,0,0,0,-2.09E+07,103,0,351.67,0,0,0,0.32,1379.95,1379.95,0.31,1.06,1.01,0.48,-1,2.93,0.32,0,-1,0.26,0.25,1.34,4,0,0.17,-0.82,0.39,0.55,0,-1,7.08,0,0.21,0,0,0,0,0,1379.95,0,0.03,0,0,1.41,-1,0,0,0,0,-1,0,0,1958.76,689.48,-1,3,4,0,0,0,-1,0,0,0,0,0,0,0.94,-0.06,2118.95,0,0,3347.5,0.83,7.15,0,210150.89,1.09,0,1.91,0,-0.27,1.92,3.53,0,0,0,-0.31,1.59,0.03,0,0,0,0,0,0,0,0,0,0,4.33,0,0.25,0,2.12,0,0,-1,0,0,0,0,0,0,0,1.5,0,0,0,0,0,0,0.25,0,0,0,0,0,0,0,-0.09,0,0,0,0,0,0,0,0,0,0,0,0,0,0,0,0,0,1
4022,NON-FINANCIAL CORPORATION,UNSPECIFIED,Retail/BBG Commercial,Education,UNSPECIFIED,6/30/2021,9265311.59,1,1,4.46E+07,2,1,1.90E+07,3444444.44,1153846.23,1,1,0,0,30058.87,0,0,102,0,47.1,0,0.53,0.49,0.8,236.64,236.64,0.54,0.13,5.25,5.25,-0.5,4.21,2.35,0.64,0,0.78,0.44,5.25,4.5,1,0.3,-0.36,1.14,2.35,0,-0.97,1.46,0.02,0.68,0,0,0,0,0,236.64,-0.46,0.01,0,0,0.92,2.24,0,-0.46,-0.01,0,-0.47,0,0.68,2.24,118.08,-0.88,0,1.75,0,0,-0.08,0,0,-1,0,0,0,6,0.61,0,0.03,0,0,0.29,-0.13,8.08,0,103998.06,-0.62,0,3.84,0,-0.3,7.93,22.11,0,0,0,-0.22,0.69,0.01,0,-0.11,-0.36,0,0,0,0,0,0,0,0.5,-0.46,0.4,0.08,124.51,0,0,-0.22,0,0,0,0,0,0,0,0.17,0,0,0,0,0,0,0.17,0,0,0,0,0,0,0,0.75,0,0,0,0,0,0,0,0,0,0,0,0,0,0,0,0,0,1
3005,NON-FINANCIAL CORPORATION,UNSPECIFIED,Corp Bank,"Electricity, Gas, Steam and Air Conditioning supply",UNSPECIFIED,6/30/2021,0,0,0,1.29E+08,0,1,3.28E+07,9798888.89,15384.62,0,1,0,909929.77,2457374.36,0,0,68,-8.63E+07,7.05,0,0.78,0.55,-0.29,37.94,25.03,0.02,0.47,0.2,0.05,5,0.63,0.17,0.32,5,0.04,0.04,0.2,0.64,2,0.18,-0.21,0.09,1.1,0,-0.97,-0.44,0.01,0.14,3.81,0,0,9,0,25.03,-0.4,0.02,0,0.56,0.06,0.33,0,-0.4,0.03,0.2,-0.77,0.6,0.01,1.5,12.13,-0.31,7,0.64,2,0,0,0.16,-0.92,2,0,0.56,-6894456.14,2,-0.76,671.45,0.05,0,0,1.27,-0.19,13.18,0,3699481.37,-0.08,0,4.26,0,0,0.15,19180.33,0,0,0,-0.21,0.21,0.02,0,-0.08,-0.09,0,0,0,0,0,0,0,0.59,-0.4,0.5,0,4.88,0,-0.67,-0.32,0,0,0,0,0,0,0,0.06,0,0,0,0,0,0,-0.1,0,0,0,0,0,0,0,0.29,0,0,0,0,0,0,0,0,0,0,0,0,0,0,0,0,0,1
5668,NON-FINANCIAL CORPORATION,UNSPECIFIED,Retail/BBG Commercial,Real Estate Activities,UNSPECIFIED,6/30/2021,174230.12,1,1,1108761.82,0,0,527987.6,194297.65,76923.08,0,1,2,67428.93,73285.83,0,0,85,-1049538.88,0.64,0,0.28,0.2,-0.2,3.22,3.22,0.3,0,2.55,2.55,0.38,-0.07,-0.09,0.42,0.67,0.38,0.07,2.55,0.48,0,0.01,-0.13,0.54,0.23,0,-0.45,0.94,0.01,0,2.87,0,0,43,0,3.22,-0.09,0,1,0.5,0.11,1.28,0,-0.13,0.01,0.01,-0.45,0.36,0.69,1.28,1.38,-0.35,20,0.48,0.17,0,0.01,0.06,-0.29,0.6,0,0.22,-1461573.65,0.6,2.02,0.08,0.91,0,0,2.53,-0.03,0.65,0,610731.27,1.51,0,2.02,0,-0.03,1.94,1.04,0,0,0,-0.09,0.18,0,0,-0.04,-0.06,0,0,0,0,0,0,0,0.28,-0.13,0.41,0,1.33,0,-0.14,-0.15,0,0,0,0,0,0,0,0.82,0,0,0,0,0,0,0.48,0,0,0,0,0,0,0,0.29,0,0,0,0,0,0,0,0,0,0,0,0,0,0,0,0,0,1
2317,NON-FINANCIAL CORPORATION,UNSPECIFIED,Retail/BBG Commercial,Financial and Insurance Activities,UNSPECIFIED,6/30/2021,167405.42,1,1,1.59E+07,0,0,4790718.39,988975.7,384615.38,0,1,2,529386.73,1556340,0,0,169,-7427217.03,2.3,0,0.9,1.2,0.57,10.81,10.81,-0.04,0.95,0.14,0.14,0.75,0.56,0.55,0.74,0.75,0,0.08,0.14,0.86,0,0.16,0.17,0.05,0.55,0,-0.11,0.94,0.04,0.08,8.11,0,0,12,0,10.81,0.02,0.09,1,0.33,0.28,-0.29,0,0.02,0.01,-0.15,-0.07,3,-0.5,5.35,5.37,-0.72,3,0.86,1,0,0.03,0.18,-0.87,1,0,0.33,-495821.96,1.5,-0.99,-0.61,-0.43,0,0,-0.43,0.24,11.94,0,43586,-0.8,0,17.23,0,0,-0.66,28.09,0,0,0,0.08,0.51,0,0,0.05,0.13,0,0,0,0,0,0,0,0.43,0.02,0.86,0,10.03,0,1,-0.08,0,0,0,0,0,0,0,0,0,0,0,0,0,0,1.17,0,0,0,0,0,0,0,1.17,0,0,0,0,0,0,0,0,0,0,0,0,0,0,0,0,0,1
1999,NON-FINANCIAL CORPORATION,UNSPECIFIED,Retail/BBG Commercial,Real Estate Activities,UNSPECIFIED,6/30/2021,0,0,0,352633.4,0,1,147262.4,19931.39,240384.62,0,1,0,127500,389583.33,0,0,71,-328770,1.36,0,0,0,-0.29,5.96,5.96,0.11,-0.33,0.46,0.13,0,1.82,-0.1,5.63,0,0.2,0.63,0.75,4,1,-0.05,0,0.22,0.33,0,-0.8,3.18,0,0.82,76.95,0,0,3,0,2.34,-0.2,0.12,0,6,0.73,1.13,0,-0.2,0,0.45,0.01,5,0.63,22.26,1.18,-0.72,1,1,0,0,1.4,1.4,-0.8,-1,0,6,-29852.6,-1,28.61,0,0,0,0,97.64,5,4.58,0,388180,1.42,0,0.28,0,0,4.58,-1,0,0,0,0.71,0.5,0.12,0,0.56,5,0,0,0,0,0,0,0,6.5,-0.36,1,0.33,2.38,0,0,-0.29,0,0,0,0,0,0,0,1,0,0,0,0,0,1,0,0,0,0,0,0,0,0,1,0,0,0,0,0,0,0,0,0,0,0,0,0,0,0,0,0,1
9315,NON-FINANCIAL CORPORATION,UNSPECIFIED,Retail/BBG Commercial,UNSPECIFIED,UNSPECIFIED,6/30/2021,0,0,0,4.42E+07,0,0,1.05E+07,0,1538461.54,0,1,0,0,0,20326.05,0,59,-1.42E+07,6.17,4,0.19,0.28,-0.04,30.89,30.89,0.11,0,0.3,0.3,0,0.44,0.02,0.39,-1,0.12,0.07,0.3,2,1,0,-0.48,0.12,0.05,0,-0.96,0.87,0.04,0.05,0.33,0,0,0,0,0.77,0.02,0.06,0,0,0.11,1.03,0,-0.05,0.03,0.33,-0.5,0,0.8,1.03,0.14,-0.56,1,0.67,0,0,0.06,0.15,0.33,-1,0,0,0,-1,2.16,0,2.66,0,-280000,1.84,0.14,1.29,0,88496.17,2.17,0,0.87,-40000,0.03,98.66,-1,0,-40000,0,0.23,0.09,0.06,0,0.11,0.1,0,0,0,0,0,0,0,0.58,-0.05,0.18,0,-0.11,0,0,0.07,0,0,0,0,0,1,0,1.86,0,0,0,0,0,0,0.18,0,0,0,0,0,0,0,-0.13,0,0,0,0,0,0,0,0,0,0,0,0,0,0,0,0,0,1
536,NON-FINANCIAL CORPORATION,UNSPECIFIED,Retail/BBG Commercial,Human Health and Social Work Activities,UNSPECIFIED,6/30/2021,2627900.26,1,1,1.90E+07,0,1,1742811.78,4277.78,1153846.15,0,1,2,0,0,0,0,95,0,20.54,0,0,0,0.08,146.04,102.79,0.18,0.1,1.96,1.96,3,0.12,0.07,0,3,0.25,0.01,1.96,0.75,0,0.02,-0.3,0.4,0.07,0,-1,0.14,0,0.02,0,0,0,0,0,102.79,0,0.01,0,0,0.07,0,0,0,0,0,-0.06,0,0,-1,51.37,-1,2,0.29,0,0,0,0,0,0,0,0,0,1,0,-0.18,0,0,0,-1,0,98.02,0,240451.76,0,0,-0.68,0,0,101.18,0.77,0,0,0,0,-0.01,0.01,0,0,-1,0,0,0,0,0,0,0,-1,0,1.25,0,96.43,0,0,0,0,0,0,0,0,0,0,0.29,0,0,0,0,0,0,0.13,0,0,0,0,0,0,0,-0.1,0,0,0,0,0,0,0,0,0,0,0,0,0,0,0,0,0,1
3269,NON-FINANCIAL CORPORATION,UNSPECIFIED,Retail/BBG Commercial,"Agriculture, Forestry and Fishing",UNSPECIFIED,6/30/2021,8133337.5,0,1,3.27E+07,1,1,104100.69,0,94749.22,1,1,0,0,0,0,-665015.5,57,0,0.11,0,0,0,1.29,1.03,1.03,30.01,0.56,330.69,330.69,0,0.74,0.99,0,0,41.21,0.04,330.69,0.33,0,0.16,0,66.02,0.99,0,-0.5,-0.59,0,0.16,0,0,0,0,0,0.02,0.99,0.01,0,0,0.02,0,0,0.15,0,0,-0.07,0,0,-0.27,-0.02,-1,0,0,0,0,0,0,0,0,0,0,0,0,0,0,0,0,0,0,0,0,0,0,0,0,0.02,0,0,0,0,0,0,0,0,0,-0.32,0,0,0,0,0,0,0,0,0,0,0,-0.25,0,0,-0.05,0,0,0,0,0,0,0,0,0,0,0,0,0,0,0,0,0,0,0,0,0,0,0,0,0,0,0,0,0,0,0,0,0,0,0,0,0,0,0,0,0,0,0,1
6603,NON-FINANCIAL CORPORATION,UNSPECIFIED,UNSPECIFIED,UNSPECIFIED,UNSPECIFIED,6/30/2021,0,0,0,0,0,0,0,0,0,0,0,0,0,0,0,0,0,0,0,0,0,0,0,0,0,0,0,0,0,0,0,0,0,0,0,0,0,0,0,0,0,0,0,0,0,0,0,0,0,0,0,0,0,0,0,0,0,0,0,0,0,0,0,0,0,0,0,0,0,0,0,0,0,0,0,0,0,0,0,0,0,0,0,0,0,0,0,0,0,0,0,0,0,0,0,0,0,0,0,0,0,0,0,0,0,0,0,0,0,0,0,0,0,0,0,0,0,0,0,0,0,0,0,0,0,0,0,0,0,0,0,0,0,0,0,0,0,0,0,0,0,0,0,0,0,0,0,0,0,0,0,0,0,0,0,0,0,0,0,0,0,0,0,1
2664,NON-FINANCIAL CORPORATION,UNSPECIFIED,Retail/BBG Commercial,"Arts, Entertainment & Recreation",UNSPECIFIED,6/30/2021,3433326.73,1,1,1.37E+07,1,1,2.00E+07,2222222.22,384615.38,1,1,1,0,0,0,0,129,0,0,0,0,0,0,-1,-1,0,0,0,0,-1,0,0,0,-1,0,0,0,-1,0,0,-1,0,0,0,-1,0,0,0,0,0,0,0,0,-1,0,0,0,0,0,-1,0,0,0,0,-1,0,0,-1,0,-1,0,-1,0,0,0,-1,0,0,0,0,0,0,0,0,0,0,0,0,0,0,0,0,1,0,0,0,0,0,0,0,0,0,1,0,0,0,0,0,0,0,0,0,0,0,0,-1,0,0,0,1,0,0,-1,0,0,0,0,0,0,0,0,0,0,0,0,0,0,0,0,0,0,0,0,0,0,1,0,0,0,0,0,0,0,0,0,0,0,0,0,0,0,0,0,1
9407,NON-FINANCIAL CORPORATION,UNSPECIFIED,Retail/BBG Commercial,Information and Communication,UNSPECIFIED,6/30/2021,255335.72,1,1,1646081.36,0,0,337470.18,0,1153846.15,0,1,0,0,0,0,0,24,0,0,0,0,0,0.17,1886.76,1886.76,0.25,0.2,2.66,2.66,0,0.22,0.17,0,0,0.34,0.02,2.66,2,1,0.04,2,0.54,0.17,0,-1,0.25,0,0.03,0,0,0,0,0,1886.76,0,0.01,0,0,0,0,0,0,0,0,1886.76,0,0,0,0,0,0,2,0,0,0,0,0,0,0,0,0,0,0,0,0,0,0,0,0,0,0,0,0,0,0,0,0,0,0,0,0,0,0,0,0.01,0,0,0,0,0,0,0,0,0,0,0,0,0,0,0,0,0,0,0,0,0,0,0,0,0,0,0,0,0,0,0,0,0,0,0,0,0,0,0,0,0,0,0,0,0,0,0,0,0,0,0,0,0,0,0,0,0,0,1
8026,NON-FINANCIAL CORPORATION,M,Banking Center,Construction,UNSPECIFIED,11/30/2023,0,0,0,29625.79,0,0,0,0,384615.38,0,1,0,0,0,0,0,41,0,0,0,0,0,0,0,0,0,0,0,0,0,0,0,0,0,0,0,0,0,1,0,0,0,0,0,0,0,0,0,0,0,0,0,0,0,0,0,0,0,0,0,0,0,0,0,0,0,0,0,0,0,0,0,0,0,0,0,0,0,0,0,0,0,0,0,0,0,0,0,0,0,0,0,0,0,0,0,0,0,0,0,0,0,0,0,0,0,0,0,0,0,0,0,0,0,0,0,0,0,0,0,0,0,0,0,0,0,0,0,0,0,0,0,0,0,0,0,0,0,0,0,0,0,0,0,0,0,0,0,0,0,0,0,0,0,0,0,0,0,0,0,0,0,0,1
33,NON-FINANCIAL CORPORATION,B,UNSPECIFIED,Real Estate Activities,UNSPECIFIED,11/30/2023,0,0,0,160048.69,0,0,1237.55,4277.38,3846153.85,0,1,0,0,0,0,0,77,-2400000,0,0,41.35,56.84,-0.04,12.07,12.07,-0.07,-0.94,0,-0.21,1,-0.94,-0.01,90.95,1,-0.1,-0.14,0,1,1,-0.3,-1,-0.15,0,0,-1,-0.94,0.01,-0.19,-1,0,0,0,0,-1,-0.01,-0.27,0,-1,0,0.89,0,-0.03,0.01,0,-1,0,0.45,455.07,0,-1,0,-1,0,0,0.02,0,0,0,0,0,0,0,0.07,0,-0.03,0,0,-0.01,0,-1,0,0,0.89,0,-1,0,0,-1,0,0,0,0,0,0,-0.27,0,0,0,0,0,0,0,0,0,0,0.33,-0.81,-1,0,-1,0,0,0,0,0,0,0,0,0,0,-1,0,0,0,0,0,0,-1,0,0,0,0,0,0,0,-1,0,0,0,0,0,0,0,0,0,0,0,0,0,0,0,0,0,1
5610,NON-FINANCIAL CORPORATION,B,Retail/BBG Commercial,Real Estate Activities,UNSPECIFIED,11/30/2023,0,0,0,0,0,0,0,0,769230.77,0,1,1,0,0,0,0,64,0,0,0,0,0,0,0,0,0,0,0,0,0,0,0,0,0,0,0,0,0,0,0,0,0,0,0,0,0,0,0,0,0,0,0,0,0,0,0,0,0,0,0,0,0,0,0,0,0,0,0,0,0,0,0,0,0,0,0,0,0,0,0,0,0,0,0,0,0,0,0,0,0,0,0,0,0,0,0,0,0,0,0,0,0,0,0,0,0,0,0,0,0,0,0,0,0,0,0,0,0,0,0,0,0,0,0,0,0,0,0,0,0,0,0,0,0,0,0,0,0,0,0,0,0,0,0,0,0,0,0,0,0,0,0,0,0,0,0,0,0,0,0,0,0,0,1
867,NON-FINANCIAL CORPORATION,B,UNSPECIFIED,Real Estate Activities,Active,11/30/2023,0,0,0,1.43E+07,0,0,6668033.63,6334608.68,192307.69,0,1,0,1000000,1000000,0,0,2,0,0,0,0,0,3.18,-0.73,-0.73,0,0,1.5,1.5,-0.75,0,3.01,0,-0.75,0,0,1.5,0,1,0,-0.8,0,3.01,0,-0.75,0,0,0,0,0,0,0,0,-0.73,3.01,0.22,0,0,0,0,0,0.04,0,0,-0.75,0,0,0,-0.74,0,0,0,0,0,0,0,0,0,0,0,0,0,0,0,0,0,0,0,0,0,0,0,0,0,0,0,0,0,0,0,0,0,0,-0.4,0.22,0,0,0,0,0,0,0,0,0,0,0,0.04,0,0,-0.93,0,0,0,0,0,0,0,0,0,0,0,0,0,0,0,0,0,0,0,0,0,0,0,0,0,-0.8,0,0,0,0,0,0,0,0,0,0,0,0,0,0,0,0,0,1
2929,NON-FINANCIAL CORPORATION,B,Retail/BBG Commercial,Human Health and Social Work Activities,UNSPECIFIED,11/30/2023,0,0,0,6275349.4,0,0,6585505.08,760195.8,384615.38,0,1,1,0,0,0,0,171,-1.10E+07,2.27,0,0,0,4.49,11.44,11.44,0.08,2.76,0.68,0.68,0.8,3.17,1.45,0,0.8,0.09,0.33,0.68,5.67,0,0.54,-0.33,0.16,1.45,0,-0.55,4.04,0,0.43,-1,0,0,0,0,11.44,1.24,0.33,1,-1,1.05,0,0,1.24,0,0,0.42,0,0,-1,5.93,-1,1,5.67,-1,0,0,0,0,-1,0,0,0,-1,0.22,-1,0,0,0,0,0,7.86,0,22018.71,0,0,6.88,0,0,6.35,-1,0,0,1,0,2.67,-0.08,0,0,0,0,0,0,0,0,0,0,-1,-0.59,2.38,0,16.72,0,-1,0,0,0,0,0,0,0,0,-0.4,0,0,0,0,0,0,2.86,0,0,0,0,0,0,0,3.5,0,0,0,0,0,0,0,0,0,0,0,0,0,0,0,0,0,1
5101,NON-FINANCIAL CORPORATION,M,UNSPECIFIED,Administrative and Support Service Activities,UNSPECIFIED,11/30/2023,0,0,0,1.81E+08,0,3,2.48E+08,375697.04,7692307.77,0,1,0,0,47962.24,2.68E+08,-7.09E+08,49,-4.11E+07,0.09,35,0.05,0.05,-0.2,0.52,0.52,-0.02,-0.21,0.04,-0.03,0.33,-0.22,-0.02,0.12,0.67,0,0,0.04,3.17,7,-0.04,-0.73,0,0.04,0,-0.2,-0.06,0.07,-0.03,13.27,0,0,110,0,0.3,-0.18,-0.04,0,17,0.47,0.38,0,-0.18,0.07,1.97,0,-0.99,0.15,0.38,0.15,-0.08,11,3.17,3,0,0.1,1.14,0.56,3,0,1.44,-2.51E+07,3,0.35,12.49,0.12,1,0,0.65,0.03,0.18,0,809868.39,0.27,1,0.3,0,-0.13,0.49,18.57,0,0,0,0.12,1.22,-0.04,0,0.33,-0.07,0,0,1,0,2.22,0,0,1.14,-0.18,-0.14,0.17,0.31,0,-0.88,-0.48,0,0,0,0,0,0,0,-0.1,0,0,0,0,0,0,0,0,0,0,0,0,0,0,0.14,0,0,0,0,0,0,0,0,0,0,0,0,0,0,0,0,0,1
3374,NON-FINANCIAL CORPORATION,M,Banking Center,Wholesale and Retail trade; Repair of Motor Vehicles and Motorcycles,UNSPECIFIED,11/30/2023,3.89E+07,0,1,3.91E+07,1,1,8.01E+07,0,11538.46,1,1,0,0,0,0,0,111,0,30.75,0,33.43,45.95,-0.43,152.96,152.96,-0.02,-0.99,0.02,-0.02,0,-1,1.28,30.48,0,-0.01,0.16,0.02,3,0,0.67,-0.83,-0.01,4.57,0,-1,-1,0.23,0.29,0,0,0,0,0,0.96,1.28,-0.03,0,0,0.43,0.97,0,-0.75,0.46,0,-1,0,-0.01,152.7,-0.02,-1,0,0.5,0,0,0.08,0.5,0,-1,0,0,0,-1,-1,0,-0.08,0,-625299.36,-0.57,-0.73,0,0,210140,-1,0,0.24,-317092.92,0.5,-1,-1,0,-358869.07,0,-0.63,-0.17,-0.03,0,-0.13,-0.57,0,0,0,0,0,0,0,3.5,-0.99,0,1,-1,0,0,-0.75,0,0,0,0,0,0,0,-0.67,0,0,0,0,0,0.67,-0.5,0,0,0,0,0,0,0,-0.75,0,0,0,0,0,0,0,0,0,0,0,0,0,0,0,0,0,1
3868,NON-FINANCIAL CORPORATION,M,UNSPECIFIED,Real Estate Activities,UNSPECIFIED,11/30/2023,2.72E+07,1,1,3.53E+07,0,0,3.02E+07,1323227.22,1153846.23,0,1,2,1639545,3277715,0,-2.71E+07,319,-7295887.86,14.67,0,18.02,24.78,-0.28,39.39,39.39,0.01,-0.54,0.06,0.06,0.07,-0.39,-0.04,27.27,0.31,0.01,-0.01,0.06,0.2,0,-0.13,-0.09,0.01,0.06,0,-0.98,-0.27,0.05,-0.04,3.79,0,0,11,0,39.39,-0.25,-0.02,1,0.15,-0.02,124.86,0,-0.25,0.02,2.14,-0.98,2,61.94,124.86,19.21,-0.99,6,0,0,0,0.03,0.12,-0.4,1,0,0,-2049567.67,1,0.41,0.26,0.82,0,0,0.68,0.03,-0.4,0,297565,1.23,0,-0.42,0,0.03,-0.36,38,0,0,0,0.12,-0.04,-0.02,0,0.06,0.12,0,0,0,0,0,0,0,0.44,-0.37,-0.38,0,-0.3,0,0,0,0,0,0,0,0,0,0,-0.25,0,0,0,0,0,0,-0.13,0,0,0,0,0,0,0,-0.09,0,0,0,0,0,0,0,0,0,0,0,0,0,0,0,0,0,1
1090,NON-FINANCIAL CORPORATION,M,UNSPECIFIED,Real Estate Activities,UNSPECIFIED,11/30/2023,0,0,0,936355.62,0,0,610998.84,587900.3,1153846.15,0,1,1,503947.35,1695761.07,0,0,370,-2983363.33,-0.14,0,0,0.03,0.19,0.79,0.04,0,0.7,0.21,0.21,0.37,2.49,0.26,-0.03,0.37,0.08,0.13,0.21,0.17,0,0.13,-0.03,0.15,0.46,0,-0.46,2.17,-0.04,0.18,2.19,0,0,32,0,-0.1,0.26,0.15,1,1.2,-0.02,0.9,0,-0.05,-0.03,0.26,-0.17,0.64,0.21,0.9,-0.14,-0.67,19,0.07,0.6,0,-0.06,0.67,-0.38,1,0,0.5,-1838032.25,1,-0.7,-0.09,-0.59,0,0,-0.68,-0.65,-0.4,0,472678.54,-0.01,0,-0.59,0,-0.5,-0.1,2.54,0,0,0,-0.06,0.02,0.08,0,0.12,-0.51,0,0,0,0,0,0,0,0.67,-0.07,-0.06,0,-0.26,0,-0.17,-0.43,0,0,0,0,0,0,0,0.16,0,0,0,0,0,0,-0.11,0,0,0,0,0,0,0,0.04,0,0,0,0,0,0,0,0,0,0,0,0,0,0,0,0,0,1
9834,NON-FINANCIAL CORPORATION,B,UNSPECIFIED,Real Estate Activities,Active,11/30/2023,7249089.61,0,0,3653414.36,0,0,8806432.67,2323761.63,1153846.23,0,1,0,245170.15,632271.55,0,0,25,-1.26E+07,3.24,0,2.93,3.49,0.05,10.35,10.35,-0.04,0.22,0.05,0.05,0.38,0.48,0.24,5.47,0.38,-0.09,-0.02,0.34,0.25,2,0.05,-0.28,-0.13,0.24,0,-0.89,-0.36,-0.01,0.06,7.78,0,0,2,0,10.35,-0.16,0,0,-1,-0.05,8.77,0,-0.16,0.06,-1,-0.89,0.5,3.92,19.49,4.73,-0.94,0,0,0,0,-0.04,0.12,-1,-1,0,-1,-484928.08,-1,9.47,0,9.29,0,0,10.58,-0.44,7.29,0,135000,-0.41,0,9.73,0,0.06,9.59,12.11,0,0,0,-0.21,-0.14,-0.74,0,-0.09,-0.42,0,0,0,0,1.56,0,0,0.6,-0.16,-0.38,0,0.2,0,0,-0.29,0,0,0,0,0,0,0,-0.28,0,0,0,0,0,0,-0.28,0,0,0,0,0,0,0,-0.28,0,0,0,0,0,0,0,0,0,0,0,0,0,0,0,0,0,1
7370,NON-FINANCIAL CORPORATION,C,UNSPECIFIED,Real Estate Activities,UNSPECIFIED,11/30/2023,0,0,0,4654198.39,0,1,3.95E+07,0,48076.92,0,1,0,1.85E+07,5.06E+07,0,0,60,-4.64E+07,6.05,0,2.25,3.08,2.66,23.49,23.49,0.23,1.92,0.63,0.15,0,22.24,4.31,3.36,0,0.32,1.31,0.98,2,2,1.82,-0.33,0.19,6.43,0,-0.98,6.42,0.16,1.85,61.28,0,0,6,0,23.49,-0.31,-0.02,0,2.5,0.18,4.11,0,-0.31,0.25,2.94,4.54,4,3.5,11.34,14.02,-0.89,5,0.5,2,0,0.23,1.21,0.33,2,0,2.5,-2.23E+07,2,3.17,12.28,81.31,0,0,8.14,0.45,37.37,0,5830925.91,18.9,0,18.31,0,1.42,3.75,13.39,0,0,0,1.07,0.08,-0.02,0,0.57,0.71,0,0,0,0,0,0,0,1.21,-0.72,1,0,134.6,0,0,-0.06,0,0,0,0,0,0,0,0,0,0,0,0,0,0,0.5,0,0,0,0,0,0,0,0,0,0,0,0,0,0,0,0,0,0,0,0,0,0,0,0,0,1
9847,FINANCIAL CORPORATION (BANK),UNSPECIFIED,UNSPECIFIED,UNSPECIFIED,UNSPECIFIED,11/30/2023,0,0,0,0,0,0,0,0,0,0,0,0,0,0,0,0,0,0,0,0,0,0,0,0,0,0,0,0,0,0,0,0,0,0,0,0,0,0,0,0,0,0,0,0,0,0,0,0,0,0,0,0,0,0,0,0,0,0,0,0,0,0,0,0,0,0,0,0,0,0,0,0,0,0,0,0,0,0,0,0,0,0,0,0,0,0,0,0,0,0,0,0,0,0,0,0,0,0,0,0,0,0,0,0,0,0,0,0,0,0,0,0,0,0,0,0,0,0,0,0,0,0,0,0,0,0,0,0,0,0,0,0,0,0,0,0,0,0,0,0,0,0,0,0,0,0,0,0,0,0,0,0,0,0,0,0,0,0,0,0,0,0,0,1
280,NON-FINANCIAL CORPORATION,M,UNSPECIFIED,Financial and Insurance Activities,UNSPECIFIED,4/28/2023,0,0,0,2.56E+07,0,0,168347.25,22222.22,1153846.15,0,1,0,0,0,0,0,40,-1343.8,0,0,36.67,49.64,0.01,-0.32,-0.32,0,0,0,0,-1,0,0,79.6,-1,0,0,0,1,1,0,-1,0,0,0,-1,0,0.33,0,-1,0,0,1,0,-0.32,0,0,0,-1,0,-0.95,0,0,0.02,0,-1,0,-0.98,313.85,-0.66,-1,1,1,-1,0,0.18,-0.5,0,-1,0,0,-504000,-1,-1,-1,-1,0,0,-1,-1,0,0,300000,-1,0,0,0,-1,0,-1,0,0,0,-1,0,0,0,-0.75,-1,0,0,0,0,0,0,0,3,-0.01,0,0,-1,0,-1,-1,0,0,0,0,0,0,0,0,0,0,0,0,0,0,0,0,0,0,0,0,0,0,-1,0,0,0,0,0,0,0,0,0,0,0,0,0,0,0,0,0,1
915,NON-FINANCIAL CORPORATION,R,UNSPECIFIED,Real Estate Activities,Active,4/28/2023,4.00E+07,1,1,5.99E+07,0,0,3.35E+07,8043915,7692307.69,0,1,0,0,221000,0,0,6,0,0,0,0,0,1.2,50046.06,50046.06,0,0.68,0.23,0.03,0.75,0,1.2,0,0.75,0,0,7.69,1,1,0.28,1,0.06,1.2,0,-1,0,0,0,0,0,0,0,0,50046.06,0,-0.01,0,0,0,0,0,0,0,0,50046.06,0,0,-1,0,-1,0,1,0,0,0,0,0,0,0,0,0,-1,0,0,0,0,0,1.5,0,0,0,200000,0,0,0.69,0,0,0,-1,0,0,0,0,0,-0.02,0,0,1,0,0,0,0,0,0,0,0,-0.56,0,0,0,0,0,0,0,0,0,0,0,0,0,0,0,0,0,0,0,0,-0.6,0,0,0,0,0,0,0,0,0,0,0,0,0,0,0,0,0,0,0,0,0,0,0,0,0,1
4851,NON-FINANCIAL CORPORATION,B,Retail/BBG Commercial,Human Health and Social Work Activities,Active,4/28/2023,0,0,0,5.89E+07,0,0,167765.47,0,1.15E+07,0,1,0,491646.28,1.60E+08,0,0,10,-1.01E+08,0,0,0,0,-0.01,-1,-1,0,-0.63,0.19,-0.05,0,12.39,0,0,0,0.11,0,13.1,-1,1,-0.16,-1,0,0,0,-1,0,0,2.43,25.12,0,0,0,0,-1,0,-0.17,0,1,0,25.12,0,-0.01,0,25.12,-1,0,12.08,25.12,0,-1,0,-1,0,0,0,1,-0.97,0,0,1,0,0,0,0,0,0,0,0,0,0,0,0,-0.09,0,0,0,0,0,0,0,0,0,-0.33,0,-0.17,0,0.17,0,0,0,0,0,0,0,0,1,-0.43,0,0,0,0,0,-0.67,0,0,0,0,0,0,0,0,0,0,0,0,0,0,0,0,0,0,0,0,0,0,0,0,0,0,0,0,0,0,0,0,0,0,0,0,0,0,0,0,1
1628,NON-FINANCIAL CORPORATION,M,Banking Center,Human Health and Social Work Activities,UNSPECIFIED,4/28/2023,0,0,0,2.70E+07,0,0,1.29E+07,2249002.5,1.54E+07,0,1,0,757489.72,2205436.59,185692.9,0,118,-1124253.28,0.24,31,0.1,0.12,0.51,2.02,2.02,0.01,0.21,0.04,0.04,0.89,0.37,0.38,0.15,0.89,0,0.02,0.04,0.36,1,0.05,-0.26,0,0.38,0,-0.69,0.15,0.05,0.05,3.6,0,0,1,0,2.02,0.38,0.03,1,2.69,0.01,0.85,0,0.1,0.02,0.09,-0.69,0,0.51,0.85,0.67,-0.36,176,0.36,0.14,0,0.06,0.44,0.09,0.19,0,0,-461530.81,0.24,0.74,-0.03,0.54,0,0,0.5,0,-0.35,0,2.58E+07,1.17,0,-0.2,0,-0.23,-0.16,0.33,0,0,0,0.02,0.05,-0.03,0,0.08,-0.1,0,0,0,0,0,0,0,0.62,-0.16,0.03,0,-0.06,0,-0.17,-0.29,0,0,0,0,0,0,0,0.16,0,0,0,0,0,0,-0.08,0,0,0,0,0,0,0,0.01,0,0,0,0,0,0,0,0,0,0,0,0,0,0,0,0,0,1
8075,SOLE PROPRIETORSHIP,B,Retail/BBG Commercial,Construction,Active,4/28/2023,0,0,0,244231.38,0,0,16063.73,0,0,0,1,0,0,0,0,0,18,0,7.2,0,0,0,0.12,37.51,37.51,0.12,0.54,0.14,0.11,0,1.48,0.07,0,0,0.13,0.12,0.15,2,1,0.09,-0.44,0.12,0.21,0,-0.93,2.5,0,0.12,0,0,0,0,0,0.36,0.07,0.09,0,0,0.28,0,0,0.05,0,0,-0.39,0,0,0,-0.01,0,0,0.13,0,0,0,0,0,0,0,0,0,0,0,0,0,0,0,0,0,-0.33,0,0,0,0,0,0,0,1.25,0,0,0,0,0,-0.16,0.09,0,0,0,0,0,0,0,0,0,0,0,0.05,-0.29,0,-0.17,0,0,0,0,0,0,0,0,0,0,1.5,0,0,0,0,0,0,0,0,0,0,0,0,0,0,-0.38,0,0,0,0,0,0,0,0,0,0,0,0,0,0,0,0,0,1
1528,NON-FINANCIAL CORPORATION,M,Banking Center,Information and Communication,UNSPECIFIED,4/28/2023,0,0,0,2.66E+07,0,2,1.24E+07,277549.85,1230769.23,0,1,0,0,0,0,-5.69E+07,49,-1.28E+07,275.36,0,2.96,4.01,0.17,156919.61,1366.52,-0.04,-0.61,-0.11,-0.17,0,-0.8,0.09,2.29,0,-0.12,-0.05,0.2,2,3,-0.11,-0.83,-0.19,0.09,0,-1,-0.67,-0.01,-0.14,-0.74,0,0,1,0,9.64,0.08,-0.21,0,-1,0.33,6.98,0,0.08,-0.3,-1,2.27,13.29,5.77,6.98,5.96,-0.99,0,1,0,0,-0.16,-0.08,-1,0,0,-1,-1.01E+07,0,-0.67,0,-0.77,0,-4353200,-0.29,-0.91,-0.82,0,0,43.41,0,0.64,-4353200,-0.97,-0.79,0,0,-4353200,0,-0.23,0.08,-0.28,0,-0.12,-0.62,0,0,1,0,0,0,0,2.39,-0.65,-0.9,0,33.82,0,0,-0.17,0,0,0,0,0,0,0,-0.86,0,0,0,0,0,0,-0.5,0,0,0,0,0,0,0,-0.67,0,0,0,0,0,0,0,0,0,0,0,0,0,0,0,0,0,1
6711,NON-FINANCIAL CORPORATION,M,Banking Center,"Professional, Scientific & Technical Activities",UNSPECIFIED,4/28/2023,0,0,0,2140990.09,0,1,272199.72,92780.61,1153846.15,0,1,0,382525,3547061.32,0,0,113,-4619617.11,0,0,0,0,0.27,42320.85,42320.85,-0.16,-0.23,-0.01,-0.06,-1,-0.4,0.19,0.49,-1,-0.1,0.01,0.01,4,0,-0.03,-0.5,-0.07,0.19,0,-1,-0.19,0,-0.05,5.74,0,0,0,0,-0.12,0.07,-0.1,1,0,0,3,0,0.07,0,3,-0.12,-1,1.41,3,0,-0.69,0,-0.5,0,0,2.45,0,3,0,0,0,-580000,0,-0.4,0,0,0,0,-0.3,-0.67,0.85,0,0,2.24,0,0,0,0,0,0,0,0,0,0,0,-0.12,0,0,-0.83,0,0,0,0,0,0,0,14,-0.33,-0.5,0.25,0,0,0,0,0,0,0,0,0,0,0,0,0,0,0,0,0,0,0,0,0,0,0,0,0,0,0,0,0,0,0,0,0,0,0,0,0,0,0,0,0,0,0,0,1
7833,NON-FINANCIAL CORPORATION,M,Banking Center,"Arts, Entertainment & Recreation",UNSPECIFIED,4/28/2023,670283.59,1,1,2409934.91,0,0,2885320.63,981819.74,395025,0,1,0,30090.32,2883809.46,0,0,42,-2026070.73,0.79,0,0.8,1.12,0.38,4.29,4.29,0.14,0.33,0.23,0.23,3.09,0.21,0.19,1.1,3.09,0.12,0.02,0.79,2.2,1,0.07,-0.31,0.03,0.24,0,-0.74,-0.04,0.07,0.06,5.28,0,0,0,0,4.29,0.16,0.03,0,1.17,0.38,5.17,0,0.16,0.07,5.28,0.08,1,2.78,5.17,2.19,-0.82,0,2.2,0,0,0.08,0.43,0.15,0,0,0.75,-75310.9,0,4.6,0,6.69,0,0,1.54,0.43,2.54,0,2677.55,7.61,0,0.98,0,0.25,2.56,56.82,0,0,0,0.67,0.94,-0.05,0,0.3,0.15,0,0,0,0,0,0,0,0.46,-0.17,0.22,0,4.72,0,0,0.17,0,0,0,0,0,0,0,-0.21,0,0,0,0,0,0,0.65,0,0,0,0,0,0,0,1.2,0,0,0,0,0,0,0,0,0,0,0,0,0,0,0,0,0,1
338,NON-FINANCIAL CORPORATION,M,UNSPECIFIED,Construction,Active,4/28/2023,0,0,0,1.09E+07,0,0,2668358.6,6250000,9229484.62,0,1,0,8000000,6.80E+07,0,0,7,-4.99E+07,0,0,0,0,-0.71,-0.4,-0.4,0,208.48,0.88,0.08,-1,0,-0.43,0,-1,0,0,7.24,1,1,198.07,-1,0.32,990.91,0,-1,0,0,0,-0.05,0,0,0,0,-0.4,-0.5,-0.09,0,-0.33,0,2.67,0,-0.5,0,-1,-1,0,0.91,15750.65,-0.7,-0.84,0,1,0,0,0,1,-1,0,0,-1,0,-1,0,0,0,0,0,0,0,0,0,25000,-0.42,0,0,0,0,0,-1,0,0,0,0,0,-0.09,0,0.25,0,0,0,0,0,0,0,0,2.5,-0.63,0,0,-1,0,0,-0.5,0,0,0,0,0,0,0,0,0,0,0,0,0,0,0,0,0,0,0,0,0,0,-1,0,0,0,0,0,0,0,0,0,0,0,0,0,0,0,0,0,1
8308,NON-FINANCIAL CORPORATION,B,Retail/BBG Commercial,Administrative and Support Service Activities,UNSPECIFIED,4/28/2023,0,0,0,4.63E+07,0,1,1.61E+07,516336.94,211538.46,0,1,0,0,0,0,-5.09E+07,40,-9608353.24,0.78,0,0.9,1.4,-0.35,8.2,2.64,0.33,-0.47,0.25,-0.05,-1,0.65,-0.18,0.84,1,0.38,1.02,1.56,0.8,1,-0.12,0.13,0.08,0.01,0,-0.8,11.19,0.24,0.18,9.49,0,0,7,0,2.64,-0.18,-0.09,0,0.5,0.13,2.94,0,-0.2,0.35,9.49,0.43,8,1.25,2.94,1.54,-0.45,0,0.33,0,0,0.43,0.41,-0.5,0,0,0,-2932824.69,0,8.3,0,78.31,0,0,3.95,1.58,-0.25,0,0,1.16,0,1.83,0,2.1,6.55,0,0,0,0,-0.21,0.23,-0.09,0,-0.01,1.82,0,0,0,0,0,0,0,1.64,-0.2,0.29,0.08,4.23,0,0,-0.44,0,0,0,0,0,0,0,0.8,0,0,0,0,0,0,0.5,0,0,0,0,0,0,0,0.5,0,0,0,0,0,0,0,0,0,0,0,0,0,0,0,0,0,1
9440,FINANCIAL CORPORATION (BANK),C,UNSPECIFIED,Financial and Insurance Activities,Active,4/28/2023,1.44E+08,0,1,2.21E+08,1,1,2.56E+09,26465.66,8.85E+07,1,1,0,0,0,0,-5.00E+07,10,0,0.94,0,0,1.69,3.08,8692.2,4.37,0,116.64,2.36,2.36,0,141.01,3.47,0.91,0,0.16,0,7794.12,1.07,3,2.24,-0.43,0.36,5.33,0,-0.52,0,0,1.44,0,0,0,0,0,4.37,3.47,-0.35,0,0,0.23,4.18,0,-0.09,0.55,0,-0.52,0,1.86,4.18,1.93,-0.47,0,0.48,0,0,0.48,1.32,0,0,0,0,0,0,0,0,4.35,0,0,4.54,0,4.07,0,0,1.76,0,4.32,0,8.71,0,0,0,0,0,0.84,0.02,-0.35,0,0.56,3.86,0,0,0,0,0,0,0,5,-0.09,2.13,0,1.58,0,0,-0.21,0,0,0,0,0,0,0,0,0,0,0,0,0,0,1.04,0,0,0,0,0,0,0,-0.16,0,0,0,0,0,0,0,0,0,0,0,0,0,0,0,0,0,1
8547,NON-FINANCIAL CORPORATION,M,Banking Center,Real Estate Activities,UNSPECIFIED,4/28/2023,0,0,0,2.39E+07,0,0,1.56E+07,1.53E+07,7769230.77,0,1,0,0,0,0,0,44,0,0,0,0,0,2.36,8.06,0.04,0.07,-0.69,0.15,-0.23,0.03,-0.45,1.5,0,0.08,0.12,0.41,0.77,0.03,2,0.13,-0.02,-0.08,1.5,0,-0.03,1.91,0,0.26,0,0,0,0,0,0.04,1.5,-0.27,0,0,-0.01,82.33,0,0.35,0,0,0.02,0,0,82.33,0.03,-1,0,0.03,0,0,0,0,0,0,0,0,0,0,41.47,0,171.4,0,0,37.47,-0.5,0.04,0,0,0,0,0.01,0,-0.5,-0.01,0,0,0,0,0,0.01,-0.27,0,0,0,0,0,0,0,0,0,0,1,-0.86,-0.02,0,0.06,0,0,0,0,0,0,0,0,0,0,-0.02,0,0,0,0,0,0,-0.03,0,0,0,0,0,0,0,0.02,0,0,0,0,0,0,0,0,0,0,0,0,0,0,0,0,0,1
7045,NON-FINANCIAL CORPORATION,B,Retail/BBG Commercial,Construction,UNSPECIFIED,4/28/2023,0,0,0,610910.91,0,0,666685.06,430671.25,1153846.15,0,1,0,0,0,0,0,120,0,0,0,0.38,0.44,5.42,1.74,0,-0.02,0.04,0.01,0.01,0,0.58,4.8,0.75,1,-0.03,0.33,0.14,1,1,0.72,-0.5,-0.06,4.8,0,-1,-0.14,0.07,0.52,0,0,0,0,0,0,4.8,-0.05,1,0,0,3.84,0,0.11,0.08,0,0,0,1.9,3.84,0,-0.52,0,-0.5,0,0,0.13,0.14,0,0,0,0,0,0,1.13,0,0.38,0,0,2.18,0.14,0.99,0,4889,3.66,0,0,0,0,0,0,0,0,0,0.14,0,-0.1,0,0.07,0,0,0,0,0,0,0,0,1.14,-0.65,-0.5,0,0,0,0,0,0,0,0,0,0,0,0,0,0,0,0,0,0,0,0,0,0,0,0,0,0,0,0,0,0,0,0,0,0,0,0,0,0,0,0,0,0,0,0,0,1
1028,NON-FINANCIAL CORPORATION,B,Retail/BBG Commercial,UNSPECIFIED,UNSPECIFIED,4/28/2023,1.97E+07,0,0,334567.84,1,1,672569.51,417022.58,76923.08,0,1,0,235700,514700,0,-2.92E+07,85,-3992736.39,0.08,0,16.18,14.25,0.68,62.42,1.17,-0.13,-0.93,0.01,0,0.63,-0.67,0.91,0.2,1.43,-0.14,1.28,0.05,0.6,1,-0.08,-0.13,-0.04,0.91,0,-0.99,-0.96,0.37,1.42,1.72,0,0,1,0,0.37,0.91,-0.03,0,0.67,0.09,1.29,0,-0.12,0.24,0.45,-0.09,-0.67,0.54,1.29,0.14,-0.99,1,0.07,0,0,0.35,1.5,-0.13,0,0,0.67,-42572.55,0,-0.98,0,-0.98,0,0,-0.96,4,-0.96,0,10000,0.79,0,-0.97,0,0.67,1.21,0,0,0,0,0.88,-0.03,-0.12,0,0.63,1.14,0,0,0,0,0,0,0,2,-0.95,-0.32,0,0.25,0,0,-0.25,0,0,0,0,0,0,0,2.75,0,0,0,0,0,0,0.36,0,0,0,0,0,0,0,-0.06,0,0,0,0,0,0,0,0,0,0,0,0,0,0,0,0,0,1
8289,NON-FINANCIAL CORPORATION,M,Banking Center,Real Estate Activities,UNSPECIFIED,4/28/2023,0,0,0,459920.61,0,0,228806.86,102732.2,8461538.46,0,1,0,0,3651169,0,0,135,-4053345.15,16.38,0,0,0,0.24,63.45,63.45,0,-0.04,0.03,-0.01,0.5,0,0.41,0,0.5,-0.01,0.18,0.04,1.5,0,0.12,-0.25,-0.02,0.95,0,-0.98,0.23,0,0.15,53.89,0,0,0,0,19.39,-0.12,-0.11,4,42,0.36,-1,0,-0.12,0,-1,0.02,0,0,63.41,9.71,-1,0,1,0,0,0,-1,-1,1,0,-1,0,1,4.39,0,1.25,0,0,0.78,4.5,21.15,0,12443.04,1.8,0,19.76,0,2.3,21.15,1242.3,0,0,0,4.5,0.38,-0.11,0,0,2.3,0,0,0,0,0,0,0,47,-0.58,0.5,0.08,19.76,0,0,-1,0,0,0,0,0,0,0,0.5,0,0,0,0,0,0,0.5,0,0,0,0,0,0,0,0.5,0,0,0,0,0,0,0,0,0,0,0,0,0,0,0,0,0,1
1575,NON-FINANCIAL CORPORATION,M,UNSPECIFIED,Financial and Insurance Activities,UNSPECIFIED,4/28/2023,1.17E+08,1,1,2.61E+08,0,0,1.34E+08,0,769230.77,0,1,0,0,7236000,0,0,65,-8326780.75,0,0,4.52,6.02,0.2,-0.01,-0.01,0.19,-0.44,1.44,1.44,0,-0.82,3.43,5.86,0,0.13,0.11,1.44,0,1,0.42,-0.5,0.09,3.43,0,-1,-0.83,0.52,0.15,0.09,0,0,3,0,-0.01,3.43,-0.6,0,0,0,23.63,0,-0.73,0.76,0.09,-0.01,0,12.18,23.63,0,-0.98,0,-0.5,0,0,0.22,1,0.09,0,0,0,-3.15E+07,-1,14.32,0,20.35,0,0,0.7,-0.33,0,0,8.00E+07,41.69,0,26.64,0,3,-0.2,-1,0,0,0,3,0,-0.6,0,1,-0.6,0,0,0,0,0,0,0,4,-0.73,0,0,0,0,0,1,0,0,0,0,0,0,0,-0.5,0,0,0,0,0,0,0,0,0,0,0,0,0,0,0,0,0,0,0,0,0,0,0,0,0,0,0,0,0,0,0,0,1
4064,NON-FINANCIAL CORPORATION,M,UNSPECIFIED,"Agriculture, Forestry and Fishing",UNSPECIFIED,4/28/2023,0,0,0,99275.48,0,0,32064.22,42240.61,1230769.23,0,1,0,0,0,0,0,78,0,-0.18,0,0.44,0.6,-0.35,9.47,0.09,0,-0.23,0.01,-0.03,0.5,-0.32,-0.16,-0.01,0.75,-0.02,-0.02,0.09,1,1,-0.03,-1,-0.04,0.38,0,-1,-0.38,0.02,-0.02,0,0,0,0,0,0.07,-0.16,-0.12,0,0,-0.12,0.06,0,-0.22,0.06,0,-1,0,0.01,0.06,-0.46,-0.1,0,0.17,0,0,0.01,0,0,0,0,0,0,0,-0.17,0,-0.16,0,0,-0.07,-0.22,-1,0,0,0.02,0,-1,0,0,-1,0,0,0,0,0,-0.42,-0.12,0,0,0,0,0,0,0,0,0,0,0.86,-0.22,-1,0,-1,0,0,0,0,0,0,0,0,0,0,-1,0,0,0,0,0,0,-1,0,0,0,0,0,0,0,-1,0,0,0,0,0,0,0,0,0,0,0,0,0,0,0,0,0,1
3341,NON-FINANCIAL CORPORATION,W,UNSPECIFIED,Financial and Insurance Activities,UNSPECIFIED,4/28/2023,1667355.56,0,0,1318576.72,0,0,37286.71,0,384615.38,0,1,2,0,0,13125,0,123,0,-0.09,4,0,0,-0.66,1256.55,0.8,-0.12,-0.63,0.01,-0.05,0,-0.62,-0.33,0,0,-0.07,-0.13,0.01,8,0,-0.15,-0.57,-0.06,0.03,0,-0.84,-0.85,0,-0.09,0,0,0,0,0,0.29,-0.49,-0.07,0,0,-0.11,-1,0,-0.49,0,0,-0.84,0,0,-1,-0.28,-1,0,0.4,0,0,0,-1,0,0,0,0,0,0,0,0,0,0,0,0,0,-0.91,0,0,0,0,-0.85,0,0,-0.93,0,0,0,0,0,-0.09,-0.12,0,0,0,0,0,0,0,0,0,0,-1,-0.49,-0.57,0,-0.8,0,0,-1,0,0,0,0,0,0,0,-0.67,0,0,0,0,0,0,-0.67,0,0,0,0,0,0,0,-0.4,0,0,0,0,0,0,0,0,0,0,0,0,0,0,0,0,0,1
3608,NON-FINANCIAL CORPORATION,UNSPECIFIED,UNSPECIFIED,UNSPECIFIED,UNSPECIFIED,4/28/2023,0,0,0,0,0,0,0,0,0,0,0,0,0,0,0,0,0,0,0,0,0,0,0,0,0,0,0,0,0,0,0,0,0,0,0,0,0,0,0,0,0,0,0,0,0,0,0,0,0,0,0,0,0,0,0,0,0,0,0,0,0,0,0,0,0,0,0,0,0,0,0,0,0,0,0,0,0,0,0,0,0,0,0,0,0,0,0,0,0,0,0,0,0,0,0,0,0,0,0,0,0,0,0,0,0,0,0,0,0,0,0,0,0,0,0,0,0,0,0,0,0,0,0,0,0,0,0,0,0,0,0,0,0,0,0,0,0,0,0,0,0,0,0,0,0,0,0,0,0,0,0,0,0,0,0,0,0,0,0,0,0,0,0,1
6363,NON-FINANCIAL CORPORATION,UNSPECIFIED,UNSPECIFIED,UNSPECIFIED,UNSPECIFIED,4/28/2023,0,0,0,0,0,0,0,0,0,0,0,0,0,0,0,0,0,0,0,0,0,0,0,0,0,0,0,0,0,0,0,0,0,0,0,0,0,0,0,0,0,0,0,0,0,0,0,0,0,0,0,0,0,0,0,0,0,0,0,0,0,0,0,0,0,0,0,0,0,0,0,0,0,0,0,0,0,0,0,0,0,0,0,0,0,0,0,0,0,0,0,0,0,0,0,0,0,0,0,0,0,0,0,0,0,0,0,0,0,0,0,0,0,0,0,0,0,0,0,0,0,0,0,0,0,0,0,0,0,0,0,0,0,0,0,0,0,0,0,0,0,0,0,0,0,0,0,0,0,0,0,0,0,0,0,0,0,0,0,0,0,0,0,1
2749,FINANCIAL CORPORATION (NON-BANK),UNSPECIFIED,UNSPECIFIED,UNSPECIFIED,UNSPECIFIED,4/28/2023,0,0,0,0,0,0,0,0,0,0,0,0,0,0,0,0,0,0,0,0,0,0,0,0,0,0,0,0,0,0,0,0,0,0,0,0,0,0,0,0,0,0,0,0,0,0,0,0,0,0,0,0,0,0,0,0,0,0,0,0,0,0,0,0,0,0,0,0,0,0,0,0,0,0,0,0,0,0,0,0,0,0,0,0,0,0,0,0,0,0,0,0,0,0,0,0,0,0,0,0,0,0,0,0,0,0,0,0,0,0,0,0,0,0,0,0,0,0,0,0,0,0,0,0,0,0,0,0,0,0,0,0,0,0,0,0,0,0,0,0,0,0,0,0,0,0,0,0,0,0,0,0,0,0,0,0,0,0,0,0,0,0,0,1
8699,NON-FINANCIAL CORPORATION,UNSPECIFIED,Retail/BBG Commercial,Other Service Activities,UNSPECIFIED,8/31/2021,0,0,0,261548.03,0,0,67968.9,33333.33,76923.08,0,1,0,0,0,0,0,48,0,0,0,0,0,0.75,2389.42,89.19,0,0.62,0.09,0.09,0,0.85,0.79,0,-1,0.01,0.06,0.09,2,1,0.14,-0.5,0.02,0.79,0,-1,0.61,0,0.1,0,0,0,0,0,89.19,-0.02,0,0,0,0,1,0,-0.02,0,0,50.76,0,0.52,1,69.98,-1,0,1,0,0,0,0,0,0,0,0,0,0,2.86,0,0.14,0,0,0.08,0,4601.99,0,0,1.07,0,4487.33,0,-0.33,10.34,0,0,0,0,0,0.25,-0.01,0,0,-0.33,0,0,0,0,0,0,0,0.5,-0.05,0,0,4667.53,0,0,0,0,0,0,0,0,0,0,-0.5,0,0,0,0,0,0,0,0,0,0,0,0,0,0,0,0,0,0,0,0,0,0,0,0,0,0,0,0,0,0,0,0,1
5834,NON-FINANCIAL CORPORATION,UNSPECIFIED,Retail/BBG Commercial,Manufacturing,UNSPECIFIED,8/31/2021,0,0,0,2.97E+07,0,0,1011590.05,0,1.15E+07,0,1,0,0,0,0,0,28,0,0,0,0,0,0.05,-1,-1,0,0.11,0.02,0.02,0,0.11,0.05,0,0,0.01,0.01,0.02,-1,1,0.02,-1,0.01,0.06,0,-1,0.11,0,0.01,0,0,0,0,0,-1,0.05,0.02,0,0,0,0,0,0,0,0,-1,0,0,0,0,0,0,-1,0,0,0,0,0,0,0,0,0,0,-1,0,0,0,0,0,-1,-1,0,0,0,0,-1,0,0,-1,0,0,0,0,0,0,0,0,0,0,0,0,0,0,0,0,0,-1,0,-1,0,-1,0,0,0,0,0,0,0,0,0,0,-1,0,0,0,0,0,0,-1,0,0,0,0,0,0,0,-1,0,0,0,0,0,0,0,0,0,0,0,0,0,0,0,0,0,1
2779,NON-FINANCIAL CORPORATION,UNSPECIFIED,Retail/BBG Commercial,Other Service Activities,UNSPECIFIED,8/31/2021,0,0,0,148580.57,0,0,100455.67,11111.11,76923.08,0,1,0,200000,200000,0,0,29,0,0,0,0,0,4.31,218.46,218.46,0.07,4.43,0.73,0.73,0,4.56,4.29,0,0,0.1,0.4,0.73,1,2,0.86,1,0.15,4.29,0,-1,4.69,0,0.54,0,0,0,0,0,218.46,0,0.01,0,0,0,0,0,0,0,0,218.46,0,0,0,0,0,0,1,0,0,0,0,0,0,0,0,0,0,0,0,0,0,0,0,0,0,0,0,0,0,0,0,0,0,0,0,0,0,0,0,0.01,0,0,0,0,0,0,0,0,0,0,0,0,0,0,0,0,0,0,0,0,0,0,0,0,0,0,0,0,0,0,0,0,0,0,0,0,0,0,0,0,0,0,0,0,0,0,0,0,0,0,0,0,0,0,0,0,0,0,1
3993,NON-FINANCIAL CORPORATION,UNSPECIFIED,Retail/BBG Commercial,Information and Communication,UNSPECIFIED,8/31/2021,0,0,0,1413020.24,0,0,0,0,7692307.77,0,1,0,0,0,0,0,32,0,0,0,0,0,0,-1,0,0,0,0,0,0,0,0,0,0,0,0,0,-1,1,0,0,0,0,0,0,0,0,0,0,0,0,0,0,0,0,0,0,0,0,0,0,0,0,0,0,0,0,0,0,0,0,0,0,0,0,0,0,0,0,0,0,0,0,0,0,0,0,0,0,-1,0,0,0,0,0,0,0,-1,0,0,0,0,0,0,0,0,0,0,0,0,0,0,0,0,0,0,0,-1,0,0,0,0,0,0,0,0,0,0,0,0,-1,0,0,0,0,0,0,0,0,0,0,0,0,0,0,0,0,0,0,0,0,0,0,0,0,0,0,0,0,0,0,0,0,1
5237,NON-FINANCIAL CORPORATION,UNSPECIFIED,Banking Center,Financial and Insurance Activities,UNSPECIFIED,8/31/2021,5.55E+08,1,1,1.48E+09,0,1,9.51E+08,1.72E+08,384615.38,0,1,1,1.40E+08,2.17E+08,0,-3000000,129,-1.14E+09,2.6,0,14.12,2.07,0.06,160.74,10.52,14.55,-0.16,160.35,-0.04,1.13,0.2,0.06,3.09,1.13,20,0.04,160.35,0.62,0,-0.03,-0.3,31.96,0.06,0,-0.98,0.39,0.05,0.04,40.24,0,0,4,0,10.52,0,-0.5,2,0.38,0.13,12.97,0,0,0.04,40.24,-0.98,2,6,12.97,4.77,-0.97,2,0.06,-1,0,0.06,0.38,-0.96,-1,0,0.33,-163143.5,-1,4.03,-1,-0.67,0,0,2.35,0.11,-0.82,0,171620.66,-0.62,0,1.07,0,-0.02,3.36,-1,0,0,0,0.14,-0.12,-0.5,0,0.1,0.14,0,0,0,0,0,0,0,0.39,-0.15,-0.23,0,-0.76,0,-1,-0.18,0,0,0,0,0,0,0,0,0,0,0,0,0,0,0.44,0,0,0,0,0,0,0,-0.26,0,0,0,0,0,0,0,0,0,0,0,0,0,0,0,0,0,1
7460,NON-FINANCIAL CORPORATION,UNSPECIFIED,Banking Center,Financial and Insurance Activities,UNSPECIFIED,8/31/2021,0,0,0,6.56E+07,0,0,1.48E+07,1.52E+07,384615.38,0,1,0,205307.1,2.58E+07,0,0,63,-7.13E+07,-0.16,0,0.69,0.27,0.06,5.6,0.47,0.11,0.68,0.18,0.18,0.1,1.46,0.18,0.31,1.25,0.1,0.09,0.23,1.17,1,0.13,-0.25,0.15,0.46,0,-0.46,1.2,0.72,0.14,2.19,0,0,0,0,-0.04,0.18,0.12,0,0.42,-0.17,1.35,0,-0.1,0.04,2.19,-0.35,0,0.62,1.35,-0.19,-0.45,0,-0.08,0,0,-0.05,0.24,-0.14,-1,0,0,0,-1,0.86,0,-0.11,0,0,0.47,3.25,0.4,0,85480,1.12,0,-0.71,0,-0.32,0.3,-1,0,0,0,-0.5,-0.16,0.12,0,-0.18,-0.55,0,0,0,0,0,0,0,7.5,-0.1,0.13,0,-0.37,0,0,-0.6,0,0,0,0,0,0,0,-0.25,0,0,0,0,0,0,-0.65,0,0,0,0,0,0,0,-0.31,0,0,0,0,0,0,0,0,0,0,0,0,0,0,0,0,0,1
6733,NON-FINANCIAL CORPORATION,UNSPECIFIED,Retail/BBG Commercial,Transportation and Storage,UNSPECIFIED,8/31/2021,0,0,0,2008424.73,0,0,3365053.7,0,76923.08,0,1,0,0,0,0,0,24,-6463741.59,0.08,0,0.04,0.03,-0.02,1.53,0.56,0.03,-0.04,0.09,0.03,0,0,0.34,0.04,0,0.03,0.08,0.1,2,1,0.03,-0.33,0.02,0.34,0,-0.7,0.56,0.02,0.03,0.88,0,0,0,0,0.08,-0.27,-0.05,0,0.38,0.1,0.16,0,-0.27,0.03,0.88,-0.03,-1,0.12,0.16,0.02,-0.21,0,0,0,0.75,-0.03,0,0.2,0,0,0,-5000,0,0.34,0,0.13,0,0,0.16,0.13,-0.03,0,0,0.25,0,-0.28,0,0.18,1.9,-1,0,0,0,-0.04,-0.17,-0.05,0,-0.02,-0.19,0,0,0,0,0,0,0,0.28,-0.27,-0.33,0,0.04,0,0,-0.04,0,0,0,0,0,0,0,0,0,0,0,0,0,0,-0.33,0,0,0,0,0,0,0,-0.33,0,0,0,0,0,0,0,0,0,0,0,0,0,0,0,0,0,1
1300,NON-FINANCIAL CORPORATION,UNSPECIFIED,UNSPECIFIED,UNSPECIFIED,UNSPECIFIED,8/31/2021,0,0,0,0,0,0,0,0,0,0,0,0,0,0,0,0,0,0,0,0,0,0,0,0,0,0,0,0,0,0,0,0,0,0,0,0,0,0,0,0,0,0,0,0,0,0,0,0,0,0,0,0,0,0,0,0,0,0,0,0,0,0,0,0,0,0,0,0,0,0,0,0,0,0,0,0,0,0,0,0,0,0,0,0,0,0,0,0,0,0,0,0,0,0,0,0,0,0,0,0,0,0,0,0,0,0,0,0,0,0,0,0,0,0,0,0,0,0,0,0,0,0,0,0,0,0,0,0,0,0,0,0,0,0,0,0,0,0,0,0,0,0,0,0,0,0,0,0,0,0,0,0,0,0,0,0,0,0,0,0,0,0,0,1
2224,FINANCIAL CORPORATION (NON-BANK),UNSPECIFIED,UNSPECIFIED,UNSPECIFIED,UNSPECIFIED,8/31/2021,0,0,0,0,0,0,0,0,0,0,0,0,0,0,0,0,0,0,0,0,0,0,0,0,0,0,0,0,0,0,0,0,0,0,0,0,0,0,0,0,0,0,0,0,0,0,0,0,0,0,0,0,0,0,0,0,0,0,0,0,0,0,0,0,0,0,0,0,0,0,0,0,0,0,0,0,0,0,0,0,0,0,0,0,0,0,0,0,0,0,0,0,0,0,0,0,0,0,0,0,0,0,0,0,0,0,0,0,0,0,0,0,0,0,0,0,0,0,0,0,0,0,0,0,0,0,0,0,0,0,0,0,0,0,0,0,0,0,0,0,0,0,0,0,0,0,0,0,0,0,0,0,0,0,0,0,0,0,0,0,0,0,0,1
3331,NON-FINANCIAL CORPORATION,UNSPECIFIED,UNSPECIFIED,UNSPECIFIED,UNSPECIFIED,8/31/2021,0,0,0,0,0,0,0,0,0,0,0,0,0,0,0,0,0,0,0,0,0,0,0,0,0,0,0,0,0,0,0,0,0,0,0,0,0,0,0,0,0,0,0,0,0,0,0,0,0,0,0,0,0,0,0,0,0,0,0,0,0,0,0,0,0,0,0,0,0,0,0,0,0,0,0,0,0,0,0,0,0,0,0,0,0,0,0,0,0,0,0,0,0,0,0,0,0,0,0,0,0,0,0,0,0,0,0,0,0,0,0,0,0,0,0,0,0,0,0,0,0,0,0,0,0,0,0,0,0,0,0,0,0,0,0,0,0,0,0,0,0,0,0,0,0,0,0,0,0,0,0,0,0,0,0,0,0,0,0,0,0,0,0,1
4739,FINANCIAL CORPORATION (BANK),UNSPECIFIED,UNSPECIFIED,UNSPECIFIED,UNSPECIFIED,8/31/2021,0,0,0,0,0,0,0,0,0,0,0,0,0,0,0,0,0,0,0,0,0,0,0,0,0,0,0,0,0,0,0,0,0,0,0,0,0,0,0,0,0,0,0,0,0,0,0,0,0,0,0,0,0,0,0,0,0,0,0,0,0,0,0,0,0,0,0,0,0,0,0,0,0,0,0,0,0,0,0,0,0,0,0,0,0,0,0,0,0,0,0,0,0,0,0,0,0,0,0,0,0,0,0,0,0,0,0,0,0,0,0,0,0,0,0,0,0,0,0,0,0,0,0,0,0,0,0,0,0,0,0,0,0,0,0,0,0,0,0,0,0,0,0,0,0,0,0,0,0,0,0,0,0,0,0,0,0,0,0,0,0,0,0,1
1629,NON-FINANCIAL CORPORATION,UNSPECIFIED,UNSPECIFIED,UNSPECIFIED,UNSPECIFIED,8/31/2021,0,0,0,0,0,0,0,0,0,0,0,0,0,0,0,0,0,0,0,0,0,0,0,0,0,0,0,0,0,0,0,0,0,0,0,0,0,0,0,0,0,0,0,0,0,0,0,0,0,0,0,0,0,0,0,0,0,0,0,0,0,0,0,0,0,0,0,0,0,0,0,0,0,0,0,0,0,0,0,0,0,0,0,0,0,0,0,0,0,0,0,0,0,0,0,0,0,0,0,0,0,0,0,0,0,0,0,0,0,0,0,0,0,0,0,0,0,0,0,0,0,0,0,0,0,0,0,0,0,0,0,0,0,0,0,0,0,0,0,0,0,0,0,0,0,0,0,0,0,0,0,0,0,0,0,0,0,0,0,0,0,0,0,1
1000,NON-FINANCIAL CORPORATION,UNSPECIFIED,UNSPECIFIED,UNSPECIFIED,UNSPECIFIED,8/31/2021,0,0,0,0,0,0,0,0,0,0,0,0,0,0,0,0,0,0,0,0,0,0,0,0,0,0,0,0,0,0,0,0,0,0,0,0,0,0,0,0,0,0,0,0,0,0,0,0,0,0,0,0,0,0,0,0,0,0,0,0,0,0,0,0,0,0,0,0,0,0,0,0,0,0,0,0,0,0,0,0,0,0,0,0,0,0,0,0,0,0,0,0,0,0,0,0,0,0,0,0,0,0,0,0,0,0,0,0,0,0,0,0,0,0,0,0,0,0,0,0,0,0,0,0,0,0,0,0,0,0,0,0,0,0,0,0,0,0,0,0,0,0,0,0,0,0,0,0,0,0,0,0,0,0,0,0,0,0,0,0,0,0,0,1
9362,NON-FINANCIAL CORPORATION,UNSPECIFIED,Retail/BBG Commercial,Financial and Insurance Activities,UNSPECIFIED,8/31/2021,0,0,0,132436.06,0,0,84707.67,6912659.91,48076.92,0,1,0,0,4.22E+07,0,-272646.03,33,-6.00E+08,0,0,0,0,-0.17,11730.36,11730.36,0.95,-0.15,-0.01,-0.68,0,-1,0.83,0,-1,-0.3,2.06,9.28,3,1,0.06,-1,-0.52,0.83,0,-1,-0.86,0,-0.29,0.14,0,0,0,0,11730.36,0.83,-0.95,0,0,0,-1,0,-0.55,0,0,-1,0,0,-1,5864.68,-1,0,3,0,0,0,-1,0,0,0,0,0,0,0,0,-1,0,0,0,0,-1,0,0,0,0,-1,0,-1,0,0,0,0,0,0,1,-0.95,0,0,0,0,0,0,0,0,0,0,27,-0.55,-1,0,-1,0,0,-1,0,0,0,0,0,0,0,0,0,0,0,0,0,0,-1,0,0,0,0,0,0,0,-1,0,0,0,0,0,0,0,0,0,0,0,0,0,0,0,0,0,1
4960,NON-FINANCIAL CORPORATION,UNSPECIFIED,Corp Bank,Manufacturing,UNSPECIFIED,8/31/2021,3.59E+07,1,1,1.03E+08,0,0,3.27E+08,0,7692307.69,0,1,1,0,0,9.20E+07,0,191,0,541.15,3,0,146.27,9.47,2683.94,2683.94,21.09,11.1,230.86,0,0,13.79,8.79,99.62,0,28.85,0.87,230.86,1.5,0,1.8,-0.29,46.04,8.79,0,-0.93,19.78,0,1.15,0,0,0,0,0,0.93,0.07,-0.72,1,0,0.22,0.93,0,0.07,0.32,0,-0.51,0,0.21,291.48,0.21,-0.51,0,0,0,0,0.42,0.25,0,0,0,0,0,0,0.89,0,29961.56,0,0,1198501.5,0.25,5372.57,0,0,-0.05,0,4427.05,0,4,0.88,0,0,0,0,0.25,-0.14,-0.72,0,0.13,4,0,0,0,0,0,0,0,1,0.03,0.25,0,-0.06,0,0,0,0,0,0,0,0,0,0,0,0,0,0,0,0,0,0.25,0,0,0,0,0,0,0,-0.29,0,0,0,0,0,0,0,0,0,0,0,0,0,0,0,0,0,1
2078,NON-FINANCIAL CORPORATION,UNSPECIFIED,Retail/BBG Commercial,Other Service Activities,UNSPECIFIED,8/31/2021,0,0,0,594653.8,0,0,169578.85,11111.11,76923.08,0,1,0,0,0,0,0,48,0,0,0,1.1,0.7,0.47,20.23,-0.22,0.13,2.84,0.43,0.43,0,5.75,0.48,0.81,-1,0.19,0.25,0.43,0.5,1,0.43,-1,0.25,1.68,0,-1,5.38,0.11,0.35,0,0,0,0,0,-0.99,0.48,0.27,0,0,0,4.71,0,-0.01,0.08,0,-1,0,2.1,4.71,-1,-0.76,0,0,0,0,0.1,0,0,0,0,0,0,0,11.7,0,0.51,0,0,-0.06,0,-1,0,0,1.82,0,-1,0,0,-1,0,0,0,0,0,-0.5,0.08,0,0,0,0,0,0,0,0,0,0,1,-0.03,-1,0,-1,0,0,0,0,0,0,0,0,0,0,-1,0,0,0,0,0,0,-1,0,0,0,0,0,0,0,-1,0,0,0,0,0,0,0,0,0,0,0,0,0,0,0,0,0,1
7159,NON-FINANCIAL CORPORATION,UNSPECIFIED,Banking Center,Real Estate Activities,UNSPECIFIED,8/31/2021,0,0,0,359752.34,0,1,0,0,0,0,1,0,0,0,0,-2191575,112,0,0,0,0,0,-0.3,-1,0,-0.01,-0.47,-0.01,-0.32,0,-0.88,0.03,0,0,-0.03,0.28,0.7,-1,0,-0.11,0,-0.21,0.03,0,0,-0.39,0,-0.15,0,0,0,0,0,0,0.03,-0.5,1,0,0,0,0,-0.32,0,0,0,0,0,-1,0,-1,0,0,0,0,0,0,0,0,0,0,0,0,0,0,-0.99,0,0,-0.87,0,-1,0,0,0,0,0,0,-0.75,-1,0,0,0,0,0,0,-0.5,0,0,0,0,0,0,0,0,0,0,0,-0.32,-1,0,0,0,0,0,0,0,0,0,0,0,0,-1,0,0,0,0,0,0,0,0,0,0,0,0,0,0,0,0,0,0,0,0,0,0,0,0,0,0,0,0,0,0,0,0,1
4556,NON-FINANCIAL CORPORATION,UNSPECIFIED,Banking Center,Financial and Insurance Activities,UNSPECIFIED,8/31/2021,0,0,0,100156.48,0,0,39.99,0,96153.85,0,1,0,0,0,0,0,30,0,0,0,0,0,0,-1,-1,0,0,0,0,0,0,0,0,0,0,0,0,-1,1,0,-1,0,0,0,-1,0,0,0,0,0,0,0,0,-1,0,0,0,0,0,0,0,0,0,0,-1,0,0,0,0,0,0,-1,0,0,0,0,0,-1,0,0,0,-1,0,0,0,0,0,0,0,0,0,5,0,0,-1,0,0,0,-1,0,0,0,0,0,0,0,0,0,0,0,0,0,0,0,0,0,0,0,0,-1,0,0,0,0,0,0,0,0,0,0,0,0,0,0,0,0,0,-1,0,0,0,0,0,0,0,-1,0,0,0,0,0,0,0,0,0,0,0,0,0,0,0,0,0,1
214,NON-FINANCIAL CORPORATION,UNSPECIFIED,Banking Center,UNSPECIFIED,UNSPECIFIED,8/31/2021,0,0,0,70435.29,0,1,0,0,96153.85,0,1,1,0,0,0,0,58,0,0,0,0,0,0,-1,-1,-0.02,-0.41,0,-0.07,0,-0.41,0,0,0,-0.03,-0.04,0,-1,1,-0.08,0,-0.04,0,0,-1,-0.41,0,-0.05,0,0,0,0,0,0,0,-0.08,0,0,0,0,0,0,0,0,0,0,0,0,0,0,0,0,0,0,0,0,0,-1,0,0,0,-1,0,0,0,0,0,0,0,0,0,5,0,0,0,0,0,0,-1,0,0,0,0,0,-0.08,0,0,0,0,0,0,0,0,0,0,0,-0.41,0,0,0,0,0,0,0,0,0,0,0,0,0,0,0,0,0,0,0,0,0,0,0,0,0,0,0,0,0,0,0,0,0,0,0,0,0,0,0,0,0,0,0,0,0,0,1
5244,NON-FINANCIAL CORPORATION,UNSPECIFIED,Retail/BBG Commercial,Education,UNSPECIFIED,8/31/2021,0,0,0,5425032.92,0,0,1700636.17,0,1538461.54,0,1,0,0,0,0,0,37,0,0,0,0,0,0.57,0.08,0.08,0.16,5.16,0.58,0.58,0,5.85,0.56,0,0,0.21,0.32,0.58,-0.5,0,0.66,-1,0.3,2.66,0,-1,6.72,0,0.43,0,0,0,0,0,-0.99,0.56,0.37,0,0,0,0,1,0,0,0,-1,0,0,0,-0.99,0,0,-0.5,0,0,0,0,0,0,0,0,0,0,0,0,0,0,0,0,0,-1,0,0,0,0,-1,0,0,-1,0,0,0,0,0,-0.75,0.04,0,0,0,0,0,0,0,0,0,0,0,0,-1,0,-1,0,0,0,0,0,0,0,0,0,0,-1,0,0,0,0,0,0,-1,0,0,0,0,0,0,0,-1,0,0,0,0,0,0,0,0,0,0,0,0,0,0,0,0,0,1
4201,FINANCIAL CORPORATION (NON-BANK),UNSPECIFIED,Retail/BBG Commercial,Financial and Insurance Activities,Active,8/31/2021,0,0,0,200545.34,0,0,13.33,0,0,0,1,0,0,0,0,0,6,0,0,0,0,0,0,-1,-1,0,0,0.15,0.12,0,0,0,0,0,0,0,0.83,-0.5,1,0,-1,0.08,0,0,-1,0,0,0,0,0,0,0,0,-1,0,0.02,0,0,0,0,0,0,0,0,-1,0,0,0,0,0,0,-1,0,0,0,0,0,0,0,0,0,0,0,0,0,0,0,0,0,0,0,0,0,0,-1,0,0,0,0,0,0,0,0,0,0.02,0,0,0,0,0,0,0,0,0,0,-1,0,0,0,-1,0,0,0,0,0,0,0,0,0,0,0,0,0,0,0,0,0,-1,0,0,0,0,0,0,0,-1,0,0,0,0,0,0,0,0,0,0,0,0,0,0,0,0,0,1
9743,NON-FINANCIAL CORPORATION,M,Banking Center,"Electricity, Gas, Steam and Air Conditioning supply",UNSPECIFIED,2/28/2023,4.85E+07,1,1,6.69E+07,0,0,9.25E+07,1.99E+07,7692307.69,0,1,6,1900545.77,8932905.19,0,-2.76E+07,247,-3.39E+08,1.38,0,0.55,0.8,-0.22,7.13,7.13,-0.02,-0.64,0.07,0.01,1,-0.74,0.65,0.52,1,-0.03,-0.07,0.13,0.3,0,-0.08,-0.15,-0.04,0.65,0,-0.82,-0.76,0.02,-0.09,1.19,0,0,12,0,7.13,-0.53,0,1,0.19,0.04,2.4,0,-0.53,-0.01,0.47,0.43,4,1.47,2.4,3.78,-0.67,190,0.3,0.44,0,0.03,0.24,0.14,0.44,0,0.19,-479778.47,0.44,5.77,0.39,9.85,0,0,1.07,0.04,8.99,0,1.52E+08,4.21,0,0.99,0,-0.16,4.64,0.39,0,0,1,0.34,0.08,-0.33,0,0.16,0.13,0,0,0,0,0,0,0,0.26,-0.54,0.36,0,10.63,0,-0.16,0.08,0,0,0,0,0,0,0,-0.28,0,0,0,0,0,0,0.06,0,0,0,0,0,0,0,0.11,0,0,0,0,0,0,0,0,0,0,0,0,0,0,0,0,0,1
109,NON-FINANCIAL CORPORATION,UNSPECIFIED,UNSPECIFIED,UNSPECIFIED,UNSPECIFIED,2/28/2023,0,0,0,0,0,0,0,0,0,0,0,0,0,0,0,0,0,0,0,0,0,0,0,0,0,0,0,0,0,0,0,0,0,0,0,0,0,0,0,0,0,0,0,0,0,0,0,0,0,0,0,0,0,0,0,0,0,0,0,0,0,0,0,0,0,0,0,0,0,0,0,0,0,0,0,0,0,0,0,0,0,0,0,0,0,0,0,0,0,0,0,0,0,0,0,0,0,0,0,0,0,0,0,0,0,0,0,0,0,0,0,0,0,0,0,0,0,0,0,0,0,0,0,0,0,0,0,0,0,0,0,0,0,0,0,0,0,0,0,0,0,0,0,0,0,0,0,0,0,0,0,0,0,0,0,0,0,0,0,0,0,0,0,1
9550,FINANCIAL CORPORATION (NON-BANK),UNSPECIFIED,UNSPECIFIED,UNSPECIFIED,UNSPECIFIED,2/28/2023,0,0,0,0,0,0,0,0,0,0,0,0,0,0,0,0,0,0,0,0,0,0,0,0,0,0,0,0,0,0,0,0,0,0,0,0,0,0,0,0,0,0,0,0,0,0,0,0,0,0,0,0,0,0,0,0,0,0,0,0,0,0,0,0,0,0,0,0,0,0,0,0,0,0,0,0,0,0,0,0,0,0,0,0,0,0,0,0,0,0,0,0,0,0,0,0,0,0,0,0,0,0,0,0,0,0,0,0,0,0,0,0,0,0,0,0,0,0,0,0,0,0,0,0,0,0,0,0,0,0,0,0,0,0,0,0,0,0,0,0,0,0,0,0,0,0,0,0,0,0,0,0,0,0,0,0,0,0,0,0,0,0,0,1
2727,NON-FINANCIAL CORPORATION,B,Retail/BBG Commercial,Administrative and Support Service Activities,UNSPECIFIED,2/28/2023,0,0,0,5861083.54,0,1,821500.81,944039.2,1307692.31,0,1,0,15400,314650,0,0,47,-5460452.56,0.13,0,0.21,0.12,0.05,4.16,1.33,-0.01,-0.05,0.01,0.01,1.83,0.13,0.05,-0.02,2.4,0,0,0.01,1.13,1,-0.01,-0.18,0.01,0.05,0,-0.5,-0.02,0.13,0.02,3.68,0,1,31,0,1.33,0.05,0,0,3,0.11,0.96,0,0,0.11,1.97,-0.31,1.5,0.16,0.96,0.51,-0.63,1,1.13,0,0,0.11,0.11,-0.9,0,0,1,-1812896.61,0,-0.75,0,-0.76,0,0,-0.55,0.58,-0.6,0,7,-0.28,0,-0.16,0,0.36,-0.06,-0.9,0,0,0,0.06,0.47,0,0,0.03,0.46,0,0,0,0,0,0,0,1,-0.05,-0.3,0,0.6,0,0,-0.05,0,0,0,0,0,0,0,0,0,0,0,48077.89,0,0,0.08,0,0,0,0,0,0,0,0.75,0,0,0,0,0,0,0,0,0,0,0,0,0,0,0,0,0,1
6903,NON-FINANCIAL CORPORATION,M,Banking Center,Construction,UNSPECIFIED,2/28/2023,5257426.47,0,0,1.58E+07,0,1,5.86E+07,2.55E+07,1.15E+07,0,1,0,0,0,0,0,52,-1.01E+08,0.47,0,0.32,0.28,-0.27,2.9,2.33,-0.03,-0.21,0.14,0.14,4,0.01,0.2,0.43,4,-0.04,0.26,0.14,3.67,1,0.46,-0.67,0.03,3.51,0,-0.66,-0.07,0.02,0.35,80.87,0,0,0,0,0.54,0.2,0.05,0,2,1.33,1.86,0,-0.39,0.05,0.01,-0.62,0,0.6,1.86,-0.04,-0.66,0,2.5,0,0,0.01,1.06,-0.98,0,0,2,0,0,-0.33,0,0.05,0,0,0.01,-0.26,-0.29,0,0,-0.03,0,0.14,0,-0.13,-0.57,0,0,0,0,0.91,0.92,-0.08,0,0.49,-0.37,0,0,0,0,0,0,0,1.06,-0.52,-0.22,0,-0.42,0,0,-0.07,0,0,0,0,0,0,0,-0.3,0,0,0,0,0,0,1.33,0,0,0,0,0,0,0,0.17,0,0,0,0,0,0,0,0,0,0,0,0,0,0,0,0,0,1
1396,FINANCIAL CORPORATION (NON-BANK),UNSPECIFIED,Retail/BBG Commercial,Financial and Insurance Activities,UNSPECIFIED,10/29/2021,1.62E+07,1,1,5.38E+07,0,0,6.64E+07,6.19E+07,384615.38,0,1,2,2.46E+07,5.86E+07,0,-347929.07,311,-5.48E+08,0.3,0,0.33,0.3,0.64,1.73,1.73,0.19,1.18,0.04,0.04,0.53,0.55,0.42,0.31,2.74,0.27,0.12,2.12,2.03,0,0.22,-0.33,0.01,0.55,0,-0.57,0.98,0.06,0.12,1.71,0,0,0,0,1.73,0.15,0.03,1,0.67,0.17,1.12,0,0.15,0.07,1.56,-0.1,-1,0.79,1.12,0.81,-0.65,12,0.81,2,0,0.06,0.34,0.19,2,0,0.52,-3979791.12,2,0.56,6.12,-0.29,0,0,0.45,0.13,-0.52,0,4390548.21,2.11,0,0.15,0,0.03,0.01,6.12,0,0,0,0.58,0.24,-0.03,0,0.26,0.18,0,0,0,0,0,0,0,0.84,-0.36,0.81,0,1.45,0,-0.5,0.18,0,0,0,0,0,0,0,0.56,0,0,0,0,0,0,-0.22,0,0,0,0,0,0,0,0.22,0,0,0,0,0,0,0,0,0,0,0,0,0,0,0,0,0,1
8252,NON-FINANCIAL CORPORATION,UNSPECIFIED,Corp Bank,Information and Communication,UNSPECIFIED,10/29/2021,0,0,0,9.18E+07,0,1,2.74E+09,7922900,7692307.69,0,1,0,423868.76,7769834.38,1.23E+08,-3.58E+09,66,0,0.03,25,0.02,0.03,-0.14,0.39,0.22,-0.01,-0.43,0.05,0,0,-0.19,0.01,0.03,2,0,0,0.05,1.07,2,-0.09,0.24,0,0.22,0,-0.13,-0.51,0.15,0.01,0,0,0,0,0,0.01,-0.15,-0.02,0,0,0.41,0.27,0,-0.15,-0.06,0,-0.12,0,0.04,0.27,-0.05,-0.2,2,0.32,-1,0,0.06,0.14,0,-1,0,0,0,3,-0.02,-1,0.14,0,0,0.1,0.61,0.14,0,112770.08,0.02,0,0.1,0,-0.6,-0.01,0.44,0,0,0,-0.14,0.28,-0.02,0,-0.05,0.24,0,0,0,0,0,0,0,1.68,-0.33,5.15,0,-0.1,0,-1,-0.25,0,0,0,0,0,0,0,5.55,0,0,0,0,0,0,3.95,0,0,0,0,0,0,0,0.64,0,0,0,0,0,0,0,0,0,0,0,0,0,0,0,0,0,1
7290,NON-FINANCIAL CORPORATION,UNSPECIFIED,Retail/BBG Commercial,Real Estate Activities,UNSPECIFIED,10/29/2021,1.25E+07,1,1,3.18E+07,0,0,3.17E+07,0,6153846.15,0,1,0,4.50E+07,4.50E+07,0,-2751000,40,-7491333.26,1369.42,0,0,0,0.19,6847.08,6847.08,0.52,0.19,0.04,0.04,0,0.2,1.45,0,0,0.72,0.09,5.72,3,2,0.19,-0.25,0.01,1.45,0,-0.1,0.2,0,0.12,-1,0,0,0,0,6847.08,1.45,0,0,-1,0.65,0.11,0,-0.52,0,-1,0.11,0,0,0.11,3423.6,0.11,0,3,0,0,0,-0.6,-1,-1,0,-1,0,-1,0,0,0,0,0,0,0,5207.74,0,1,0,0,6859.29,0,0,4268.78,-1,0,0,0,0,1.38,0,0,0,0,0,0,0,0,0,0,0,-0.6,-0.52,2,0.08,7600.94,0,0,-0.6,0,0,0,0,0,0,0,2,0,0,0,0,0,0.33,2,0,0,0,0,0,0,0,2,0,0,0,0,0,0,0,0,0,0,0,0,0,0,0,0,0,1
3970,FINANCIAL CORPORATION (NON-BANK),UNSPECIFIED,Corp Bank,UNSPECIFIED,UNSPECIFIED,10/29/2021,1354207.31,1,1,3188967.05,1,1,7416880.77,0,1.44E+08,0,1,0,0,0,708798.62,0,345,-2.73E+07,3.98,8,0,1.72,4.09,18.69,18.69,0.14,2.44,0.05,-0.03,0,-0.13,5.13,2.44,-1,0.14,1.52,1.32,1.5,0,3.08,0.33,-0.01,11.46,0,-0.73,-0.18,0,1.99,282.63,0,0,0,1,2.8,-0.17,-0.05,1,2,0.43,2.76,0,-0.17,0.68,282.63,-0.16,0,1.29,10.87,1.32,-0.81,0,0.5,0,0,-0.11,-0.13,-0.68,0,0,-0.33,0,0,0,0,10.76,0,0,2.86,0,11.59,0,0,2.12,0,4.22,0,4,5.07,0,0,0,0,-0.38,0.42,-0.05,0,-0.21,-0.67,0,0,0,0,0,0,0,4,-0.94,2,0.08,2.2,0,0,-0.29,0,0,0,0,0,0,0,5,0,0,0,0,0,0,2,0,0,0,0,0,0,0,1,0,0,0,0,0,0,0,0,0,0,0,0,0,0,0,0,0,1
7821,NON-FINANCIAL CORPORATION,UNSPECIFIED,Retail/BBG Commercial,Other Service Activities,UNSPECIFIED,10/29/2021,0,0,0,68258.96,0,0,33334.05,22222.22,384615.38,0,1,0,0,0,0,0,56,-91907.57,0,0,0.31,0.4,0.1,-1,-1,0.02,-0.33,0.09,0,-1,2.34,0.45,0.35,-1,0.04,0.25,0.16,0,1,-0.01,-1,0.01,0.45,0,-1,0.2,0.91,0.44,5.8,0,0,6,0,-1,0.45,-0.09,0,3,0,2.24,0,-0.24,1.06,5.8,-1,1,0.9,2.24,-1,-0.43,0,0,0,0,0.03,1,-0.61,0,0,3,-75299.89,0,1.3,0,1.09,0,0,0.28,3,0,0,0,0.83,0,0,0,0.33,0,0,0,0,0,0.33,-0.5,-0.09,0,0.33,-0.6,0,0,0,0,0,0,0,9,-0.39,0,0,-1,0,0,-0.33,0,0,0,0,0,0,0,0,0,0,0,0,0,0,0,0,0,0,0,0,0,0,-1,0,0,0,0,0,0,0,0,0,0,0,0,0,0,0,0,0,1
412,NON-FINANCIAL CORPORATION,UNSPECIFIED,Retail/BBG Commercial,Other Service Activities,UNSPECIFIED,10/29/2021,2.06E+07,1,1,4.38E+07,1,1,147864.58,77777.78,7692307.69,1,1,1,0,0,0,0,179,0,436.08,0,16.31,5.96,0.05,2183.5,2183.5,2.04,0.23,0,0,-1,0.38,0.04,9.59,1,2.79,0.04,22.25,2,0,0.04,-0.5,0,0.09,0,-0.99,0.49,0,0.04,0,0,0,0,0,-0.15,0.04,0,0,0,0.09,0.12,0,0.01,-0.01,0,-0.98,0,0.03,49.27,-0.57,-0.98,0,-0.2,0,0,0,0,0,0,0,0,0,0,-1,0,-0.99,0,0,-0.34,-0.14,-1,0,0,0.06,0,-0.99,0,-0.14,-1,0,0,0,0,0,-0.35,0,0,0,0,0,0,0,0,0,0,0,0.33,0.01,-0.33,0,-0.99,0,0,0,0,0,0,0,0,0,0,-0.33,0,0,0,0,0,0,-0.67,0,0,0,0,0,0,0,-0.6,0,0,0,0,0,0,0,0,0,0,0,0,0,0,0,0,0,1
111,NON-FINANCIAL CORPORATION,UNSPECIFIED,Retail/BBG Commercial,Other Service Activities,Active,10/29/2021,3.85E+07,0,0,6.72E+07,0,0,6.72E+07,1.78E+07,3846153.85,0,1,0,0,0,224000,0,5,0,4801921.51,1,0,0,13.77,2.40E+07,2.40E+07,0,1242.16,1492.22,0.02,-1,0,6.94,0,-1,0,0,1492.22,2.5,1,8.36,-0.86,298.56,32.26,0,-1,0,0,0,0,0,0,0,0,7.29,6.94,-0.19,0,0,0.66,3.91,0,0.86,0,0,-0.66,0,1.54,3.91,3.32,-0.83,0,2.5,0,0,0,1,0,0,0,0,0,0,0,0,0,0,0,0,0,0,0,0,-0.18,0,473.13,0,0,0,0,0,0,0,-0.5,0.82,-0.19,0,0.13,0,0,0,0,0,0,0,0,1,-0.1,0,0,1.86,0,0,-0.75,0,0,0,0,0,0,0,0,0,0,0,0,0,0,0,0,0,0,0,0,0,0,-0.5,0,0,0,0,0,0,0,0,0,0,0,0,0,0,0,0,0,1
2355,NON-FINANCIAL CORPORATION,UNSPECIFIED,Retail/BBG Commercial,Real Estate Activities,UNSPECIFIED,10/29/2021,0,0,0,1077777.64,0,0,26667.5,10666.67,384615.38,0,1,1,0,0,0,0,188,0,0,0,0,0,0.04,1057.73,-0.01,0.21,0.11,0.26,0.11,-1,3.4,0.02,0,0,0.24,0.21,0.55,0,0,0.02,-0.5,0.15,0.03,0,-1,4.5,0,0.26,0,0,0,0,0,-0.01,0.02,0.02,0,0,0,0,0,0.02,0,0,-0.48,0,0,0,-0.25,0,0,0,0,0,0,0,0,0,0,0,0,0,0,0,0,0,0,0,0,0,0,0,0,0,-0.47,0,0,-0.74,0,0,0,0,0,-0.25,0.02,0,0,0,0,0,0,0,0,0,0,-1,0,0,0,-0.49,0,0,0,0,0,0,0,0,0,0,0,0,0,0,0,0,0,0,0,0,0,0,0,0,0,-0.5,0,0,0,0,0,0,0,0,0,0,0,0,0,0,0,0,0,1
2318,FINANCIAL CORPORATION (NON-BANK),UNSPECIFIED,UNSPECIFIED,UNSPECIFIED,UNSPECIFIED,10/29/2021,0,0,0,0,0,0,0,0,0,0,0,0,0,0,0,0,0,0,0,0,0,0,0,0,0,0,0,0,0,0,0,0,0,0,0,0,0,0,0,0,0,0,0,0,0,0,0,0,0,0,0,0,0,0,0,0,0,0,0,0,0,0,0,0,0,0,0,0,0,0,0,0,0,0,0,0,0,0,0,0,0,0,0,0,0,0,0,0,0,0,0,0,0,0,0,0,0,0,0,0,0,0,0,0,0,0,0,0,0,0,0,0,0,0,0,0,0,0,0,0,0,0,0,0,0,0,0,0,0,0,0,0,0,0,0,0,0,0,0,0,0,0,0,0,0,0,0,0,0,0,0,0,0,0,0,0,0,0,0,0,0,0,0,1
9750,NON-FINANCIAL CORPORATION,UNSPECIFIED,UNSPECIFIED,UNSPECIFIED,UNSPECIFIED,10/29/2021,0,0,0,0,0,0,0,0,0,0,0,0,0,0,0,0,0,0,0,0,0,0,0,0,0,0,0,0,0,0,0,0,0,0,0,0,0,0,0,0,0,0,0,0,0,0,0,0,0,0,0,0,0,0,0,0,0,0,0,0,0,0,0,0,0,0,0,0,0,0,0,0,0,0,0,0,0,0,0,0,0,0,0,0,0,0,0,0,0,0,0,0,0,0,0,0,0,0,0,0,0,0,0,0,0,0,0,0,0,0,0,0,0,0,0,0,0,0,0,0,0,0,0,0,0,0,0,0,0,0,0,0,0,0,0,0,0,0,0,0,0,0,0,0,0,0,0,0,0,0,0,0,0,0,0,0,0,0,0,0,0,0,0,1
8205,FINANCIAL CORPORATION (NON-BANK),UNSPECIFIED,Banking Center,Administrative and Support Service Activities,UNSPECIFIED,7/29/2022,0,0,0,1.81E+07,2,1,5.52E+07,2.26E+07,384615.38,0,1,0,472163.73,1.64E+07,1680799.66,0,102,-7660,0.42,129,0.16,0.16,-0.08,0.98,0.91,-0.04,0.2,0.05,0.05,0.55,0.2,0.02,0.42,0.55,-0.01,0.02,0.05,0.38,0,0.04,-0.11,0.05,0.17,0,-0.01,0.12,0,0.03,-1,0,0,7,0,0.39,-0.1,0.05,1,-1,0.18,0.3,0,-0.1,0.02,-1,0.17,3,0.02,1.29,0.28,-0.26,59,0.38,0,0,0.04,-0.17,-1,1.57,0,-1,-5805681.44,1.57,0.55,0.41,0.48,0,0,3,-0.21,1.21,0,2227260.01,-0.04,0,4.03,0,-0.07,1.19,8.44,0,0,0,-0.38,0.14,0.04,0,-0.21,0.04,0,0,0,0,0,0,0,0.4,-0.1,1.6,0.67,0.63,0,-0.05,-0.26,0,0,0,0,0,0,0,2.1,0,0,0,0,0,1.67,1.15,0,0,0,0,0,0,0,0.24,0,0,0,0,0,0,0,0,0,0,0,0,0,0,0,0,0,1
1534,NON-FINANCIAL CORPORATION,UNSPECIFIED,Retail/BBG Commercial,Manufacturing,UNSPECIFIED,7/29/2022,0,0,0,190605.16,0,0,8137.45,2708.4,0,0,0,0,0,171059.75,0,0,6,0,0,0,0,0,0.08,162499.3,-1,0.03,0.14,0.02,0.02,-1,0.14,0.08,0,-1,0.01,0.01,0.06,1,1,0.03,-1,0.01,0.08,0,-1,0.14,0,0.02,0,0,0,0,0,-1,0.08,0.02,0,0,0,0,0,0,0,0,-1,0,0,0,-1,0,0,0,0,0,0,0,0,0,0,0,0,0,0,0,0,0,0,0,0,0,0,0,0,0,0,0,0,0,0,0,0,0,0,-0.5,0,0,0,0,0,0,0,0,0,0,0,-1,0,0,0,-1,0,0,0,0,0,0,0,0,0,0,0,0,0,0,0,0,0,0,0,0,0,0,0,0,0,-1,0,0,0,0,0,0,0,0,0,0,0,0,0,0,0,0,0,1
5904,SOLE PROPRIETORSHIP,UNSPECIFIED,Retail/BBG Commercial,Wholesale and Retail trade; Repair of Motor Vehicles and Motorcycles,UNSPECIFIED,7/29/2022,0,0,0,722369.45,0,0,2220005.64,1192908.33,76923.08,0,1,0,0,35117.39,0,0,39,-1.13E+07,0.32,0,0.08,0.11,0.89,1.76,1.76,0.04,0.66,0.25,0.25,0.24,0.7,1.79,0.15,0.38,0.06,0.16,0.25,0.3,1,0.27,0,0.08,1.79,0,-0.65,0.87,0.09,0.19,0.76,0,0,64,0,1.76,1.79,0.04,0,1,0.03,0.9,0,-0.32,0.16,0.63,-0.65,1.71,0.32,0.9,0.55,-0.25,16,0.1,0.67,0,0.18,0.16,-0.15,0.67,0,0.23,-1818824,0.67,0.01,0.34,0.44,0,-49500,0.46,0.28,-0.04,0,1179768,0.42,0,0.25,-17000,0.9,-0.25,2.89,0,-30000,0,0.1,0.05,-0.02,0,0.05,0.53,0,0,0,0,0,0,1,0.92,-0.32,0.05,0.25,-0.05,0,-0.63,-0.05,0,0,1,0,0,0,0,-0.02,0,0,0,0,0,0.67,0,0,0,0,0,0,0,0,0.1,0,0,0,0,0,0,0,0,0,0,0,0,0,0,0,0,0,1
7666,NON-FINANCIAL CORPORATION,UNSPECIFIED,UNSPECIFIED,UNSPECIFIED,UNSPECIFIED,7/29/2022,0,0,0,0,0,0,0,0,0,0,0,0,0,0,0,0,0,0,0,0,0,0,0,0,0,0,0,0,0,0,0,0,0,0,0,0,0,0,0,0,0,0,0,0,0,0,0,0,0,0,0,0,0,0,0,0,0,0,0,0,0,0,0,0,0,0,0,0,0,0,0,0,0,0,0,0,0,0,0,0,0,0,0,0,0,0,0,0,0,0,0,0,0,0,0,0,0,0,0,0,0,0,0,0,0,0,0,0,0,0,0,0,0,0,0,0,0,0,0,0,0,0,0,0,0,0,0,0,0,0,0,0,0,0,0,0,0,0,0,0,0,0,0,0,0,0,0,0,0,0,0,0,0,0,0,0,0,0,0,0,0,0,0,1
7480,NON-FINANCIAL CORPORATION,UNSPECIFIED,UNSPECIFIED,UNSPECIFIED,UNSPECIFIED,7/29/2022,0,0,0,0,0,0,0,0,0,0,0,0,0,0,0,0,0,0,0,0,0,0,0,0,0,0,0,0,0,0,0,0,0,0,0,0,0,0,0,0,0,0,0,0,0,0,0,0,0,0,0,0,0,0,0,0,0,0,0,0,0,0,0,0,0,0,0,0,0,0,0,0,0,0,0,0,0,0,0,0,0,0,0,0,0,0,0,0,0,0,0,0,0,0,0,0,0,0,0,0,0,0,0,0,0,0,0,0,0,0,0,0,0,0,0,0,0,0,0,0,0,0,0,0,0,0,0,0,0,0,0,0,0,0,0,0,0,0,0,0,0,0,0,0,0,0,0,0,0,0,0,0,0,0,0,0,0,0,0,0,0,0,0,1
825,NON-FINANCIAL CORPORATION,UNSPECIFIED,UNSPECIFIED,UNSPECIFIED,UNSPECIFIED,7/29/2022,0,0,0,0,0,0,0,0,0,0,0,0,0,0,0,0,0,0,0,0,0,0,0,0,0,0,0,0,0,0,0,0,0,0,0,0,0,0,0,0,0,0,0,0,0,0,0,0,0,0,0,0,0,0,0,0,0,0,0,0,0,0,0,0,0,0,0,0,0,0,0,0,0,0,0,0,0,0,0,0,0,0,0,0,0,0,0,0,0,0,0,0,0,0,0,0,0,0,0,0,0,0,0,0,0,0,0,0,0,0,0,0,0,0,0,0,0,0,0,0,0,0,0,0,0,0,0,0,0,0,0,0,0,0,0,0,0,0,0,0,0,0,0,0,0,0,0,0,0,0,0,0,0,0,0,0,0,0,0,0,0,0,0,1
3331,NON-FINANCIAL CORPORATION,UNSPECIFIED,UNSPECIFIED,UNSPECIFIED,UNSPECIFIED,7/29/2022,0,0,0,0,0,0,0,0,0,0,0,0,0,0,0,0,0,0,0,0,0,0,0,0,0,0,0,0,0,0,0,0,0,0,0,0,0,0,0,0,0,0,0,0,0,0,0,0,0,0,0,0,0,0,0,0,0,0,0,0,0,0,0,0,0,0,0,0,0,0,0,0,0,0,0,0,0,0,0,0,0,0,0,0,0,0,0,0,0,0,0,0,0,0,0,0,0,0,0,0,0,0,0,0,0,0,0,0,0,0,0,0,0,0,0,0,0,0,0,0,0,0,0,0,0,0,0,0,0,0,0,0,0,0,0,0,0,0,0,0,0,0,0,0,0,0,0,0,0,0,0,0,0,0,0,0,0,0,0,0,0,0,0,1
5522,NON-FINANCIAL CORPORATION,UNSPECIFIED,UNSPECIFIED,UNSPECIFIED,UNSPECIFIED,7/29/2022,0,0,0,0,0,0,0,0,0,0,0,0,0,0,0,0,0,0,0,0,0,0,0,0,0,0,0,0,0,0,0,0,0,0,0,0,0,0,0,0,0,0,0,0,0,0,0,0,0,0,0,0,0,0,0,0,0,0,0,0,0,0,0,0,0,0,0,0,0,0,0,0,0,0,0,0,0,0,0,0,0,0,0,0,0,0,0,0,0,0,0,0,0,0,0,0,0,0,0,0,0,0,0,0,0,0,0,0,0,0,0,0,0,0,0,0,0,0,0,0,0,0,0,0,0,0,0,0,0,0,0,0,0,0,0,0,0,0,0,0,0,0,0,0,0,0,0,0,0,0,0,0,0,0,0,0,0,0,0,0,0,0,0,1
3682,NON-FINANCIAL CORPORATION,UNSPECIFIED,UNSPECIFIED,UNSPECIFIED,UNSPECIFIED,7/29/2022,0,0,0,0,0,0,0,0,0,0,0,0,0,0,0,0,0,0,0,0,0,0,0,0,0,0,0,0,0,0,0,0,0,0,0,0,0,0,0,0,0,0,0,0,0,0,0,0,0,0,0,0,0,0,0,0,0,0,0,0,0,0,0,0,0,0,0,0,0,0,0,0,0,0,0,0,0,0,0,0,0,0,0,0,0,0,0,0,0,0,0,0,0,0,0,0,0,0,0,0,0,0,0,0,0,0,0,0,0,0,0,0,0,0,0,0,0,0,0,0,0,0,0,0,0,0,0,0,0,0,0,0,0,0,0,0,0,0,0,0,0,0,0,0,0,0,0,0,0,0,0,0,0,0,0,0,0,0,0,0,0,0,0,1
1999,PARTNERSHIP,UNSPECIFIED,Retail/BBG Commercial,"Professional, Scientific & Technical Activities",UNSPECIFIED,7/29/2022,0,0,0,8145602.29,0,1,5850587.64,2538286.21,384615.38,0,1,0,3549667.07,7189765.04,14565,0,192,-1.69E+07,0.06,9,0.42,0.22,-0.05,8.23,1.28,0.11,0.23,0.01,0.01,2.33,-0.02,0.01,0.09,5,0.06,0.36,0.3,0.36,2,0.05,-0.45,-0.01,0.17,0,-0.82,4.56,0.06,0.01,1.49,0,0,143,0,-0.49,0.01,-0.04,1,0.35,-0.05,0.31,0,-0.05,0.03,0.2,-0.82,0.41,-0.17,0.64,-0.65,-0.65,2,0.05,-1,0,-0.02,0.26,-0.88,-1,0,0.35,-9066019.81,-1,1.33,-1,0.31,0,0,-0.14,0.56,-0.7,0,46626.29,-0.55,0,-0.71,0,0.13,-0.18,-1,0,0,0,-0.04,-0.2,-0.04,0,0.01,-0.18,0,0,0,0,0,0,0,0.35,-0.05,-0.08,0.17,-0.91,0,-1,-0.24,0,0,0,0,0,0,0,0,0,0,0,0,0,0,-0.42,0,0,0,0,0,0,0,-0.42,0,0,0,0,0,0,0,0,0,0,0,0,0,0,0,0,0,1
8095,NON-FINANCIAL CORPORATION,UNSPECIFIED,Retail/BBG Commercial,Real Estate Activities,UNSPECIFIED,7/29/2022,0,0,0,27201.05,0,1,0,0,3846153.85,0,1,0,0,0,0,0,24,0,0,0,0,0,0.07,0,0,0.01,0.09,0.01,0.01,0,0.11,0.05,0,0,0.01,0.01,0.01,0,0,0.02,0,0.01,0.05,0,0,0.12,0,0.01,0,0,0,0,0,0,0.05,0.01,0,0,0,0,0,0.01,0,0,0,0,0,0,0,0,0,0,0,0,0,0,0,0,0,0,0,0,0,0,0,0,0,0,0,0,0,0,0,0,0,0,0,0,0,0,0,0,0,0,0,0,0,0,0,0,0,0,0,0,0,0,0,0,0,0,0,0,0,0,0,0,0,0,0,0,0,0,0,0,0,0,0,0,0,0,0,0,0,0,0,0,0,0,0,0,0,0,0,0,0,0,0,0,0,0,0,0,0,1
109,NON-FINANCIAL CORPORATION,UNSPECIFIED,Retail/BBG Commercial,Education,UNSPECIFIED,7/29/2022,0,0,0,2.36E+07,0,0,1100612.75,136273.42,384615.38,0,1,0,0,0,0,0,302,-867473.1,3.1,0,2.12,3.11,0.03,7.35,7.35,0.04,0.04,0.01,0.01,1,-0.01,0.05,1.18,1,0.01,0,0.11,2.5,0,0.01,0.36,0,0.05,0,-0.85,0.02,0.72,0,2.38,0,0,24,0,7.35,-0.02,0,2,2.5,0.68,0.25,0,-0.02,1.1,0.64,1.89,5,0.01,4.03,4.62,-0.22,31,2.5,2.33,0,1.55,0.8,0.62,2.33,0,0.14,-1899282.84,2.33,-0.1,8.08,7.74,0,0,12.46,0.64,32.15,0,3322700.35,-0.03,0,26.85,0,5,13.69,8.08,0,0,0,-0.14,1.43,-0.01,0,0.14,17,0,0,0,0,0,0,0,6,-0.02,2.8,0,23.1,0,0.8,-0.52,0,0,0,0,0,0,0,2.8,0,0,0,0,0,0,2.8,0,0,0,0,0,0,0,3.75,0,0,0,0,0,0,0,0,0,0,0,0,0,0,0,0,0,1
148,PARTNERSHIP,UNSPECIFIED,Retail/BBG Commercial,Wholesale and Retail trade; Repair of Motor Vehicles and Motorcycles,UNSPECIFIED,7/29/2022,1250000,1,1,5948706.25,0,0,1666783.36,0,384615.38,0,1,0,0,0,0,0,101,0,0,0,0,0,-0.99,-1,-1,1.76,-0.99,0.92,-0.09,0,-0.99,0.01,0,-1,0.28,8.41,15.55,0,0,-0.29,-1,0.2,0.01,0,-1,0.06,0,-0.18,0,0,0,0,0,-1,-0.99,-0.09,1,0,0,-1,0,-0.99,0,0,-1,0,0,44983.26,-1,-1,0,0,0,0,0,-1,0,0,0,0,0,0,0,0,0,0,0,0,0,0,0,0,-1,0,0,0,0,0,0,0,0,0,-1,-0.5,-0.09,0,0,0,0,0,0,0,0,0,0,0,-0.99,0,0,-1,0,0,-1,0,0,0,0,0,0,0,0,0,0,0,0,0,0,0,0,0,0,0,0,0,0,-1,0,0,0,0,0,0,0,0,0,0,0,0,0,0,0,0,0,1
7071,NON-FINANCIAL CORPORATION,UNSPECIFIED,Retail/BBG Commercial,Real Estate Activities,Active,7/29/2022,0,0,0,1736599.3,0,0,3414374.14,1185609.43,76923.08,0,1,0,147792.32,147792.32,0,-1890000,4,-3598813.03,0,0,0,0,8.82,14.74,14.74,0,0,1.65,1.65,4.14,0,3.99,0,4.14,0,0,1.65,3,3,0,2.5,0,3.99,0,-0.67,0,0,0,170.48,0,0,7,0,14.74,0.97,0.4,0,26,0,135.08,0,0.97,0,170.48,0.57,0,67.52,135.08,7.66,-0.4,11,2.93,1.67,0,0,12.33,0,1.67,0,26,-238015,1.67,0,3.17,0,0,0,0,0,0,0,448674,129.38,0,0,0,0,0,3.17,0,0,0,9,2.71,0.19,0,6.04,0,0,0,0,0,0,0,0,12.33,0.28,0,0,23.77,0,1.67,-0.25,0,0,0,0,0,0,0,0,0,0,0,0,0,0,0,0,0,0,0,0,0,0,12.75,0,0,0,0,0,0,0,0,0,0,0,0,0,0,0,0,0,1
5023,NON-FINANCIAL CORPORATION,M,Banking Center,Manufacturing,UNSPECIFIED,8/31/2023,5.00E+07,1,1,5.43E+07,0,1,2149183.68,1646405.39,0,0,1,0,1230383.48,1230383.48,0,0,350,-1857278.05,0.19,0,4.51,6.19,-0.23,168.1,1.03,0,-0.17,0,0,2,-0.15,0.04,0.06,3,0,0,0,12,0,-0.03,-0.6,0,0.15,0,-0.72,-0.08,0.06,-0.01,48.82,0,0,0,0,0.98,0.04,0,1,1.5,2.42,0.13,0,-0.25,0.1,48.82,-0.46,0,0.1,0.27,0.26,-0.15,0,12,0,0,0.14,0.78,-0.58,0,0,1.5,0,0,0.23,0,0.19,0,0,0.26,0.32,3.37,0,0,0.21,0,-0.32,0,0.71,0.36,0,0,0,0,0.58,5.7,0,0,0.33,0.58,0,0,0,0,0,0,0,0.78,-0.25,5.5,0,0.06,0,0,-0.11,0,0,0,0,0,0,0,4.2,0,0,0,0,0,0,1.6,0,0,0,0,0,0,0,4.2,0,0,0,0,0,0,0,0,0,0,0,0,0,0,0,0,0,1
4171,NON-FINANCIAL CORPORATION,M,Banking Center,Transportation and Storage,UNSPECIFIED,8/31/2023,583333.33,1,1,1.20E+07,0,0,9004189.5,2698665.28,1538461.54,0,1,0,1.08E+07,1.31E+07,0,0,69,-1157985.26,0.91,0,3.51,4.66,0.14,3.78,3.78,0,0.32,0.89,0.89,0.45,0.08,0.3,6.8,0.45,0.02,0.02,0.89,0.38,2,0.16,0.14,0.12,0.85,0,-0.35,-0.59,-0.02,0.08,62.21,0,0,10,0,3.78,0.3,0.03,0,1,0.07,35.67,0,-0.13,-0.03,62.21,0.65,3,17.6,35.67,2.22,-0.77,10,0.38,0.67,0,0.02,0.21,-0.97,0.67,0,0.5,-2500022.74,1,2.94,45.22,5.23,0,0,0.52,-0.29,6.36,0,621148.84,18.21,0,6.28,0,-0.29,4.45,45.22,0,0,0,0.13,0.26,-0.29,0,0.07,0.06,0,0,0,0,0,0,0,0.26,-0.53,0.14,0,6.89,0,0.5,-0.07,0,0,0,0,0,0,0,0.09,0,0,0,0,0,0,0.25,0,0,0,0,0,0,0,0.56,0,0,0,0,0,0,0,0,0,0,0,0,0,0,0,0,0,1
5601,NON-FINANCIAL CORPORATION,B,UNSPECIFIED,Construction,UNSPECIFIED,8/31/2023,0,0,0,4070539.66,0,0,262230.39,253781.85,1153846.15,0,1,0,0,0,0,0,33,0,0.1,0,10.26,13.99,-0.01,8.89,0.62,-0.13,0.01,0,0,1,-0.86,0,1.15,6,-0.2,-0.11,0.13,6,1,0,-0.25,-0.23,0.02,0,-0.13,-0.86,0.26,-0.15,0,0,0,0,0,0.62,0,-0.11,0,0,0.16,4.08,0,0,0.35,0,-0.06,0,1.72,4.08,0.28,-0.77,0,1,0,0,0.43,2.33,0,0,0,0,0,0,1.21,0,1,0,0,0.17,1.5,0.39,0,0,0.87,0,0.41,0,1.5,2.66,-1,0,0,0,1.5,0.38,-0.48,0,1.04,1,0,0,0,0,0,0,0,2.33,0,0.2,0,0.51,0,0,-0.25,0,0,0,0,0,0,0,0.5,0,0,0,0,0,0,0.5,0,0,0,0,0,0,0,0.5,0,0,0,0,0,0,0,0,0,0,0,0,0,0,0,0,0,1
1569,NON-FINANCIAL CORPORATION,M,UNSPECIFIED,Wholesale and Retail trade; Repair of Motor Vehicles and Motorcycles,UNSPECIFIED,8/31/2023,0,0,0,3569867.16,0,0,1775305.73,1444302.56,76923.08,0,1,1,0,0,0,0,85,0,0.12,0,0.38,0.42,0.06,1.97,1,-0.05,0.55,0.14,0.12,1,1.33,0.08,0.38,1.5,0.02,0.07,0.14,1.33,1,0.09,0.11,0.08,0.24,0,-0.62,0.71,0.1,0.12,0,0,0,0,0,0.08,0.08,0.11,0,0,0,0.14,0,-0.01,0.09,0,-0.04,0,0.04,2.04,0.02,-0.67,0,0.13,0,0,0.24,0.5,0,0,0,0,0,0,-0.14,0,-0.38,0,0,0.54,-0.14,-0.2,0,0,0.07,0,-0.05,0,-0.37,-0.28,0,0,0,1,0,0.12,-0.02,0,0.08,0.71,0,0,0,0,0,0,0,1.14,-0.01,0.82,0,0.03,0,0,-0.33,0,0,0,0,0,0,0,0.67,0,0,0,0,0,0,-0.05,0,0,0,0,0,0,0,0.25,0,0,0,0,0,0,0,0,0,0,0,0,0,0,0,0,0,1
9574,NON-FINANCIAL CORPORATION,B,UNSPECIFIED,Other Service Activities,Active,8/31/2023,0,0,0,5409404.88,0,0,2125624.74,708500,1230769.23,0,1,0,0,0,0,0,20,0,0,0,0,0,4.25,17038.44,17038.44,0.13,4.25,0.59,0.59,-1,4.25,3.56,0,-1,0.17,0.38,0.59,0,1,0.74,-1,0.22,3.56,0,-1,6.88,0,0.46,0,0,0,0,0,17038.44,3.56,0.44,0,0,0,0,0,0.15,0,0,-1,0,0,0,8518.72,0,0,0,0,0,0,0,0,0,0,0,0,0,0,0,0,0,0,0,0,-1,0,0,0,0,-1,0,0,-1,0,0,0,0,0,-0.5,0,0,0,0,0,0,0,0,0,0,0,0,0,-1,0,-1,0,0,0,0,0,0,0,0,0,0,-1,0,0,0,0,0,0,-1,0,0,0,0,0,0,0,-1,0,0,0,0,0,0,0,0,0,0,0,0,0,0,0,0,0,1
686,NON-FINANCIAL CORPORATION,M,Banking Center,Human Health and Social Work Activities,UNSPECIFIED,8/31/2023,0,0,0,2.14E+08,0,1,2.46E+08,3.55E+07,4.37E+07,0,1,1,2125957.55,8393374.42,7551871.77,-105701.14,370,-4.75E+08,0.08,98,0.08,0.04,-0.05,0.67,0.67,0.01,0.49,0.1,0.1,0.46,-0.13,0.03,0.06,0.53,-0.03,0.02,0.16,0.28,0,0.09,0.02,-0.02,0.29,0,-0.27,-0.1,0.19,0.01,1.66,0,0,771,0,0.27,-0.08,0.02,4,2.24,0.01,0.06,0,-0.08,0.22,-0.11,-0.27,3.96,-0.07,0.28,0,-0.2,320,0.03,0.01,0,0.3,0.18,-0.18,0.17,0,0.35,-1.30E+08,0.17,0.84,0.18,0.09,0,0,0.22,0.36,0.75,0,6.37E+07,-0.15,0,0.14,0,0.09,0.27,0.6,0,0,1,-0.67,0.02,-0.12,0,-0.27,0.01,0,0,0,0,0,0,0,1.47,-0.08,0,0.17,-0.08,0,-0.06,-0.72,0,0,0,0,0,0,0,-0.05,0,0,0,0,0,0,-0.01,0,0,0,0,0,0,0,0.05,0,0,0,0,0,0,0,0,0,0,0,0,0,0,0,0,0,1
7282,NON-FINANCIAL CORPORATION,M,UNSPECIFIED,Construction,UNSPECIFIED,8/31/2023,9190954.89,1,1,6.98E+07,0,0,1.10E+08,2.45E+07,1.54E+07,0,1,0,5.86E+07,7.82E+07,0,-36988.65,69,-3.55E+07,0.41,10,0.26,0.33,-0.43,1.34,1.34,0.22,0.95,2.01,0.24,0.57,0.97,-0.11,0.5,0.57,0.3,0.13,2.01,0.25,1,0.21,0,0.49,0.68,0,0.07,0.89,-0.01,0.15,6.97,0,0,20,0,0.1,-0.35,0.02,0,0.15,0.04,0.27,0,-0.35,-0.02,0.85,0.07,1.4,0.15,2.18,0.09,-0.05,323,0.25,0.3,0,-0.04,-0.08,-0.6,0.4,0,0,-2.31E+07,0.4,2.32,0.35,2.19,0,0,3.22,-0.28,4.97,0,1.98E+07,0.31,0,3.43,0,-0.25,3.17,1.23,0,0,0,-0.16,0.13,0.02,0,-0.08,-0.24,0,0,0,0,0,0,0,0.24,-0.35,0.43,0,0.18,0,0,-0.09,0,125,0,0,0,0,0,0.11,0,0,0,0,500,0,0.16,0,0,0,0,0,0,0,0.26,0,0,0,0,0,0,0,0,0,0,0,0,0,0,0,0,0,1
8071,NON-FINANCIAL CORPORATION,B,UNSPECIFIED,Manufacturing,UNSPECIFIED,8/31/2023,416666.67,1,1,5409644.59,0,0,7105544.07,1727777.78,0,0,1,0,0,0,765942.54,0,243,-7166658.6,7.87,21,0,0,3.42,37.68,37.68,0.49,8.81,4.81,4.81,1,8.13,2.42,0,1,0.68,0.39,4.81,1,1,0.73,0.25,1.08,2.42,0,-0.32,9.75,0,0.5,-0.53,0,0,0,0,37.68,0.29,0.31,1,0,0.22,21392.32,0,0.29,0,0,0.99,0,0,21392.32,19.34,21392.32,1,0.33,-1,0,0,8,0,-1,0,0,0,-1,0,-1,9.7,0,0,0,0,109.12,0,500,0,0,103.57,0,8,103.57,-1,0,0,0,0,0.29,0.02,0,0,0,0,0,0,0,0,0,0,8,0.11,0.67,0,76.05,0,-1,8,0,0,0,0,0,0,0,0.67,0,0,0,0,0,0,1.5,0,0,0,0,0,0,0,0.67,0,0,0,0,0,0,0,0,0,0,0,0,0,0,0,0,0,1
8509,NON-FINANCIAL CORPORATION,M,Banking Center,Wholesale and Retail trade; Repair of Motor Vehicles and Motorcycles,UNSPECIFIED,8/31/2023,1.17E+07,1,1,3.67E+07,0,1,2.31E+07,0,769230.77,0,1,1,0,0,0,0,46,-5.00E+07,0,0,0,0,-0.37,3,-0.54,-0.05,-0.49,0.03,-0.07,0,-0.29,0.46,0,0,-0.09,-0.05,0.38,3,1,-0.05,-1,-0.03,0.46,0,-1,-0.71,0,0.01,19.6,0,0,0,0,-1,-0.57,-0.07,0,-1,0,-0.11,0,-0.57,0,-1,-1,0,-0.11,-0.11,0,-1,0,-1,0,0,0,0.5,-1,0,0,-1,0,0,-0.82,0,-0.43,0,0,-0.64,-0.25,1.43,0,0,-0.21,0,-0.28,0,-0.57,-0.56,0,0,0,0,0,0,-0.07,0,0.08,-0.73,0,0,0,0,0,0,0,1.2,-0.57,0,0.08,1.4,0,0,-0.33,0,0,0,0,0,0,0,-0.25,0,0,0,0,0,0,-0.5,0,0,0,0,0,0,0,0,0,0,0,0,0,0,0,0,0,0,0,0,0,0,0,0,0,1
3663,NON-FINANCIAL CORPORATION,UNSPECIFIED,UNSPECIFIED,UNSPECIFIED,UNSPECIFIED,8/31/2023,0,0,0,0,0,0,0,0,0,0,0,0,0,0,0,0,0,0,0,0,0,0,0,0,0,0,0,0,0,0,0,0,0,0,0,0,0,0,0,0,0,0,0,0,0,0,0,0,0,0,0,0,0,0,0,0,0,0,0,0,0,0,0,0,0,0,0,0,0,0,0,0,0,0,0,0,0,0,0,0,0,0,0,0,0,0,0,0,0,0,0,0,0,0,0,0,0,0,0,0,0,0,0,0,0,0,0,0,0,0,0,0,0,0,0,0,0,0,0,0,0,0,0,0,0,0,0,0,0,0,0,0,0,0,0,0,0,0,0,0,0,0,0,0,0,0,0,0,0,0,0,0,0,0,0,0,0,0,0,0,0,0,0,1
3105,NON-FINANCIAL CORPORATION,UNSPECIFIED,UNSPECIFIED,UNSPECIFIED,UNSPECIFIED,8/31/2023,0,0,0,0,0,0,0,0,0,0,0,0,0,0,0,0,0,0,0,0,0,0,0,0,0,0,0,0,0,0,0,0,0,0,0,0,0,0,0,0,0,0,0,0,0,0,0,0,0,0,0,0,0,0,0,0,0,0,0,0,0,0,0,0,0,0,0,0,0,0,0,0,0,0,0,0,0,0,0,0,0,0,0,0,0,0,0,0,0,0,0,0,0,0,0,0,0,0,0,0,0,0,0,0,0,0,0,0,0,0,0,0,0,0,0,0,0,0,0,0,0,0,0,0,0,0,0,0,0,0,0,0,0,0,0,0,0,0,0,0,0,0,0,0,0,0,0,0,0,0,0,0,0,0,0,0,0,0,0,0,0,0,0,1
8303,NON-FINANCIAL CORPORATION,B,UNSPECIFIED,Transportation and Storage,Active,8/31/2023,0,0,0,6449074.54,0,0,9450322.05,4448511.91,0,0,1,0,1.21E+07,2.42E+07,0,0,5,-4.19E+07,605.77,0,0,0,1.04,3029,3029,0,27893.35,6999.47,0.19,1,0,0.52,0,1,0,0,6999.47,5,2,2799.98,-0.33,1400.08,13998.94,0,-0.51,0,0,0,0.58,0,0,3,0,0.32,0.35,0.11,0,1.5,0.9,0.59,0,0.35,0,0.58,-0.04,0,0.32,0.59,0.14,-0.45,0,0,0,0,0,0.67,0.11,0,0,1.5,-2825000,0,0,0,0,0,0,0,0,0,0,0,0.67,0,1999,0,0,0,0,0,0,0,1,-0.17,0.06,0,0.43,0,0,0,0,0,0,0,0,0.67,-0.29,0,0,0.27,0,0,0.2,0,0,0,0,0,0,0,0,0,0,0,0,0,0,1,0,0,0,0,0,0,0,-0.33,0,0,0,0,0,0,0,0,0,0,0,0,0,0,0,0,0,1
408,NON-FINANCIAL CORPORATION,B,UNSPECIFIED,Administrative and Support Service Activities,UNSPECIFIED,8/31/2023,1.99E+07,0,1,5.48E+07,1,1,4469016.34,0,1230769.23,1,1,0,3051892.69,7029556.95,0,0,70,0,0,0,0,0,0.25,2141.48,50,0.01,0.58,0.06,0.06,0,0.64,0.15,0,0,0.02,0.08,0.06,2,1,0.1,-0.67,0.04,0.15,0,-1,1.3,0,0.06,0,0,0,0,0,50,0.09,0.04,0,0,0,-1,0,0.09,0,0,-0.97,0,0,651.61,24.51,-1,0,2,0,0,0,-1,0,0,0,0,0,0,0.92,0,-0.99,0,0,-1,1,15018.69,0,0,1.05,0,8.66,0,1,0.1,0,0,0,0,1,0.67,0.02,0,0,1,0,0,0,0,0,0,0,0,0.05,2,0,0.71,0,0,-1,0,0,0,0,0,0,0,0,0,0,0,0,0,0,0.5,0,0,0,0,0,0,0,0,0,0,0,0,0,0,0,0,0,0,0,0,0,0,0,0,0,1
4286,NON-FINANCIAL CORPORATION,B,UNSPECIFIED,Other Service Activities,UNSPECIFIED,8/31/2023,5379923.23,1,1,5493642.52,0,0,15881.03,0,0,0,1,1,0,0,0,0,188,-1.05E+07,0,0,0,0,0,726.74,-1,-0.01,-0.04,0,0,0,-0.99,0,0,0,-0.02,1.6,0.11,-0.33,0,-0.01,-1,-0.04,0,0,-1,-0.93,0,-0.07,-1,0,0,0,0,-1,0,-0.13,1,0,0,0,0,0,0,0,-1,0,0,-1,0,-1,0,-1,0,0,0,0,0,0,0,0,0,0,-1,0,0,0,0,-1,-1,-1,0,0,0,0,-1,0,0,-1,0,0,0,0,0,0,-0.13,0,0,-1,0,0,0,50158.98,0,0,0,-1,-0.04,-1,0,0,0,0,0,0,0,0,0,0,0,0,-1,0,0,0,0,0,0,-1,0,0,0,0,0,0,0,0,0,0,0,0,0,0,0,0,0,0,0,0,0,0,0,0,0,1
8678,NON-FINANCIAL CORPORATION,B,UNSPECIFIED,Wholesale and Retail trade; Repair of Motor Vehicles and Motorcycles,UNSPECIFIED,8/31/2023,0,0,0,7844836.57,0,0,150078.25,0,76923.08,0,1,0,0,0,0,0,75,0,0,0,0,0,0.04,-1,-1,0,-0.09,0,-0.01,0,-0.1,0.03,0,0,-0.01,-0.01,0.03,-1,1,-0.02,-1,-0.01,0.03,0,-1,-0.08,0,-0.01,0,0,0,0,0,-1,0.02,-0.02,0,0,0,0,0,0.02,0,0,-1,-1,0,-1,0,-1,1,-1,0,0,0,0,0,0,0,0,-600000,0,0,0,0,0,0,0,0,1301.31,0,450000,0,0,1329.97,0,0,1620.39,0,0,0,0,0,0,-0.02,0,0,0,1,0,0,0,0,0,0,-1,-0.05,0,0,1916.01,0,0,0,0,0,0,0,0,0,0,0,0,0,0,0,0,0,0,0,0,0,0,0,0,0,0,0,0,0,0,0,0,0,0,0,0,0,0,0,0,0,0,0,1
5318,NON-FINANCIAL CORPORATION,UNSPECIFIED,Retail/BBG Commercial,Manufacturing,Active,8/31/2022,0,0,0,1.39E+07,0,0,2.16E+07,1.70E+07,4615384.62,0,1,0,0,0,0,0,3,0,0,0,0,0,-0.6,14.11,14.11,0,0,12.97,-0.01,2.5,0,-0.21,0,2.5,0,0,12.97,3,1,0,-1,0,25.93,0,-1,0,0,0,0,0,0,0,0,-1,-0.49,-0.05,0,0,0,-1,0,-0.49,0,0,-1,0,0,10.68,0,-1,0,-1,0,0,0,-1,0,0,0,0,0,0,0,0,0,0,-3.10E+07,0,0,0,0,0,-0.69,0,0,-2.80E+07,0,0,0,0,-3.10E+07,0,-0.75,0,-0.05,0,0,0,0,0,0,0,0,0,0,3,-0.49,0,0,-0.59,0,0,-1,0,0,0,0,0,0,0,0,0,0,0,0,0,0,0,0,0,0,0,0,0,0,-0.63,0,0,0,0,0,0,0,0,0,0,0,0,0,0,0,0,0,1
4326,NON-FINANCIAL CORPORATION,UNSPECIFIED,Retail/BBG Commercial,Financial and Insurance Activities,UNSPECIFIED,8/31/2022,0,0,0,9726430.7,0,0,980318.82,353878.06,115384.62,0,1,0,40000,59215,0,0,58,-9345512.24,-0.26,0,0.12,-0.01,-0.18,17.62,0.3,0.04,0.38,0.3,0.11,1,1.56,-0.02,-0.12,2,0.12,0.12,0.3,0.67,1,0.11,-0.4,0.17,0.85,0,-0.68,1.49,0.26,0.16,9.61,0,0,5,0,0.3,-0.16,0.06,0,1.8,-0.04,0.08,0,-0.16,0.06,0.96,-0.57,1,-0.18,0.13,-0.14,-0.44,3,0,0,0,0.02,0.31,-0.75,0.5,0,0.5,-1441122.3,0.5,0.71,1.25,-0.39,0,0,-0.55,1.33,-0.81,0,1.22E+07,-0.4,0,-0.91,0,-0.22,2.37,1.25,0,0,0,-0.46,-0.2,0.06,0,-0.14,-0.36,0,0,0,0,0,0,0,2,-0.16,-0.63,1.17,-0.44,0,0,-0.59,0,0,0,0,0,0,0,0.5,0,0,0,0,0,1.67,-0.4,0,0,0,0,0,0,0,-0.4,0,0,0,0,0,0,0,0,0,0,0,0,0,0,0,0,0,1
1600,NON-FINANCIAL CORPORATION,UNSPECIFIED,Banking Center,Construction,UNSPECIFIED,8/31/2022,0,0,0,4.52E+07,0,2,369.95,1111111.11,461538.46,0,1,0,0,0,0,0,11,-5520000,0,0,0,0,0.01,-0.92,-1,0.04,0.2,0.05,0.03,-1,0.39,0.01,0,-0.5,0.06,0.2,0.15,0,2,0.04,-1,0.04,0.13,0,-1,3.02,0,0.04,-0.97,0,0,0,0,-1,0.01,0.03,0,-0.5,0,-1,0,0.01,0,-1,-1,0,0,68.66,0,-1,0,-1,0,0,0,-1,-1,0,0,-1,0,0,-1,0,-1,0,0,-1,-1,-1,0,0,0,0,-1,0,-1,-1,-1,0,0,0,0,0,0.03,0,0,-1,0,0,0,0,0,0,0,2,0,-1,0,-1,0,0,-1,0,0,0,0,0,0,0,-1,0,0,0,0,0,0,-1,0,0,0,0,0,0,0,-1,0,0,0,0,0,0,0,0,0,0,0,0,0,0,0,0,0,1
9633,NON-FINANCIAL CORPORATION,UNSPECIFIED,Retail/BBG Commercial,Public Administration and Defense; Compulsory Social Security Education,UNSPECIFIED,8/31/2022,0,0,0,3543598.95,0,0,182.25,0,384615.38,0,1,0,0,0,0,0,40,0,0,0,0,0,0,31356.08,31356.08,0.78,6.06,0.88,0.32,0,6.69,0,0,0,0.14,0.33,7.49,1,1,0.68,-1,0.21,2.19,0,-1,7.44,0,0.44,0,0,0,0,0,-1,0,0.24,0,0,0,0,0,0,0,0,-1,0,0,0,0,0,0,-1,0,0,0,0,0,0,0,0,0,0,0,0,0,0,0,0,0,-1,0,0,0,0,-1,0,0,-1,0,0,0,0,0,0,-0.83,0,0,0,0,0,0,0,0,0,0,0,0,-1,0,-1,0,0,0,0,0,0,0,0,0,0,-1,0,0,0,0,0,0,-1,0,0,0,0,0,0,0,-1,0,0,0,0,0,0,0,0,0,0,0,0,0,0,0,0,0,1
5107,NON-FINANCIAL CORPORATION,UNSPECIFIED,Retail/BBG Commercial,Other Service Activities,Active,8/31/2022,0,0,0,89996.26,0,0,100636.23,100636.23,0,0,1,0,0,0,0,0,0,0,0,0,0,0,0,0,0,0,0,0,0,0,0,0,0,0,0,0,0,0,1,0,0,0,0,0,0,0,0,0,0,0,0,0,0,0,0,0,0,0,0,0,0,0,0,0,0,0,0,0,0,0,0,0,0,0,0,0,0,0,0,0,0,0,0,0,0,0,0,0,0,0,0,0,0,0,0,0,0,0,0,0,0,0,0,0,0,0,0,0,0,0,0,0,0,0,0,0,0,0,0,0,0,0,0,0,0,0,0,0,0,0,0,0,0,0,0,0,0,0,0,0,0,0,0,0,0,0,0,0,0,0,0,0,0,0,0,0,0,0,0,0,0,0,0,1
6306,NON-FINANCIAL CORPORATION,UNSPECIFIED,UNSPECIFIED,UNSPECIFIED,UNSPECIFIED,8/31/2022,0,0,0,0,0,0,0,0,0,0,0,0,0,0,0,0,0,0,0,0,0,0,0,0,0,0,0,0,0,0,0,0,0,0,0,0,0,0,0,0,0,0,0,0,0,0,0,0,0,0,0,0,0,0,0,0,0,0,0,0,0,0,0,0,0,0,0,0,0,0,0,0,0,0,0,0,0,0,0,0,0,0,0,0,0,0,0,0,0,0,0,0,0,0,0,0,0,0,0,0,0,0,0,0,0,0,0,0,0,0,0,0,0,0,0,0,0,0,0,0,0,0,0,0,0,0,0,0,0,0,0,0,0,0,0,0,0,0,0,0,0,0,0,0,0,0,0,0,0,0,0,0,0,0,0,0,0,0,0,0,0,0,0,1
6382,NON-FINANCIAL CORPORATION,B,UNSPECIFIED,Wholesale and Retail trade; Repair of Motor Vehicles and Motorcycles,UNSPECIFIED,1/31/2024,0,0,0,111198.77,0,0,1340.73,0,3846153.85,0,1,0,0,0,0,0,78,0,0,0,0,0,0.02,89.13,89.13,0,0.03,0.01,0.01,0,0.03,0.01,0,0,0,0,0.01,0,1,0.01,0,0,0.01,0,-1,0.05,0,0,0,0,0,0,0,89.13,0.01,0,0,0,0,0,0,0.01,0,0,-0.99,0,0,0,44.07,0,2,0,-1,0,0,0,0,-1,0,0,0,-1,0,-1,0,0,0,0,0,0,0,4000,0,0,0,0,0,0,-1,0,0,0,0,0,0,0,0,0,0,0,0,0,0,0,0,0,0,0,0,0,0,-1,0,0,0,0,0,0,0,0,0,0,0,0,0,0,0,0,0,0,0,0,0,0,0,0,0,0,0,0,0,0,0,0,0,0,0,0,0,0,0,0,0,1
2953,NON-FINANCIAL CORPORATION,B,UNSPECIFIED,Human Health and Social Work Activities,UNSPECIFIED,1/31/2024,0,0,0,4952656.42,0,0,1.78E+07,6760267.84,1.15E+07,0,1,0,1982754.11,2732754.11,0,0,69,-4.82E+07,0.5,0,0.78,0.85,-0.24,1.86,1.29,-0.01,-0.65,0.02,-0.06,1.67,-0.04,-0.09,0.49,8,-0.02,0.01,0.14,1.03,1,-0.17,-0.09,-0.05,0.01,0,-0.36,-0.6,0.18,0.07,37.94,0,0,0,0,1.29,-0.09,-0.16,0,3,0.29,1.14,0,-0.16,0.24,37.94,0.4,0,0.51,1.55,0.84,-0.24,72,1.03,0.43,0,0.35,0.31,0.09,0.75,0,3,0,0.75,7.69,0.23,7.63,0,0,2.99,4,3.14,0,5.30E+07,0.87,0,3.33,0,3.71,2.02,0.9,0,0,0,0.31,0.47,-0.16,0,0.16,3.21,0,0,0,0,0,0,0,0.6,-0.49,1.7,0,2.2,0,0,0,0,0,0,0,0,0,0,1.61,0,0,0,0,0,0,1.61,0,0,0,0,0,0,0,0.84,1,0,0,0,0,0,0,0,0,0,0,0,0,0,0,0,0,1
5523,NON-FINANCIAL CORPORATION,B,UNSPECIFIED,Financial and Insurance Activities,UNSPECIFIED,1/31/2024,8098372.45,1,1,1.54E+07,0,0,2902012.51,1779595.47,9230769.23,0,1,2,0,0,0,0,159,-1565128.59,0.59,0,-0.07,0.01,0.14,9.43,1.82,0.01,0.04,0.02,0,4,0.19,0.16,0.06,4,-0.02,-0.03,0.34,0.64,1,0.01,-0.11,0.01,0.16,0,-0.56,-0.41,0,0.03,2.93,0,0,41,0,1.17,-0.01,-0.01,0,1.67,0.21,-0.12,0,-0.01,-0.04,2.93,0.86,0.75,-0.21,0.43,1.01,-0.3,22,0.64,0.13,0,-0.04,0.16,-0.52,0.67,0,1.67,-5017029.54,0.67,-0.79,0.3,-0.12,0,0,0.12,-0.28,0.17,0,2334754.45,-0.38,0,2.2,0,-0.33,1.59,2.01,0,0,0,0.06,0.26,-0.01,0,0.04,-0.24,0,0,0,0,0,0,0,0.59,-0.06,-0.24,0,3.03,0,-0.44,-0.08,0,0,0,0,0,0,0,0.33,0,0,0,0,0,0,1.29,0,0,0,0,0,0,0,0.45,0,0,0,0,0,0,0,0,0,0,0,0,0,0,0,0,0,1
5770,NON-FINANCIAL CORPORATION,M,Banking Center,Financial and Insurance Activities,UNSPECIFIED,1/31/2024,0,0,0,2.90E+07,0,1,5.17E+07,2856650.06,384615.38,0,1,0,1.52E+08,1.70E+08,2511705.9,-1116444.16,171,-6.52E+07,4.57,32,3.82,5.04,0.49,23.38,23.38,0.02,0.54,0.79,0.79,1,1.78,3.97,8,1,0.12,0.41,0.79,1,1,0.68,0,0.23,3.97,0,-0.98,0.69,0.09,0.62,25.03,0,0,0,0,23.38,3.97,0.05,2,0.76,0.18,39.8,0,-0.7,0.07,25.03,-0.98,0,19.42,39.8,11.2,-0.96,0,1,0,0,0.15,0.78,-0.96,0,0,0.57,-661855.24,0,1.56,0,0.04,0,-15023.1,0.47,0.15,-0.21,0,0,0.58,0,-0.67,0,0,1.04,-1,0,0,0,0.67,0.5,0.05,0,0.36,0.54,0,0,0,0,0,0,0,0.78,-0.7,-0.14,0,-0.41,0,0,-0.06,0,0,0,0,0,0,0,0.2,0,0,0,0,0,0,0,0,0,0,0,0,0,0,1,0,0,0,0,0,0,0,0,0,0,0,0,0,0,0,0,0,1
4251,NON-FINANCIAL CORPORATION,B,UNSPECIFIED,Human Health and Social Work Activities,UNSPECIFIED,1/31/2024,0,0,0,5173753.73,0,0,1681823.24,0,1153846.23,0,1,1,0,0,0,0,124,-98000,0,0,0,0,0.07,6.5,-1,0.25,19.6,2.93,0.8,0,17.56,0.07,0,0,0.43,1.73,2.93,-0.5,0,3.91,-1,0.82,19.56,0,-1,10.09,0,2.43,-1,0,0,0,0,-1,0.07,0.44,1,-1,0,0,0,0,0,0,-1,0,0,-1,-1,-1,0,-0.5,0,0,0,0,0,0,0,0,0,0,-1,0,-1,0,0,-1,-1,-1,0,0,0,0,-1,0,-1,-1,0,0,0,0,0,-0.75,-0.06,0,0,-1,0,0,0,0,0,0,0,1.33,-0.06,-1,0,-1,0,0,0,0,0,0,0,0,0,0,-1,0,0,0,0,0,0,-1,0,0,0,0,0,0,0,-1,0,0,0,0,0,0,0,0,0,0,0,0,0,0,0,0,0,1
309,NON-FINANCIAL CORPORATION,M,UNSPECIFIED,Construction,UNSPECIFIED,1/31/2024,0,0,0,1.53E+07,0,0,4026137.84,1753934.15,0,0,1,1,0,1000000,0,-2050000,52,-6910600,2.79,0,0.65,0.78,0.4,2716.56,11.45,0.35,23.4,2.25,0.33,0.5,13.63,0.23,0.79,1,0.51,1.57,2.25,3,3,3.27,-0.63,0.81,15.96,0,-0.96,41.88,0.26,1.99,-1,0,0,2,0,3.06,0.14,0.31,0,-1,0.25,1.01,0,0.14,0.26,0,-0.85,-1,0.49,3.73,1.11,-0.82,0,0.14,0,0,0.22,0.19,0,0,0,0,-280000,0,11.73,0,4.95,0,0,0.76,5.11,0.43,0,0,0.97,0,-0.28,0,2.24,0,0,0,0,0,0.24,-0.24,0.31,0,0.11,1.04,0,0,0,0,19.44,0,0,1.25,-0.08,2,0,-0.37,0,0,0.04,0,0,1,0,0,0,0,0,0,0,1,0,0,0,-0.25,0,0,0,0,0,0,0,-0.57,0,0,0,0,0,0,0,0,0,0,0,0,0,0,0,0,0,1
6176,NON-FINANCIAL CORPORATION,B,Retail/BBG Commercial,Education,Active,1/31/2024,0,0,0,187034.41,0,0,3884.35,0,170148.23,0,1,0,0,0,0,0,21,0,148.71,0,0,0,0.01,1758.91,747.05,0.06,0.24,0.06,0.05,0,0.34,0.01,0,0,0.06,0.06,0.09,0,1,0.05,-1,0.05,0.16,0,-1,0.77,0,0.04,0,0,0,0,0,-1,0.01,0.05,0,0,-0.2,0,0,0,0,0,-1,0,0,0,-1,0,0,0,0,0,0,0,0,0,0,0,0,0,0,0,0,0,0,0,0,-1,0,0,0,0,-1,0,0,-1,0,0,0,0,0,-0.5,0.05,0,0,0,0,0,0,0,0,0,0,0,0,-1,0,-1,0,0,0,0,0,0,0,0,0,0,-1,0,0,0,0,0,0,-1,0,0,0,0,0,0,0,-1,0,0,0,0,0,0,0,0,0,0,0,0,0,0,0,0,0,1
7612,NON-FINANCIAL CORPORATION,B,UNSPECIFIED,Education,UNSPECIFIED,1/31/2024,0,0,0,2647794.76,0,0,37880.08,0,7769230.77,0,1,1,0,85690.15,0,0,117,0,7.98,0,0,0,0.03,38.18,38.18,0.01,0.06,0.02,0.02,0,0.13,0.03,0,0,0.01,0.01,0.02,2,1,0.01,-1,0.01,0.03,0,-1,0.15,0,0.01,0,0,0,0,0,-1,0.03,0.01,0,0,0.01,0,0,0,0,0,-1,0,0,0,-1,0,2,-0.8,-1,0,0,0,0,-1,0,0,0,-1,0,-1,0,0,0,0,0,-1,0,112688.7,0,0,-1,0,0,-1,-1,0,0,0,0,-0.9,0.01,0,0,0,0,0,0,0,0,0,0,0,0,-1,0,-1,0,-1,0,0,0,0,0,0,0,0,-1,0,0,0,0,0,0,-1,0,0,0,0,0,0,0,-1,0,0,0,0,0,0,0,0,0,0,0,0,0,0,0,0,0,1
3166,SOLE PROPRIETORSHIP,B,Retail/BBG Commercial,UNSPECIFIED,UNSPECIFIED,1/31/2024,0,0,0,860789.58,0,0,386046.23,379555.56,0,0,1,0,0,0,0,0,162,-3069960.03,0,0,0.2,0,-0.39,8347.95,8347.95,-0.05,-0.35,0.03,-0.09,-1,-0.23,-0.12,0,-1,-0.03,0.03,0.03,0,0,-0.01,0,-0.04,0.84,0,-1,-0.27,0.05,0.03,0,0,0,0,0,8347.95,-0.31,-0.11,1,0,0,0,0,-0.31,0,0,8347.95,0,0,0,0,0,0,0,0,0,0,0,0,0,0,0,0,0,0,0,0,0,0,0,0,0,0,0,0,0,0,0,0,0,0,0,0,0,0,0,-0.11,0,0,0,0,0,0,0,0,0,0,1,-0.34,0,0,0,0,0,0,0,0,0,0,0,0,0,0,0,0,0,0,0,0,0,0,0,0,0,0,0,0,0,0,0,0,0,0,0,0,0,0,0,0,0,0,0,0,0,0,1
736,NON-FINANCIAL CORPORATION,B,UNSPECIFIED,Financial and Insurance Activities,UNSPECIFIED,1/31/2024,0,0,0,3.42E+07,0,0,2333.3,29027.78,1.54E+07,0,1,0,0,0,0,0,62,0,0,0,0,0,0,0.13,-0.93,0,0,0,0,-1,0,0,0,0,0,0,0,0,1,0,0,0,0,0,-1,0.01,0,0,0,0,0,2,0,-0.99,0,0,0,0,0,-1,0,0,0,0,-0.99,-1,0,-1,0,-1,1,0,0,0,0,-1,0,0,0,0,-41640.37,0,1.81,0,0,0,0,0,1,0,0,100,-0.88,0,-1,0,0,-1,0,0,0,0,-0.33,0,0,0,0,0,0,0,0,0,0,0,0,-1,0,0,0,0,0,0,-1,0,0,0,0,0,0,0,0,0,0,0,0,0,0,0,0,0,0,0,0,0,0,0,0,0,0,0,0,0,0,0,0,0,0,0,0,0,0,0,0,1
9843,FINANCIAL CORPORATION (BANK),B,UNSPECIFIED,Financial and Insurance Activities,Active,1/31/2024,0,0,0,17096.78,0,0,12500,0,0,0,1,0,0,0,0,0,1,0,0,0,0,0,0,-1,-1,0,0,0.86,0.86,0,0,1.72,0,0,0,0,0.86,-1,1,0,-1,0,1.72,0,-1,0,0,0,0,0,0,0,0,-1,0,0.86,0,0,0,0,0,1.72,0,0,-1,0,0,0,0,0,2,-1,-1,0,0,0,0,-1,0,0,0,-1,0,-1,0,0,0,0,0,0,0,25000,0,0,0,0,0,0,-1,0,0,0,0,0,0.86,0,0,0,0,0,0,0,0,0,0,0,1.72,0,0,0,0,-1,0,0,0,0,0,0,0,0,0,0,0,0,0,0,0,0,0,0,0,0,0,0,0,0,0,0,0,0,0,0,0,0,0,0,0,0,0,0,0,0,0,1
9598,NON-FINANCIAL CORPORATION,M,UNSPECIFIED,Construction,UNSPECIFIED,1/31/2024,5.27E+07,1,1,5.68E+07,0,1,151845.89,101336.22,4.42E+07,0,1,0,0,0,0,0,114,0,222.48,0,23.08,31.82,-0.25,1115.9,1115.9,0,-0.76,0,-0.01,-1,-0.64,-0.12,-0.18,-1,0,-0.08,0.01,1,0,-0.23,-1,-0.01,0,0,-1,-0.75,0.14,-0.07,0,0,0,0,0,-1,-0.12,-0.01,1,0,-0.23,0.03,0,-0.15,0.21,0,-1,0,0.02,0.04,-1,-1,0,-0.5,0,0,0.2,1,0,0,0,0,0,0,-0.64,0,0.15,0,0,-1,0.5,-1,0,0,0.04,0,-1,0,1,-1,0,0,0,0,1,-0.75,-0.01,0,0.5,0.5,0,0,0,0,0,0,0,1,-0.46,-1,0,-1,0,0,0,0,0,0,0,0,0,0,-1,0,0,0,0,0,0,-1,0,0,0,0,0,0,0,-1,0,0,0,0,0,0,0,0,0,0,0,0,0,0,0,0,0,1
1924,FINANCIAL CORPORATION (NON-BANK),B,UNSPECIFIED,Financial and Insurance Activities,Active,1/31/2024,0,0,0,2487387.99,0,0,1186224.68,82511.72,5.50E+07,0,1,0,0,0,0,0,3,0,0,0,0,0,2.86,3.12,3.12,0,0,9.4,1.54,0,0,1.95,0,0,0,0,9.4,10,1,0,-0.26,0,18.79,0,-0.53,0,0,0,0,0,0,0,0,0.2,1.95,0.47,0,0,0,0,0,0.31,0,0,-0.53,0,0,-1,-0.17,-1,10,-0.18,0,0,0,0,0,1,0,0,0,1,0,0.07,0,0,0,0,0,0,0,3478650,0,0,0,0,0,0,3,0,0,0,0,-0.22,0.47,0,0,0,0,0,0,0,0,0,0,-1,0.31,0,0,-0.44,0,-0.67,0,0,0,0,0,0,0,0,0,0,0,0,0,0,0,0,0,0,0,0,0,0,0,-0.39,0,0,0,0,0,0,0,0,0,0,0,0,0,0,0,0,0,1
3896,NON-FINANCIAL CORPORATION,M,UNSPECIFIED,Administrative and Support Service Activities,UNSPECIFIED,1/31/2024,0,0,0,4508169.41,0,1,5608452.23,2858602.7,7700000,0,1,0,5303857.13,1.22E+07,0,0,155,-1006266.25,0.04,0,0.1,0.11,-0.08,1.02,0.61,-0.05,-0.04,-0.01,-0.01,0.29,-0.15,0.09,0.09,1.25,-0.04,-0.04,-0.01,0.82,2,0,-0.21,-0.02,0.09,0,-0.54,-0.35,0.02,-0.02,1.29,0,0,56,0,0.61,-0.16,-0.03,3,0.33,-0.05,0.45,0,-0.16,0.02,-0.55,-0.54,1.63,0.01,0.91,0.03,-0.42,3,0.06,1,0,0.01,0.22,-1,1,0,-0.33,-1.40E+07,1,0.63,48.27,0.34,0,0,-0.09,-0.02,0.23,0,1111133.15,-0.16,0,-0.16,0,0.04,1.38,48.27,0,0,0,-0.11,-0.08,-0.04,0,-0.02,-0.04,0,0,0,0,0,0,0,0.33,-0.16,-0.17,0.08,-0.26,0,-1,-0.27,0,0,0,0,0,0,0,0.67,0,0,0,0,0,0.33,-0.25,0,0,0,0,0,0,0,-0.17,0,0,0,0,0,0,0,0,0,0,0,0,0,0,0,0,0,1
8175,NON-FINANCIAL CORPORATION,B,UNSPECIFIED,Wholesale and Retail trade; Repair of Motor Vehicles and Motorcycles,UNSPECIFIED,1/31/2024,0,0,0,1.97E+07,0,1,1.17E+07,9642546.2,7692307.69,0,1,0,1500000,1500000,0,0,232,-3.79E+07,0.17,0,0.06,0.13,1.13,14.12,2,0.02,0.56,0.09,0.09,0,0.64,0.54,0.03,2,0.03,0.1,0.09,2.18,1,0.13,-0.21,0.03,0.54,0,-0.93,1.16,0,0.09,0.81,0,0,153,0,2,0.39,0.05,1,0.63,0.42,0.04,0,0.39,0.03,0.07,-0.93,0.73,-0.08,1.01,0.53,-0.39,25,2.18,-1,0,0.01,0.1,-0.52,1,0,0,-4155651.53,1,-0.06,-1,0.48,0,0,-0.29,-0.18,-0.85,0,1861687.41,-0.17,0,-0.85,0,0.04,1.4,464.96,0,0,0,0.1,0.98,-0.04,0,0.05,-0.11,0,0,0,0,0,0,0,0.44,-0.16,-0.31,0.17,-0.8,0,-1,0,0,0,0,0,0,0,0,1.92,0,0,0,0,0,0,1.69,0,0,0,0,0,0,0,1.5,0,0,0,0,0,0,0,0,0,0,0,0,0,0,0,0,0,1
2272,NON-FINANCIAL CORPORATION,B,UNSPECIFIED,Manufacturing,Active,1/31/2024,0,0,0,6092473.72,0,0,1307999.7,1343293.49,0,0,1,0,1030762.21,2763142.61,0,0,7,-3708172.56,0.63,0,0,0,-0.25,20.54,4.59,0,0.39,0.73,0.21,0.1,0,0.05,5.93,1.5,0,0,3.27,2.75,1,0.1,-0.67,0.31,0.59,0,-0.62,0,0,0,11.16,0,0,0,0,4.59,-0.28,0.16,0,2.18,0.42,2.29,0,-0.28,0,0.84,-0.62,0,1.05,27.58,1.99,-0.86,11,2.75,-1,0,0.57,0.78,-0.48,2,0,0.66,0,2,0,-1,0,0,0,18.97,0,0,0,564969.08,1.69,0,-0.3,0,0,0,0.88,0,0,0,0.39,1.04,0.16,0,0.28,4.33,0,0,0,0,0,0,0,2,-0.28,0,0,1.12,0,-1,-0.22,0,0,0,0,0,0,0,0,0,0,0,0,0,0,0.07,0,0,0,0,0,0,0,0.25,0,0,0,0,0,0,0,0,0,0,0,0,0,0,0,0,0,1
5031,NON-FINANCIAL CORPORATION,M,UNSPECIFIED,Administrative and Support Service Activities,UNSPECIFIED,1/31/2024,0,0,0,1.71E+07,0,0,237895.58,116421.59,76923.08,0,1,0,0,0,0,0,54,0,0,0,0,0,0.02,1.27,-1,0.01,0.04,0.01,0.01,-1,0.07,0.02,0,0,0.01,0.01,0.02,0,1,0.01,0,0.01,0.02,0,-1,0.1,0,0.01,0,0,0,0,0,-1,0.02,0.01,0,0,0,0,0,0,0,0,-1,0,0,0,-1,0,1,0,0,0,0,0,0,0,0,0,0,0,0,0,0,0,0,0,0,0,0,2,0,0,0,0,0,-1,0,0,0,0,0,0,0,0,0,0,0,0,0,0,0,0,0,0,0,0,0,-1,0,0,0,0,0,0,0,0,0,0,0,0,0,0,0,0,0,0,0,0,0,0,0,0,0,0,0,0,0,0,0,0,0,0,0,0,0,0,0,0,0,0,0,1
8209,NON-FINANCIAL CORPORATION,B,UNSPECIFIED,Other Service Activities,UNSPECIFIED,1/31/2024,0,0,0,0,1,5,0,0,384615.38,0,0,42,0,0,0,0,0,0,0,0,0,0,0,0,0,0,0,-0.14,-0.14,0,0,0,0,0,0,0,-0.14,0,13,0,0,0,0,0,0,0,0,0,0,0,0,0,0,0,0,-0.22,12,0,0,0,0,0,0,0,0,0,0,0,0,0,0,0,0,0,0,0,0,0,0,0,0,0,0,0,0,0,0,0,0,0,0,0,0,0,0,0,0,0,0,0,0,0,0,0,-0.22,0,0,0,0,0,0,0,0,0,0,0,0,0,0,0,0,0,0,0,0,0,0,0,0,0,0,0,0,0,0,0,0,0,0,0,0,0,0,0,0,0,0,0,0,0,0,0,0,0,0,0,0,0,0,0,0,0,0,1
2344,PARTNERSHIP,UNSPECIFIED,UNSPECIFIED,UNSPECIFIED,UNSPECIFIED,1/31/2024,0,0,0,0,0,0,0,0,0,0,0,0,0,0,0,0,0,0,0,0,0,0,0,0,0,0,0,0,0,0,0,0,0,0,0,0,0,0,0,0,0,0,0,0,0,0,0,0,0,0,0,0,0,0,0,0,0,0,0,0,0,0,0,0,0,0,0,0,0,0,0,0,0,0,0,0,0,0,0,0,0,0,0,0,0,0,0,0,0,0,0,0,0,0,0,0,0,0,0,0,0,0,0,0,0,0,0,0,0,0,0,0,0,0,0,0,0,0,0,0,0,0,0,0,0,0,0,0,0,0,0,0,0,0,0,0,0,0,0,0,0,0,0,0,0,0,0,0,0,0,0,0,0,0,0,0,0,0,0,0,0,0,0,1
7300,NON-FINANCIAL CORPORATION,UNSPECIFIED,UNSPECIFIED,UNSPECIFIED,UNSPECIFIED,1/31/2024,0,0,0,0,0,0,0,0,0,0,0,0,0,0,0,0,0,0,0,0,0,0,0,0,0,0,0,0,0,0,0,0,0,0,0,0,0,0,0,0,0,0,0,0,0,0,0,0,0,0,0,0,0,0,0,0,0,0,0,0,0,0,0,0,0,0,0,0,0,0,0,0,0,0,0,0,0,0,0,0,0,0,0,0,0,0,0,0,0,0,0,0,0,0,0,0,0,0,0,0,0,0,0,0,0,0,0,0,0,0,0,0,0,0,0,0,0,0,0,0,0,0,0,0,0,0,0,0,0,0,0,0,0,0,0,0,0,0,0,0,0,0,0,0,0,0,0,0,0,0,0,0,0,0,0,0,0,0,0,0,0,0,0,1
1398,NON-FINANCIAL CORPORATION,UNSPECIFIED,UNSPECIFIED,UNSPECIFIED,UNSPECIFIED,1/31/2024,0,0,0,0,0,0,0,0,0,0,0,0,0,0,0,0,0,0,0,0,0,0,0,0,0,0,0,0,0,0,0,0,0,0,0,0,0,0,0,0,0,0,0,0,0,0,0,0,0,0,0,0,0,0,0,0,0,0,0,0,0,0,0,0,0,0,0,0,0,0,0,0,0,0,0,0,0,0,0,0,0,0,0,0,0,0,0,0,0,0,0,0,0,0,0,0,0,0,0,0,0,0,0,0,0,0,0,0,0,0,0,0,0,0,0,0,0,0,0,0,0,0,0,0,0,0,0,0,0,0,0,0,0,0,0,0,0,0,0,0,0,0,0,0,0,0,0,0,0,0,0,0,0,0,0,0,0,0,0,0,0,0,0,1
6094,NON-FINANCIAL CORPORATION,UNSPECIFIED,UNSPECIFIED,UNSPECIFIED,UNSPECIFIED,1/31/2024,0,0,0,0,0,0,0,0,0,0,0,0,0,0,0,0,0,0,0,0,0,0,0,0,0,0,0,0,0,0,0,0,0,0,0,0,0,0,0,0,0,0,0,0,0,0,0,0,0,0,0,0,0,0,0,0,0,0,0,0,0,0,0,0,0,0,0,0,0,0,0,0,0,0,0,0,0,0,0,0,0,0,0,0,0,0,0,0,0,0,0,0,0,0,0,0,0,0,0,0,0,0,0,0,0,0,0,0,0,0,0,0,0,0,0,0,0,0,0,0,0,0,0,0,0,0,0,0,0,0,0,0,0,0,0,0,0,0,0,0,0,0,0,0,0,0,0,0,0,0,0,0,0,0,0,0,0,0,0,0,0,0,0,1
5995,FINANCIAL CORPORATION (BANK),UNSPECIFIED,UNSPECIFIED,UNSPECIFIED,UNSPECIFIED,1/31/2024,0,0,0,0,0,0,0,0,0,0,0,0,0,0,0,0,0,0,0,0,0,0,0,0,0,0,0,0,0,0,0,0,0,0,0,0,0,0,0,0,0,0,0,0,0,0,0,0,0,0,0,0,0,0,0,0,0,0,0,0,0,0,0,0,0,0,0,0,0,0,0,0,0,0,0,0,0,0,0,0,0,0,0,0,0,0,0,0,0,0,0,0,0,0,0,0,0,0,0,0,0,0,0,0,0,0,0,0,0,0,0,0,0,0,0,0,0,0,0,0,0,0,0,0,0,0,0,0,0,0,0,0,0,0,0,0,0,0,0,0,0,0,0,0,0,0,0,0,0,0,0,0,0,0,0,0,0,0,0,0,0,0,0,1
9152,NON-FINANCIAL CORPORATION,UNSPECIFIED,UNSPECIFIED,UNSPECIFIED,UNSPECIFIED,1/31/2024,0,0,0,0,0,0,0,0,0,0,0,0,0,0,0,0,0,0,0,0,0,0,0,0,0,0,0,0,0,0,0,0,0,0,0,0,0,0,0,0,0,0,0,0,0,0,0,0,0,0,0,0,0,0,0,0,0,0,0,0,0,0,0,0,0,0,0,0,0,0,0,0,0,0,0,0,0,0,0,0,0,0,0,0,0,0,0,0,0,0,0,0,0,0,0,0,0,0,0,0,0,0,0,0,0,0,0,0,0,0,0,0,0,0,0,0,0,0,0,0,0,0,0,0,0,0,0,0,0,0,0,0,0,0,0,0,0,0,0,0,0,0,0,0,0,0,0,0,0,0,0,0,0,0,0,0,0,0,0,0,0,0,0,1
6707,FINANCIAL CORPORATION (NON-BANK),UNSPECIFIED,UNSPECIFIED,UNSPECIFIED,UNSPECIFIED,1/31/2024,0,0,0,0,0,0,0,0,0,0,0,0,0,0,0,0,0,0,0,0,0,0,0,0,0,0,0,0,0,0,0,0,0,0,0,0,0,0,0,0,0,0,0,0,0,0,0,0,0,0,0,0,0,0,0,0,0,0,0,0,0,0,0,0,0,0,0,0,0,0,0,0,0,0,0,0,0,0,0,0,0,0,0,0,0,0,0,0,0,0,0,0,0,0,0,0,0,0,0,0,0,0,0,0,0,0,0,0,0,0,0,0,0,0,0,0,0,0,0,0,0,0,0,0,0,0,0,0,0,0,0,0,0,0,0,0,0,0,0,0,0,0,0,0,0,0,0,0,0,0,0,0,0,0,0,0,0,0,0,0,0,0,0,1
3006,FINANCIAL CORPORATION (BANK),UNSPECIFIED,UNSPECIFIED,UNSPECIFIED,UNSPECIFIED,1/31/2024,0,0,0,0,0,0,0,0,0,0,0,0,0,0,0,0,0,0,0,0,0,0,0,0,0,0,0,0,0,0,0,0,0,0,0,0,0,0,0,0,0,0,0,0,0,0,0,0,0,0,0,0,0,0,0,0,0,0,0,0,0,0,0,0,0,0,0,0,0,0,0,0,0,0,0,0,0,0,0,0,0,0,0,0,0,0,0,0,0,0,0,0,0,0,0,0,0,0,0,0,0,0,0,0,0,0,0,0,0,0,0,0,0,0,0,0,0,0,0,0,0,0,0,0,0,0,0,0,0,0,0,0,0,0,0,0,0,0,0,0,0,0,0,0,0,0,0,0,0,0,0,0,0,0,0,0,0,0,0,0,0,0,0,1
79,NON-FINANCIAL CORPORATION,UNSPECIFIED,UNSPECIFIED,UNSPECIFIED,UNSPECIFIED,1/31/2024,0,0,0,0,0,0,0,0,0,0,0,0,0,0,0,0,0,0,0,0,0,0,0,0,0,0,0,0,0,0,0,0,0,0,0,0,0,0,0,0,0,0,0,0,0,0,0,0,0,0,0,0,0,0,0,0,0,0,0,0,0,0,0,0,0,0,0,0,0,0,0,0,0,0,0,0,0,0,0,0,0,0,0,0,0,0,0,0,0,0,0,0,0,0,0,0,0,0,0,0,0,0,0,0,0,0,0,0,0,0,0,0,0,0,0,0,0,0,0,0,0,0,0,0,0,0,0,0,0,0,0,0,0,0,0,0,0,0,0,0,0,0,0,0,0,0,0,0,0,0,0,0,0,0,0,0,0,0,0,0,0,0,0,1
1033,NON-FINANCIAL CORPORATION,UNSPECIFIED,UNSPECIFIED,UNSPECIFIED,UNSPECIFIED,1/31/2024,0,0,0,0,0,0,0,0,0,0,0,0,0,0,0,0,0,0,0,0,0,0,0,0,0,0,0,0,0,0,0,0,0,0,0,0,0,0,0,0,0,0,0,0,0,0,0,0,0,0,0,0,0,0,0,0,0,0,0,0,0,0,0,0,0,0,0,0,0,0,0,0,0,0,0,0,0,0,0,0,0,0,0,0,0,0,0,0,0,0,0,0,0,0,0,0,0,0,0,0,0,0,0,0,0,0,0,0,0,0,0,0,0,0,0,0,0,0,0,0,0,0,0,0,0,0,0,0,0,0,0,0,0,0,0,0,0,0,0,0,0,0,0,0,0,0,0,0,0,0,0,0,0,0,0,0,0,0,0,0,0,0,0,1
5148,NON-FINANCIAL CORPORATION,UNSPECIFIED,Retail/BBG Commercial,Human Health and Social Work Activities,UNSPECIFIED,6/30/2022,0,0,0,638042.27,0,0,6709.09,5555.56,1161538.46,0,1,0,0,0,0,0,6,0,0,0,0,0,0.01,14.77,14.77,0.02,0.1,0.06,0.06,0,0.22,0.01,0,-1,0.02,0.03,0.06,0.67,2,0.03,0,0.03,0.36,0,-1,0.27,0,0.04,0,0,0,0,0,0,0,0.03,1,0,0,0,0,0,0,0,0,0,0,0,0,0,0,0,0,0,0,0,0,-1,0,0,0,-1,0,0,0,0,0,0,0,0,0,21231.19,0,0,-0.05,0,0,0,-1,0,0,0,0,0,-0.02,0,0,0,0,0,0,0,0,0,0,0,-0.22,0,0,0,0,0,0,0,0,0,0,0,0,0,0,0,0,0,0,0,0,-0.6,0,0,0,0,0,0,0,0,0,0,0,0,0,0,0,0,0,0,0,0,0,0,0,0,0,1
7734,NON-FINANCIAL CORPORATION,UNSPECIFIED,Banking Center,Real Estate Activities,UNSPECIFIED,6/30/2022,0,0,0,5067848.66,0,0,3640250.03,524384.56,7692307.69,0,1,0,157000,603626,0,0,59,-2965238,4.42,0,4.72,6.35,-0.32,22.53,22.53,0.02,0,0.08,0.08,0.5,0.22,-0.07,5.32,0.5,0.06,0.07,0.29,0.43,1,0.04,-0.08,0.01,0.63,0,-0.91,0.74,0.33,0.05,26.06,0,0,0,0,-0.46,-0.07,0.01,0,1.33,0.05,1.09,0,-0.27,0.55,-1,-0.91,-1,0.06,23.33,-0.69,-0.98,6,0,0,0,0.04,-0.5,-1,0,0,-1,-30000,0,0.98,-0.07,4.58,0,-2490000,-0.33,-0.67,-0.23,0,7347200,-0.96,0,0.8,-2490000,0,-0.13,-0.07,0,-2490000,0,-0.75,-0.04,-0.12,0,-0.5,-0.6,0,0,0,0,0,0,0,3.5,-0.27,0.1,0,-0.95,0,0,-0.5,0,0,0,0,0,0,0,-0.15,0,0,0,0,0,0,0.1,0,0,0,0,0,0,0,-0.08,0,0,0,0,0,0,0,0,0,0,0,0,0,0,0,0,0,1
2217,NON-FINANCIAL CORPORATION,UNSPECIFIED,Retail/BBG Commercial,Real Estate Activities,UNSPECIFIED,6/30/2022,1878541.33,1,1,3292636.36,0,0,2483102.61,524089.22,384615.38,0,1,1,0,0,689458.13,0,103,0,191.19,6,0,0,-0.72,955.46,955.46,0.01,-0.22,0.03,0.03,-1,-0.65,-0.19,0,-1,0,0.84,0.17,1,0,0.1,0,0,0.83,0,-0.98,-0.42,0,0.84,0,0,0,0,0,1.23,-0.66,-0.01,0,0,0.2,2,0,-0.66,0,0,1.21,0,0,2,1.22,2,0,1,0,0,0,6,0,0,0,0,0,0,493.89,0,-0.33,0,0,0,2.5,4.48,0,0,0,0,2.12,0,6,2.31,0,0,0,0,0,0.5,-0.02,0,0,0,0,0,0,0,0,0,0,6,-0.66,2,0,3.91,0,0,6,0,0,0,0,0,0,0,0.5,0,0,0,0,0,0,0.5,0,0,0,0,0,0,0,1,0,0,0,0,0,0,0,0,0,0,0,0,0,0,0,0,0,1
1771,NON-FINANCIAL CORPORATION,UNSPECIFIED,Corp Bank,Manufacturing,UNSPECIFIED,6/30/2022,8915445,0,0,5.96E+07,1,2,2.50E+09,313268.76,2.01E+08,0,1,0,0,0,0,0,231,0,1,0,0.55,0.67,-0.6,4.32,4.32,0.03,-0.87,0.04,-0.08,0,-0.95,-0.09,0.96,-1,-0.1,-0.07,0.48,0.46,0,-0.3,-0.22,-0.17,0.01,0,-0.86,-0.88,0.05,-0.23,0,0,0,0,0,4.32,-0.56,-0.53,1,0,0.06,4.22,0,-0.56,0.07,0,-0.86,0,1.68,4.22,1.73,-0.85,0,0.22,0,0,0.05,-0.01,0,0,0,0,0,0,0.48,0,0.16,0,0,-0.04,0.29,0.13,0,0,-0.23,0,-0.05,0,0.44,0.5,0,0,0,0,-0.02,0,-0.53,0,-0.01,0.15,0,0,0,0,0,0,0,0.43,-0.56,0.42,0.08,-0.24,0,0,-0.01,0,0,0,0,0,0,0,0.45,0,0,0,0,0,0.33,0.15,0,0,0,0,0,0,0,-0.05,0,0,0,0,0,0,0,0,0,0,0,0,0,0,0,0,0,1
8029,NON-FINANCIAL CORPORATION,UNSPECIFIED,Retail/BBG Commercial,Real Estate Activities,UNSPECIFIED,6/30/2022,0,0,0,5673006.02,0,0,722688.77,507454.34,76923.08,0,1,0,0,0,0,0,33,-4130200,1.12,0,0,0,0.21,5.24,5.24,0.03,-0.23,0.05,-0.04,3.75,-0.17,0.15,2.23,3.75,0.01,0.01,0.07,6,1,-0.03,2,-0.01,0.15,0,-0.82,-0.04,0,-0.01,0,0,0,0,0,5.24,0.05,-0.05,0,0,1.51,3.08,0,0.05,0,-0.93,0.95,0,1.07,8.46,3.09,-0.94,4,6,1,0,0.6,2,-1,1,0,0,0,1,1.65,0.98,0,0,0,2.13,2,0,0,753477,-0.76,0,1.13,0,0,2.19,0.98,0,0,0,0.5,4,-0.05,0,0.75,2,0,0,0,0,0,0,0,2,-0.41,0,0,11.14,0,-0.5,-0.5,0,0,0,0,0,0,0,1.33,0,0,0,0,0,0,2.5,0,0,0,0,0,0,0,20,0,0,0,0,0,0,0,0,0,0,0,0,0,0,0,0,0,1
6351,NON-FINANCIAL CORPORATION,UNSPECIFIED,Corp Bank,"Agriculture, Forestry and Fishing",UNSPECIFIED,6/30/2022,0,0,0,2.02E+07,2,1,6.66E+08,0,4.76E+08,0,1,0,0,0,0,0,223,0,2.17,0,0.78,0.98,0.93,11.76,11.76,0.12,0.12,0.16,0.16,0,-0.33,1.87,1.12,0,0.07,0.38,0.94,1.35,0,0.26,-0.34,0,1.87,0,-0.72,0.69,0.09,0.2,0,0,0,0,0,11.76,-0.33,-0.12,1,0,0.08,6.51,0,-0.33,0.12,0,-0.72,0,2.89,6.51,5.52,-0.72,0,0.55,0,0,0.06,0.23,0,0,0,0,0,0,3.07,0,3.43,0,0,0.35,0.41,6.79,0,0,1.07,0,1.22,0,0.5,6.5,0,0,0,1,-0.21,0.11,-0.19,0,-0.06,0.1,0,0,0,0,0,0,0,0.84,-0.46,1.5,0.17,2.54,0,0,-0.35,0,0,0,0,0,0,0,0.96,0,0,0,0,0,0.67,0.13,0,0,0,0,0,0,0,0.02,0,0,0,0,0,0,0,0,0,0,0,0,0,0,0,0,0,1
6702,NON-FINANCIAL CORPORATION,UNSPECIFIED,Corp Bank,"Electricity, Gas, Steam and Air Conditioning supply",UNSPECIFIED,6/30/2022,0,0,1,193434.95,2,1,0,0,1.11E+07,0,1,1,0,0,0,0,78,0,0,0,0,0,0.04,0,0,0,0.05,0.01,0.01,0,0.06,0.04,0,0,0,0.01,0.01,0,1,0.01,0,0,0.04,0,0,0.07,0,0.01,0,0,0,0,1,0,0,0,0,0,0,0,0,0,0,0,0,0,0,0,0,0,0,0,0,0,0,0,0,0,0,0,0,0,0,0,0,0,0,0,0,0,0,0,0,0,0,0,0,0,0,0,0,0,0,0,0,0,0,0,0,0,0,0,0,0,0,0,0,0,0,0,0,0,0,0,0,0,0,0,0,0,0,0,0,0,0,0,0,0,0,0,0,0,0,0,0,0,0,0,0,0,0,0,0,0,0,0,0,0,0,0,0,0,0,1
2894,NON-FINANCIAL CORPORATION,UNSPECIFIED,Retail/BBG Commercial,Wholesale and Retail trade; Repair of Motor Vehicles and Motorcycles,UNSPECIFIED,6/30/2022,0,0,0,626598.23,0,0,1100182.21,849.56,1153846.15,0,1,0,0,0,0,0,61,0,0.06,0,-0.03,0.04,0.08,1.31,0.3,0.07,-0.09,0.02,-0.04,0,0.44,0.34,0.01,-1,0.1,0.02,1.01,1.5,1,0,0,-0.02,0.34,0,0,-0.62,0.01,0.16,0,0,0,0,0,0.3,-0.19,-0.08,0,0,0.3,0.04,0,-0.19,0.01,0,0,0,0.02,0.1,0.15,-0.08,1,1,-1,0,0.01,0.15,0,-1,0,0,0,-1,-0.43,-1,0.16,0,0,0.03,0,0.3,0,931.87,0.04,0,0.3,0,0,-0.48,-1,0,0,0,0,0.5,-0.08,0,0.01,0,0,0,0,0,0,0,0,0.15,-0.19,1,0,0.3,0,-1,-0.13,0,0,0,0,0,0,0,1,0,0,0,0,0,0,1,0,0,0,0,0,0,0,1,0,0,0,0,0,0,0,0,0,0,0,0,0,0,0,0,0,1
5792,NON-FINANCIAL CORPORATION,UNSPECIFIED,Banking Center,Wholesale and Retail trade; Repair of Motor Vehicles and Motorcycles,UNSPECIFIED,6/30/2022,3333333.33,1,1,1.21E+07,0,0,2347778.8,851546.15,384615.38,0,1,0,1315006.36,4467247.51,0,-367203.49,75,0,3.96,0,0.9,1.18,-0.71,19.36,19.36,1.34,0.5,14.58,0.03,0.8,0.06,-0.14,1.85,0.8,1.81,0.26,14.58,0.47,3,0.5,-0.17,2.91,3.02,0,-0.84,0.42,0.01,0.28,0,0,0,1,0,2.48,-0.14,0,0,0,0,2.09,0,-0.67,-0.01,0,-0.75,-1,1.09,8.3,0.87,-0.89,5,0.47,2,0,-0.06,0.21,0,2,0,0,-32384.07,2,2.25,25.58,1.4,0,0,1.2,-0.15,0.96,0,1112333.36,2.39,0,0.52,0,-0.29,2.67,25.58,0,0,0,0.29,0.15,-0.11,0,0.14,-0.35,0,0,0,0,0,0,0,0.35,-0.67,-0.15,0,-0.12,0,-0.67,0.06,0,0,0,0,0,0,0,0.1,0,0,0,0,0,0,-0.19,0,0,0,0,0,0,0,0.22,0,0,0,0,0,0,0,0,0,0,0,0,0,0,0,0,0,1
592,NON-FINANCIAL CORPORATION,UNSPECIFIED,Retail/BBG Commercial,Construction,UNSPECIFIED,6/30/2022,0,0,0,4.01E+07,0,0,8563379.51,8151516.84,1307692.31,0,1,1,0,399599,0,0,22,-2.64E+07,0,0,1.75,1.57,0.43,2695.57,7.37,0.07,0.29,0.08,0.08,1,0.64,0.26,0.39,1,0.07,0.08,0.12,4,1,0.07,0,0.05,0.26,0,-1,1.21,0.27,0.07,68.87,0,0,17,0,-1,0.26,0.06,0,1.5,0,0.91,0,0.14,0.34,2.61,-1,2.33,0.72,1.83,0,-0.86,0,0,0,0,0.27,0.72,1.83,-1,0,1.5,-2.43E+07,-1,0.05,0,-0.31,0,0,-0.38,-0.4,-0.98,0,5000000,1.91,0,-1,0,-0.33,0,-1,0,0,0,-0.67,0,0.02,0,-0.04,-0.7,0,0,0,0,0,0,0,2,-0.16,1,0.08,0,0,0,-0.81,0,0,0,0,0,0,0,0,0,0,0,0,0,0,0,0,0,0,0,0,0,0,0,0,0,0,0,0,0,0,0,0,0,0,0,0,0,0,0,0,1
9499,NON-FINANCIAL CORPORATION,UNSPECIFIED,Banking Center,Financial and Insurance Activities,UNSPECIFIED,6/30/2022,0,0,0,1.13E+07,0,1,808509.31,884797.17,384615.38,0,1,0,0,0,0,0,100,-2747882.57,0,0,1.08,1.28,0.11,0.05,0.05,-0.04,0.23,0.03,0.03,0,-0.31,0.07,-0.03,0.75,-0.05,-0.04,0.04,0.67,0,0.04,0,-0.05,0.08,0,-0.47,-0.39,0.01,-0.04,1.34,0,0,0,0,0.05,0.07,-0.02,1,1,0,0.1,0,0.03,0.02,0.24,0,-0.5,0.03,0.27,0.03,-0.53,0,0.67,0,0,-0.07,0.14,-0.13,0,0,1,-129304.41,0,-0.65,0,-0.35,0,0,-0.33,-0.11,-0.21,0,2687.56,0.06,0,0,0,-0.11,-0.87,175.16,0,0,0,0.14,0.33,-0.09,0,0.07,-0.43,0,0,0,0,0,0,0,0.22,0.01,-0.17,0,0.05,0,0,0,0,0,0,0,0,0,0,0.25,0,0,0,0,0,0,0,0,0,0,0,0,0,0,0.67,0,0,0,0,0,0,0,0,0,0,0,0,0,0,0,0,0,1
5048,NON-FINANCIAL CORPORATION,UNSPECIFIED,UNSPECIFIED,UNSPECIFIED,UNSPECIFIED,6/30/2022,0,0,0,0,0,0,0,0,0,0,0,0,0,0,0,0,0,0,0,0,0,0,0,0,0,0,0,0,0,0,0,0,0,0,0,0,0,0,0,0,0,0,0,0,0,0,0,0,0,0,0,0,0,0,0,0,0,0,0,0,0,0,0,0,0,0,0,0,0,0,0,0,0,0,0,0,0,0,0,0,0,0,0,0,0,0,0,0,0,0,0,0,0,0,0,0,0,0,0,0,0,0,0,0,0,0,0,0,0,0,0,0,0,0,0,0,0,0,0,0,0,0,0,0,0,0,0,0,0,0,0,0,0,0,0,0,0,0,0,0,0,0,0,0,0,0,0,0,0,0,0,0,0,0,0,0,0,0,0,0,0,0,0,1
8599,NON-FINANCIAL CORPORATION,UNSPECIFIED,UNSPECIFIED,UNSPECIFIED,UNSPECIFIED,6/30/2022,0,0,0,0,0,0,0,0,0,0,0,0,0,0,0,0,0,0,0,0,0,0,0,0,0,0,0,0,0,0,0,0,0,0,0,0,0,0,0,0,0,0,0,0,0,0,0,0,0,0,0,0,0,0,0,0,0,0,0,0,0,0,0,0,0,0,0,0,0,0,0,0,0,0,0,0,0,0,0,0,0,0,0,0,0,0,0,0,0,0,0,0,0,0,0,0,0,0,0,0,0,0,0,0,0,0,0,0,0,0,0,0,0,0,0,0,0,0,0,0,0,0,0,0,0,0,0,0,0,0,0,0,0,0,0,0,0,0,0,0,0,0,0,0,0,0,0,0,0,0,0,0,0,0,0,0,0,0,0,0,0,0,0,1
1090,NON-FINANCIAL CORPORATION,UNSPECIFIED,Retail/BBG Commercial,Accommodation and Food Service Activities,UNSPECIFIED,6/30/2022,0,0,0,201101.96,0,0,0,0,1538461.54,0,1,0,0,0,0,0,72,0,0,0,0,0,0,0,0,0,0,0,0,0,0,0,0,0,0,0,0,0,1,0,0,0,0,0,0,0,0,0,0,0,0,0,0,0,0,0,0,0,0,0,0,0,0,0,0,0,0,0,0,0,0,0,0,0,0,0,0,0,0,0,0,0,0,0,0,0,0,0,0,0,0,0,0,0,0,0,0,0,0,0,0,0,0,0,0,0,0,0,0,0,0,0,0,0,0,0,0,0,0,0,0,0,0,0,0,0,0,0,0,0,0,0,0,0,0,0,0,0,0,0,0,0,0,0,0,0,0,0,0,0,0,0,0,0,0,0,0,0,0,0,0,0,0,1
4306,NON-FINANCIAL CORPORATION,UNSPECIFIED,Corp Bank,Manufacturing,UNSPECIFIED,9/30/2021,0,0,0,9107447.03,0,1,3.46E+07,520463.58,6.08E+07,0,1,2,10382.23,60732.54,9.81E+07,-2.97E+07,284,0,4.74,191,1.12,0.91,-0.06,34.78,13.72,-0.05,-0.44,-0.03,-0.38,0.5,-0.92,1.15,1.52,7,-0.13,0.27,0.31,1.17,0,0.06,-0.58,-0.26,1.15,0,-0.92,-0.78,0.02,-0.1,0,0,0,0,0,10.85,1.15,-0.43,2,0,0.08,9.58,0,-0.56,-0.01,0,-0.75,0,4.37,9.58,5.05,-0.83,10,1.17,0.5,0,0.04,0.64,0,0.75,0,0,0,4,-0.06,-0.98,-0.81,0,0,-0.65,-0.15,-0.87,0,463983.34,0.77,0,5.32,0,-0.27,2.58,226.63,0,0,0,0.12,0.3,-0.43,0,0.16,-0.03,0,0,0,0,0,0,0,0.64,-0.56,-0.3,0,1.96,0,-1,-0.32,0,0,0,0,0,0,0,-0.19,0,0,0,0,0,0,-0.25,0,0,0,0,0,0,0,-0.09,0,0,0,0,0,0,0,0,0,0,0,0,0,0,0,0,0,1
3665,NON-FINANCIAL CORPORATION,UNSPECIFIED,Retail/BBG Commercial,Education,UNSPECIFIED,9/30/2021,1.24E+07,1,1,2.99E+07,0,0,33532.28,1425432.65,384615.38,0,1,1,0,0,0,0,132,0,1.48,0,0,0,0,9.26,9.26,0,0,0,0,-1,0,0.15,0,-1,0,0,0,2.5,1,0,-0.67,0,0.15,0,-1,0,0,0,0,0,0,0,0,9.26,0,0,0,0,0.45,0,0,0.15,0,0,-0.76,0,0,0.2,4.25,-1,0,1,0,0,0,0,0,0,0,0,0,0,-1,0,0,0,0,-1,-1,0,0,0,0,0,-1,0,0,-1,0,0,0,0,0,0.17,0,0,0,-1,0,0,0,0,0,0,0,1.5,0.15,0,0,1.49,0,0,0,0,0,0,0,0,0,0,-0.5,0,0,0,0,0,0,0,0,0,0,0,0,0,0,-0.33,0,0,0,0,0,0,0,0,0,0,0,0,0,0,0,0,0,1
4667,NON-FINANCIAL CORPORATION,UNSPECIFIED,Banking Center,Accommodation and Food Service Activities,UNSPECIFIED,9/30/2021,0,0,0,218004.23,0,0,737605.17,24840.22,384615.38,0,1,0,128112,354724.83,0,0,98,-5300496.67,0.92,0,0.21,0.22,-0.62,4.26,4.26,0.03,0,0,-0.07,3,-0.62,-0.31,0.26,3,-0.02,0.02,0.29,1.2,0,0.08,-0.19,-0.07,0.63,0,-0.37,-0.46,0.11,-0.03,2.56,0,0,1,0,0.23,-0.31,-0.14,1,1.36,0.35,0.2,1,-0.46,0.13,0.33,-0.37,0,-0.09,1.46,-0.07,-0.37,64,0.48,0.86,0,0.33,0.36,-0.39,1.5,0,0.45,-436573.72,1.5,-0.13,0.41,-0.46,0,0,0.74,-0.18,-0.16,0,5899557,-0.25,0,4.37,0,-0.23,-0.25,4.73,0,0,0,0.04,0.14,-0.14,0,0.06,2.13,0,0,0,0,0,0,0,1.07,-0.46,0.55,0.08,-0.23,0,-0.42,-0.23,0,0,0,0,0,0,0,1.07,0,0,0,0,0,0,2.1,0,0,0,0,0,0,0,0.19,0,0,0,0,0,0,0,0,0,0,0,0,0,0,0,0,0,1
213,NON-FINANCIAL CORPORATION,UNSPECIFIED,Corp Bank,Manufacturing,UNSPECIFIED,9/30/2021,5833333.33,1,1,1.81E+07,0,2,8031566.1,1691988.01,1.09E+07,0,1,1,0,19390.64,2.01E+07,-550000,283,0,7.66,51,3.25,1.24,-0.18,38.38,38.38,0.2,-0.55,2.17,-0.01,0.25,-0.28,0.25,0.01,1.42,0.27,0.01,2.17,0.27,0,-0.09,-0.21,0.42,0.31,0,-0.98,-0.3,0,0.02,0,0,0,0,0,38.38,-0.35,-0.02,2,0,-0.03,0.31,0,-0.35,-0.05,0,-0.26,0,-0.22,1.9,19.06,-0.88,17,0.27,-0.33,0,0,-0.06,0,0.13,0,0,0,0.22,-0.45,1.61,-0.97,0,0,-0.95,-0.32,-0.33,0,344504.34,-0.68,0,-0.28,0,-0.51,4.74,5.49,0,0,0,-0.42,0.03,-0.02,0,-0.22,-0.19,0,0,0,0,0,0,0,0.53,-0.5,-0.3,0,28.09,0,-0.67,-0.39,0,0,0,0,0,0,0,-0.2,0,0,0,0,0,0,-0.2,0,0,0,0,0,0,0,0,0,0,0,0,0,0,0,0,0,0,0,0,0,0,0,0,0,1
80,NON-FINANCIAL CORPORATION,UNSPECIFIED,Corp Bank,Wholesale and Retail trade; Repair of Motor Vehicles and Motorcycles,UNSPECIFIED,9/30/2021,6250000,1,1,2.25E+07,0,1,8555767.34,3176636.21,5.74E+07,0,1,1,773.04,69335.44,2.05E+07,-25432.5,242,0,6.06,88,2.83,3.15,0.22,16.8,16.8,0.08,0.16,0.76,-0.09,1.33,-0.5,0.25,3.93,1.33,0.08,0.06,0.76,1.6,0,0.11,-0.62,0.09,0.82,0,-0.98,-0.28,0.2,0.03,0,0,0,0,0,13.35,-0.02,-0.11,2,0,0.21,5.88,0,-0.02,0.2,0,1.65,0,2.47,16.56,7.5,-0.94,4,1.6,1,0,0.46,3.5,0,1,0,0,0,1,-0.91,-0.78,-0.96,0,0,-0.96,-0.85,0.13,0,214679.05,-0.51,0,4.68,0,-0.78,0.57,49.75,0,0,0,-0.1,0.49,-0.11,0,1.35,-0.47,0,0,0,0,0,0,0,3.5,-0.42,-0.55,0,36.96,0,-0.5,-0.8,0,0,0,0,0,0,0,-0.63,0,0,0,0,0,0,-0.24,0,0,0,0,0,0,0,0,0,0,0,0,0,0,0,0,0,0,0,0,0,0,0,0,0,1
3048,NON-FINANCIAL CORPORATION,UNSPECIFIED,Retail/BBG Commercial,Transportation and Storage,UNSPECIFIED,9/30/2021,0,0,0,1.17E+07,0,1,1605970.97,1689968.46,576923.08,0,1,0,0,0,0,-8482.49,24,-1.27E+07,18.06,0,1.1,0.5,0.08,90.69,90.69,-0.04,-0.6,-0.15,-0.17,0.33,-0.85,0.09,0.18,1,-0.15,-0.04,0.34,2,2,-0.12,0,-0.23,0.14,0,-0.94,-0.72,-0.02,-0.16,1.62,0,0,1,0,-0.04,0.09,-0.2,0,0.87,0.1,0.09,0,0,-0.08,-0.32,-0.84,0,-0.24,1.78,-0.44,-0.96,0,0,0,0,0.05,-0.19,-0.59,0,0,-0.06,-1925661,0,-0.94,0,-0.99,0,0,-0.92,-0.69,-0.93,0,0,-0.52,0,1,0,-0.72,-0.97,0,0,0,0,-0.42,0,-0.31,0,-0.24,-0.08,0,0,0,0,0,0,0,0.92,-0.58,6,0,-0.84,0,0,-0.29,0,0,0,0,0,0,0,0.75,0,0,0,0,0,0,0.4,0,0,0,0,0,0,0,0,0,0,0,0,0,0,0,0,0,0,0,0,0,0,0,0,0,1
457,NON-FINANCIAL CORPORATION,UNSPECIFIED,Retail/BBG Commercial,Real Estate Activities,UNSPECIFIED,9/30/2021,0,0,0,3927144.4,0,0,1314151.74,603630.4,384615.38,0,1,0,0,0,0,0,161,-3653415.98,1.79,0,0.73,1.05,0.34,6.63,6.63,0.07,3.61,0.3,0.3,3,0.59,0.3,0.64,3,0.02,0.14,0.3,2,0,0.45,-0.57,0.05,1.62,0,-0.94,0.48,0.08,0.21,8.04,0,0,1,0,2.3,0.3,0.14,1,2,0.57,0.8,0,0.03,0.12,0.79,-0.94,0,0.3,2.62,0.68,-0.19,0,2,0,0,0.33,0.25,-0.26,0,0,0.08,-142553.72,0,-0.02,0,0.68,0,0,3.99,-0.17,0.44,0,0,0.46,0,1.48,0,-0.09,2.32,0,0,0,0,-0.13,0.71,-0.13,0,-0.03,1.5,0,0,0,0,0,0,0,1.63,0.03,2,0,-0.81,0,0,-0.3,0,0,0,0,0,0,0,8,0,0,0,0,0,0,2,0,0,0,0,0,0,0,0.29,0,0,0,0,0,0,0,0,0,0,0,0,0,0,0,0,0,1
6569,FINANCIAL CORPORATION (NON-BANK),UNSPECIFIED,UNSPECIFIED,UNSPECIFIED,UNSPECIFIED,9/30/2021,0,0,0,0,0,0,0,0,0,0,0,0,0,0,0,0,0,0,0,0,0,0,0,0,0,0,0,0,0,0,0,0,0,0,0,0,0,0,0,0,0,0,0,0,0,0,0,0,0,0,0,0,0,0,0,0,0,0,0,0,0,0,0,0,0,0,0,0,0,0,0,0,0,0,0,0,0,0,0,0,0,0,0,0,0,0,0,0,0,0,0,0,0,0,0,0,0,0,0,0,0,0,0,0,0,0,0,0,0,0,0,0,0,0,0,0,0,0,0,0,0,0,0,0,0,0,0,0,0,0,0,0,0,0,0,0,0,0,0,0,0,0,0,0,0,0,0,0,0,0,0,0,0,0,0,0,0,0,0,0,0,0,0,1
6514,NON-FINANCIAL CORPORATION,UNSPECIFIED,UNSPECIFIED,UNSPECIFIED,UNSPECIFIED,9/30/2021,0,0,0,0,0,0,0,0,0,0,0,0,0,0,0,0,0,0,0,0,0,0,0,0,0,0,0,0,0,0,0,0,0,0,0,0,0,0,0,0,0,0,0,0,0,0,0,0,0,0,0,0,0,0,0,0,0,0,0,0,0,0,0,0,0,0,0,0,0,0,0,0,0,0,0,0,0,0,0,0,0,0,0,0,0,0,0,0,0,0,0,0,0,0,0,0,0,0,0,0,0,0,0,0,0,0,0,0,0,0,0,0,0,0,0,0,0,0,0,0,0,0,0,0,0,0,0,0,0,0,0,0,0,0,0,0,0,0,0,0,0,0,0,0,0,0,0,0,0,0,0,0,0,0,0,0,0,0,0,0,0,0,0,1
482,FINANCIAL CORPORATION (NON-BANK),UNSPECIFIED,Corp Bank,Financial and Insurance Activities,UNSPECIFIED,9/30/2021,0,0,0,6831954.65,0,0,1470075.29,0,769230.77,0,1,0,0,0,0,-100000,20,0,297.19,0,0,5.4,-0.06,1517.46,1488.47,-0.02,0.32,0.1,0.08,0,0.71,0.01,8.89,0,-0.01,0.08,0.1,0.33,3,0.25,0,0.08,1.86,0,-1,-0.41,0,0.2,0,0,0,0,0,1488.47,0.01,0.07,0,0,0.06,14.99,0,-0.07,2,0,-1,0,7.02,31.33,743.74,-0.96,0,0.33,0,0,0.16,0.1,0,0,0,0,0,0,0,0,-0.97,0,0,-0.06,0,-1,0,14780.25,-0.24,0,-1,0,6,0,0.5,0,0,0,-0.3,0.17,0.07,0,-0.13,0.17,0,0,0,0,0,0,0,16,-0.48,0,0,0.46,0,0,-0.36,0,0,0,0,0,0,0,0,0,0,0,0,0,0,0,0,0,0,0,0,0,0,0.33,0,0,0,0,0,0,0,0,0,0,0,0,0,0,0,0,0,1
1470,NON-FINANCIAL CORPORATION,UNSPECIFIED,Retail/BBG Commercial,Other Service Activities,UNSPECIFIED,9/30/2021,0,0,0,204601.48,0,0,0,0,1153846.15,0,1,0,0,0,0,0,25,0,0,0,0,0,0,0,0,0,0,0,0,0,0,0,0,0,0,0,0,0,1,0,0,0,0,0,0,0,0,0,0,0,0,0,0,0,0,0,0,0,0,0,0,0,0,0,0,0,0,0,0,0,0,0,0,0,0,0,0,0,0,0,0,0,0,0,0,0,0,0,0,0,0,0,0,0,0,0,0,0,0,0,0,0,0,0,0,0,0,0,0,0,0,0,0,0,0,0,0,0,0,0,0,0,0,0,0,0,0,0,0,0,0,0,0,0,0,0,0,0,0,0,0,0,0,0,0,0,0,0,0,0,0,0,0,0,0,0,0,0,0,0,0,0,0,1
454,NON-FINANCIAL CORPORATION,UNSPECIFIED,Retail/BBG Commercial,Other Service Activities,Active,9/30/2021,0,0,0,363473.2,0,0,1223151.73,1113130.53,0,0,1,0,0,0,0,0,0,0,0,0,0,0,0,0,0,0,0,0,0,0,0,0,0,0,0,0,0,0,1,0,0,0,0,0,0,0,0,0,0,0,0,0,0,0,0,0,0,0,0,0,0,0,0,0,0,0,0,0,0,0,1,0,0,0,0,0,0,0,0,0,0,0,0,0,0,0,0,0,0,0,0,60000,0,0,0,0,0,0,0,0,0,0,0,0,0,0,0,0,0,0,0,0,0,0,0,0,0,0,0,0,0,0,0,0,0,0,0,0,0,0,0,0,0,0,0,0,0,0,0,0,0,0,0,0,0,0,0,0,0,0,0,0,0,0,0,0,0,0,0,0,0,0,0,1
2331,FINANCIAL CORPORATION (NON-BANK),C,UNSPECIFIED,Financial and Insurance Activities,UNSPECIFIED,9/29/2023,0,0,0,1.17E+07,0,0,6.00E+07,1.71E+07,7692307.77,0,1,0,522440,1638769.65,0,0,162,-3.44E+08,0.62,0,5.17,1.53,-0.07,48.87,1.98,0.29,3.49,0.3,0.2,0.2,3.85,0.06,1.09,3.09,0.12,1.37,2.2,0.67,0,0.64,-0.7,0.1,2.55,0,-0.25,7.57,0.11,0.53,33,0,0,0,0,-0.22,0.06,0.07,1,2,-0.1,-0.33,0,-0.12,0.02,-0.35,-0.25,0,-0.37,4.06,-0.23,-0.41,0,0.67,0,0,0.12,0.23,-0.43,-1,0,0,0,0.33,10.39,0,3.93,0,0,7.43,0.87,3.91,0,195059,-0.6,0,4.15,0,-0.07,13.97,0.46,0,0,0,0.19,-0.02,-0.21,0,0.1,0.72,0,0,0,0,0,0,0,0.91,-0.33,-0.9,0,-0.41,0,0,-0.03,0,0,0,0,0,0,0,-0.62,0,0,0,0,0,0,-0.72,0,0,0,0,0,0,0,-0.5,0,0,0,0,0,0,0,0,0,0,0,0,0,0,0,0,0,1
6108,NON-FINANCIAL CORPORATION,B,Retail/BBG Commercial,Manufacturing,UNSPECIFIED,9/29/2023,0,0,0,1.92E+07,0,0,869.42,0,1153846.15,0,1,0,0,0,0,0,119,-28185.1,0,0,0,-0.04,0,-1,-1,0,0,0,0,0,0,0,0,0,0,0,0,-1,0,0,0,0,0,0,-1,0,0,0,0.29,0,0,0,0,0,0,0,1,0,0,0,0,0,0,0,0,0,0,0.07,0,-0.07,0,0,0,0,0,0,0,0,0,0,0,0,0,0,-0.42,0,0,0,0,0,0,0,0,0,0,0,0,0,0,0,0,1,0,0,0,0,0,0,0,0,0,0,0,0,0,0,0,0,0,0,0,0,0,0,0,0,0,0,0,0,0,0,0,0,0,0,0,0,0,0,0,0,0,0,0,0,0,0,0,0,0,0,0,0,0,0,0,0,0,0,0,0,0,1
7152,NON-FINANCIAL CORPORATION,M,UNSPECIFIED,Wholesale and Retail trade; Repair of Motor Vehicles and Motorcycles,UNSPECIFIED,9/29/2023,0,0,0,3894726.19,0,1,5555090.67,1088888.89,1153846.15,0,1,0,5539225.29,7404601.75,544359.86,0,113,-5000000,6988.28,11,3,3.1,0.86,34935.46,34935.46,-0.12,1.15,-0.01,-0.01,-1,-0.35,0.55,1.1,-1,-0.1,0.01,0.01,2,0,0.19,0,-0.13,0.55,0,-1,-0.41,0.08,0.02,-1,0,0,0,0,-0.07,0.55,-0.2,1,0,0.37,0.65,0,0.2,0.02,0,-0.7,0,-0.15,3.41,-0.39,-0.96,0,0,0,0,0.04,0.13,0,0,0,0,0,0,0.08,0,-0.93,0,0,-0.57,0.29,-0.77,0,0,-0.93,0,5.25,0,-0.25,1.94,0,0,0,0,-0.31,0,-0.2,0,-0.13,0,0,0,0,0,0,0,0,0.57,-0.16,0,0,-0.72,0,0,-0.38,0,0,0,0,0,0,0,0.5,0,0,0,0,0,0,0.5,0,0,0,0,0,0,0,0,0,0,0,0,0,0,0,0,0,0,0,0,0,0,0,0,0,1
3154,FINANCIAL CORPORATION (NON-BANK),M,UNSPECIFIED,Financial and Insurance Activities,Active,9/29/2023,2.00E+07,1,1,2.05E+07,0,0,35.03,0,5.59E+07,0,1,0,0,0,0,0,23,0,0,0,0,0,0,-1,-1,0,1.05,0,0,0,2,0,0,0,0,0.14,0,-1,1,0.21,0,0,1.05,0,-1,2,0,0.19,0,0,0,0,0,0,0,0,0,0,0,0,0,0,0,0,0,0,0,0,0,0,0,0,0,0,0,0,0,-1,0,0,0,-1,0,0,0,0,0,0,0,0,0,1,0,0,-1,0,0,0,-1,0,0,0,0,0,0,0,0,0,0,0,0,0,0,0,0,0,0,0,0,0,0,0,0,0,0,0,0,0,0,0,0,0,0,0,0,0,0,0,0,0,0,0,0,0,0,0,0,0,0,0,0,0,0,0,0,0,0,0,0,0,0,0,0,1
662,FINANCIAL CORPORATION (NON-BANK),R,UNSPECIFIED,Financial and Insurance Activities,Active,9/29/2023,5.00E+07,1,1,7.76E+07,0,0,9.19E+07,8300328.44,1.15E+07,0,1,0,0,3931103,0,0,9,-2900000,18.4,0,0,0,-0.93,903.55,94.69,0,-0.96,0.12,0.06,0.15,-0.96,-0.72,8.27,0.89,0.77,0,435.16,1,1,-0.36,-0.5,0.04,0.49,0,-1,0,0,0.02,-1,0,0,0,0,0.11,-0.72,-0.02,0,-1,-0.3,0.12,0,-0.76,0,0,-1,-1,-0.44,43.83,-0.44,-1,0,0,0,0,-0.1,0,0,-1,0,0,-8134357.91,2,0,0,0,0,0,-1,0,-1,0,5488670,-1,0,-1,0,0,0,60.44,0,0,0,-1,-0.25,-0.02,0,-0.5,-1,0,0,0,0,0,0,0,1,-0.76,-0.96,0,-1,0,0,-1,0,138670,0,0,0,0,0,0,0,0,0,0,0,0,-0.93,0,0,0,0,0,0,0,-0.5,0,0,0,0,0,0,0,0,0,0,0,0,0,0,0,0,0,1
447,NON-FINANCIAL CORPORATION,M,UNSPECIFIED,Real Estate Activities,UNSPECIFIED,9/29/2023,0,0,0,4203405.21,0,1,2775339.96,347581.16,384615.38,0,1,0,37724.8,95055.68,0,0,203,-1327499.81,3.74,0,0.74,1.01,2.66,19.43,19.43,-0.04,2.61,0.4,0.4,1.25,2.62,0.96,1.67,1.25,-0.04,0.12,0.4,0.09,0,0.36,0.05,0.01,0.96,0,-0.74,0.33,-0.05,0.23,2.47,0,0,20,0,19.43,0.87,0.15,3,0.69,0.05,5.65,0,0.87,0.04,2.47,-0.74,0.5,4.06,5.65,9.34,-0.56,88,0.07,0.2,0,0.08,0.57,-0.01,0.2,0,0.69,-5264388.73,0.2,0.05,30.39,4.11,0,0,14.06,-0.8,3.33,0,5510778.5,22.07,0,4.08,0,-0.21,-0.76,30.39,0,0,0,0.22,0.06,-0.3,0,0.17,0.22,0,0,0,0,0,0,0,0.67,-0.06,0.08,0.08,4.28,0,0.1,-0.22,0,0,0,0,0,0,0,-0.24,0,0,0,0,0,0.33,0.25,0,0,0,0,0,0,0,0.12,0,0,0,0,0,0,0,0,0,0,0,0,0,0,0,0,0,1
5015,NON-FINANCIAL CORPORATION,C,Corp Bank,Real Estate Activities,UNSPECIFIED,9/29/2023,0,0,0,3.98E+07,0,1,572001.78,78920.2,384615.38,0,1,0,1381310.37,4548388.11,0,0,445,-2374609.55,0.24,0,0.02,0.23,0.02,15.65,1.78,-0.06,-0.05,-0.01,-0.01,1,-0.06,0.01,0.3,1,-0.07,-0.06,0.01,1,0,-0.01,0,-0.03,0.01,0,-0.56,-0.54,-0.09,-0.01,1.96,0,0,18,0,0.07,0.01,-0.03,1,1,0.13,0.7,0,0.01,-0.05,0.99,-0.15,1,-0.03,2.74,-0.04,-0.76,1,0.13,-1,0,0.04,0,-0.49,0,0,0.67,-2.32E+07,0,-0.98,-1,-0.75,0,0,-0.75,-0.78,-0.95,0,153105,-0.59,0,0.19,0,-0.56,-0.98,-0.96,0,0,0,-0.38,0.06,-0.08,0,-0.19,0,0,0,0,0,0,0,0,0.44,-0.03,-0.1,0,-0.1,0,-1,-0.38,0,0,0,0,0,0,0,-0.1,0,0,0,0,0,0,0.29,0,0,0,0,0,0,0,0.13,0,0,0,0,0,0,0,0,0,0,0,0,0,0,0,0,0,1
1479,NON-FINANCIAL CORPORATION,M,UNSPECIFIED,Accommodation and Food Service Activities,UNSPECIFIED,9/29/2023,4166666.67,1,1,1.84E+07,0,0,3.68E+07,1.97E+07,7692307.69,0,1,0,5.03E+07,1.06E+08,0,0,65,-1.32E+08,0.7,0,0.35,0.38,0.03,4.09,4.09,0.03,0.98,0.49,0.49,1.33,0.35,0.33,0.49,1.33,0.02,0.05,0.49,0.75,2,0.18,0.43,0.05,0.55,0,-0.43,0.21,0.01,0.07,0.98,0,0,111,0,4.09,-0.23,0.09,0,0.13,-0.02,2.8,0,-0.23,-0.02,0.98,0.02,0.68,1.64,2.8,2.05,-0.44,0,0.75,0,0,0.02,0.17,0.07,1.67,0,0.13,-2.35E+07,1.67,2.38,0,0.82,0,0,1.07,-0.03,0.65,0,1067262.73,4.63,0,1.27,0,-0.23,2.91,173.27,0,0,0,0.3,0.59,-0.28,0,0.14,0.01,0,0,0,0,0,0,0,0.36,-0.23,-0.88,0,4.17,0,0,0.12,0,0,0,0,0,0,0,-0.82,0,0,0,0,0,0,-0.86,0,0,0,0,0,0,0,1.5,0,0,0,0,0,0,0,0,0,0,0,0,0,0,0,0,0,1
4083,NON-FINANCIAL CORPORATION,C,UNSPECIFIED,Mining and Quarrying,Active,9/29/2023,3.55E+08,0,0,1146124.45,0,0,5.28E+07,333333.33,1.29E+09,0,1,0,0,0,0,0,8,0,0,0,0,0,-0.08,1.01,-0.42,23.62,3.82,261.24,0.22,-1,10.49,0.29,0,-1,32.49,0,261.24,0.5,1,1.04,-1,52.15,5.39,0,-1,0,0,0.78,0,0,0,0,0,-1,-0.28,0.21,0,0,0,2.81,0,-0.28,0,0,-1,0,0.91,2.81,0,-0.99,0,-1,0,0,0,3.36,0,0,0,0,0,0,0,0,-1,0,0,0,0,-1,0,0,-0.98,0,0,0,63,-1,0,0,0,0,0.22,0,-0.99,0,1.32,0,0,0,0,0,0,0,0,3.36,-0.28,-0.25,0,-0.97,0,0,-0.72,0,0,0,0,0,0,0,2,0,0,0,0,0,0,0,0,0,0,0,0,0,0,-0.4,0,0,0,0,0,0,0,0,0,0,0,0,0,0,0,0,0,1
7275,NON-FINANCIAL CORPORATION,B,Retail/BBG Commercial,Education,UNSPECIFIED,9/29/2023,2898979.64,0,0,2125858.17,0,0,1072070.27,0,7692307.69,0,1,1,0,0,0,0,56,0,0,0,0,0,0,-1,-1,-0.07,0,0.13,0,0,0,0,0,0,-0.09,0,0.13,-1,0,0,0,-0.15,-1,0,-1,0,0,0,0,0,0,0,0,0,0,-0.89,0,0,0,0,0,0,0,0,0,0,0,-1,0,-1,0,0,0,0,0,0,0,0,0,0,0,0,0,0,0,0,0,0,0,0,0,0,0,0,0,0,0,0,0,0,0,0,0,0,-0.89,0,0,0,0,0,0,0,0,0,0,-1,-1,0,0,0,0,0,0,0,0,0,0,0,0,0,0,0,0,0,0,0,0,0,0,0,0,0,0,0,0,0,0,0,0,0,0,0,0,0,0,0,0,0,0,0,0,0,0,1
7274,NON-FINANCIAL CORPORATION,M,UNSPECIFIED,Transportation and Storage,UNSPECIFIED,9/29/2023,0,0,0,5212367.92,0,0,350.35,0,1538461.54,0,1,0,0,0,0,0,66,0,0,0,0,0,0,-1,-1,0,0,0,0,0,0,0,0,0,0,0,0,-1,1,0,0,0,0,0,-1,0,0,0,0,0,0,0,0,0,0,0,0,0,0,0,0,0,0,0,0,0,0,0,0,0,0,0,0,0,0,0,0,-1,0,0,0,-1,0,0,0,0,0,0,0,0,0,100,0,0,0,0,0,0,-1,0,0,0,0,0,0,0,0,0,0,0,0,0,0,0,0,0,0,0,0,0,0,0,0,0,0,0,0,0,0,0,0,0,0,0,0,0,0,0,0,0,0,0,0,0,0,0,0,0,0,0,0,0,0,0,0,0,0,0,0,0,0,0,0,1
4348,NON-FINANCIAL CORPORATION,B,UNSPECIFIED,Wholesale and Retail trade; Repair of Motor Vehicles and Motorcycles,Active,9/29/2023,0,0,0,4970,0,0,25000,25000,0,0,1,0,0,0,0,0,0,0,0,0,0,0,0,0,0,0,0,0,0,0,0,0,0,0,0,0,0,0,1,0,0,0,0,0,0,0,0,0,0,0,0,0,0,0,0,0,0,0,0,0,0,0,0,0,0,0,0,0,0,0,0,0,0,0,0,0,0,0,0,0,0,0,0,0,0,0,0,0,0,0,0,0,0,0,0,0,0,0,0,0,0,0,0,0,0,0,0,0,0,0,0,0,0,0,0,0,0,0,0,0,0,0,0,0,0,0,0,0,0,0,0,0,0,0,0,0,0,0,0,0,0,0,0,0,0,0,0,0,0,0,0,0,0,0,0,0,0,0,0,0,0,0,0,1
5240,NON-FINANCIAL CORPORATION,UNSPECIFIED,UNSPECIFIED,UNSPECIFIED,UNSPECIFIED,9/29/2023,0,0,0,0,0,0,0,0,0,0,0,0,0,0,0,0,0,0,0,0,0,0,0,0,0,0,0,0,0,0,0,0,0,0,0,0,0,0,0,0,0,0,0,0,0,0,0,0,0,0,0,0,0,0,0,0,0,0,0,0,0,0,0,0,0,0,0,0,0,0,0,0,0,0,0,0,0,0,0,0,0,0,0,0,0,0,0,0,0,0,0,0,0,0,0,0,0,0,0,0,0,0,0,0,0,0,0,0,0,0,0,0,0,0,0,0,0,0,0,0,0,0,0,0,0,0,0,0,0,0,0,0,0,0,0,0,0,0,0,0,0,0,0,0,0,0,0,0,0,0,0,0,0,0,0,0,0,0,0,0,0,0,0,1
6333,NON-FINANCIAL CORPORATION,UNSPECIFIED,UNSPECIFIED,UNSPECIFIED,UNSPECIFIED,9/29/2023,0,0,0,0,0,0,0,0,0,0,0,0,0,0,0,0,0,0,0,0,0,0,0,0,0,0,0,0,0,0,0,0,0,0,0,0,0,0,0,0,0,0,0,0,0,0,0,0,0,0,0,0,0,0,0,0,0,0,0,0,0,0,0,0,0,0,0,0,0,0,0,0,0,0,0,0,0,0,0,0,0,0,0,0,0,0,0,0,0,0,0,0,0,0,0,0,0,0,0,0,0,0,0,0,0,0,0,0,0,0,0,0,0,0,0,0,0,0,0,0,0,0,0,0,0,0,0,0,0,0,0,0,0,0,0,0,0,0,0,0,0,0,0,0,0,0,0,0,0,0,0,0,0,0,0,0,0,0,0,0,0,0,0,1
1311,NON-FINANCIAL CORPORATION,UNSPECIFIED,UNSPECIFIED,UNSPECIFIED,UNSPECIFIED,9/29/2023,0,0,0,0,0,0,0,0,0,0,0,0,0,0,0,0,0,0,0,0,0,0,0,0,0,0,0,0,0,0,0,0,0,0,0,0,0,0,0,0,0,0,0,0,0,0,0,0,0,0,0,0,0,0,0,0,0,0,0,0,0,0,0,0,0,0,0,0,0,0,0,0,0,0,0,0,0,0,0,0,0,0,0,0,0,0,0,0,0,0,0,0,0,0,0,0,0,0,0,0,0,0,0,0,0,0,0,0,0,0,0,0,0,0,0,0,0,0,0,0,0,0,0,0,0,0,0,0,0,0,0,0,0,0,0,0,0,0,0,0,0,0,0,0,0,0,0,0,0,0,0,0,0,0,0,0,0,0,0,0,0,0,0,1
8106,NON-FINANCIAL CORPORATION,B,Retail/BBG Commercial,Human Health and Social Work Activities,UNSPECIFIED,6/30/2023,0,0,0,1.38E+07,0,0,2292088.79,401418.25,2307692.31,0,1,0,141000,477206,0,0,84,-6369299.26,0.17,0,0.8,1.05,0.18,1.79,1.09,-0.01,-0.45,0.02,-0.1,1.33,-0.43,0.14,1.7,3,-0.03,-0.02,0.05,1.57,1,-0.08,-0.11,-0.07,0.14,0,-0.5,-0.34,0.02,-0.05,2.32,0,0,43,0,1.09,0.03,-0.1,0,0.5,0.11,0.32,0,0.03,0.02,-0.34,0.24,0.78,-0.03,8.84,0.66,-0.94,76,0.7,0.38,0,0,0.08,-0.48,0.52,0,0.2,-1802038.42,2.1,-0.16,1,-0.36,0,0,-0.17,0.07,1.94,0,1.46E+07,-0.18,0,0.21,0,0,0.81,3.58,0,0,0,0,0.29,-0.1,0,0,-0.11,0,0,0,0,0,0,0,0.33,-0.46,1.38,0,1.59,0,-0.1,-0.08,0,0,0,0,0,0,0,1.27,0,0,0,0,0,0,0.19,0,0,0,0,0,0,0,0.52,0,0,0,0,0,0,0,0,0,0,0,0,0,0,0,0,0,1
1465,NON-FINANCIAL CORPORATION,B,UNSPECIFIED,Education,Active,6/30/2023,1478153.86,0,0,5474035.62,0,0,363.94,0,384615.38,0,1,0,0,0,0,0,10,0,0,0,0,0,0,0,-1,0,0,0.47,0.2,0,217.96,0,0,-1,0.14,0,30.43,-1,1,0,0,0.25,0,0,-1,0,0,27.24,0,0,0,0,0,0,0,0,0,0,0,0,0,0,0,0,0,0,0,0,0,0,0,0,0,0,0,0,0,0,0,0,0,0,0,0,0,0,0,0,0,0,0,0,0,0,0,0,0,0,0,0,0,0,0,0,0,0,0,0,0,0,0,0,0,0,0,-1,0,0,0,0,0,0,0,0,0,0,0,0,0,0,0,0,0,0,0,0,0,0,0,0,0,0,0,0,0,0,0,0,0,0,0,0,0,0,0,0,0,0,0,0,0,0,0,1
1636,NON-FINANCIAL CORPORATION,M,UNSPECIFIED,Construction,UNSPECIFIED,6/30/2023,0,0,0,8.55E+07,0,2,3.57E+08,1.72E+08,3.85E+07,0,1,0,2.30E+07,2.03E+08,0,-2.96E+07,79,-2.46E+08,0.19,0,0.81,0.83,0.86,4.41,0.69,-0.02,0.57,0.1,0.06,0.63,1.67,0.82,0.16,4.25,0.04,0.12,0.1,0.37,5,0.14,0,0.05,0.82,0,-0.5,0.64,0.08,0.17,1665.67,0,0,61,0,0.69,0.02,0.02,0,3,0.05,0.44,0,0.02,0.07,1665.67,0.28,1.45,0.32,0.44,0.48,-0.2,30,0.09,-0.08,0,0.09,0.11,-1,1.2,0,0,-8.92E+08,1.2,2.85,7.13,2.07,0,0,0.85,0.55,2.75,0,4.64E+07,0.73,0,0.5,0,0.27,5.67,15.08,0,0,0,0.15,0.05,0.02,0,0.07,0.29,0,0,0,0,0,0,0,0.63,-0.07,0.21,1,1.16,0,-0.36,0.04,0,0,0,0,0,0,0,-0.03,0,0,0,0,0,1.67,0.25,0,0,0,0,0,0,0,0.09,0,0,0,0,0,0,0,0,0,0,0,0,0,0,0,0,0,1
3946,NON-FINANCIAL CORPORATION,B,UNSPECIFIED,Financial and Insurance Activities,UNSPECIFIED,6/30/2023,0,0,0,1.06E+07,0,0,4557887.99,1655997.77,7692307.77,0,1,0,1594722.74,4883608.13,0,0,116,-1.15E+07,0.02,0,0.07,0.05,-0.24,0.35,0.31,0.1,-0.07,0.2,0.03,0.36,0.27,-0.12,0.06,0.36,0.13,0.13,0.2,0.15,0,-0.01,0.09,0.11,0.16,0,-0.38,1.78,0.02,0.04,1.05,0,0,351,0,0.25,-0.14,0.01,3,1.23,0.02,0.06,1,-0.14,0,1.05,0.14,0.31,0.05,0.59,0.19,-0.26,104,0.15,0.24,0,0.01,0.02,-0.66,0.24,0,1.23,-4.20E+07,0.24,0.55,0.31,0.18,0,0,0.14,0.17,-0.41,0,3.22E+07,0.1,0,-0.12,0,-0.05,0.32,0.45,0,0,0,-0.02,0.12,0.01,0,-0.01,0.03,0,0,0,0,0,0,0,0.17,-0.14,0.05,0,0.42,0,0.08,-0.05,0,0,0,0,0,0,0,0.11,0,0,0,0,0,0,0.03,0,0,0,0,0,0,0,0.26,0,0,0,0,0,0,0,0,0,0,0,0,0,0,0,0,0,1
8654,NON-FINANCIAL CORPORATION,UNSPECIFIED,UNSPECIFIED,UNSPECIFIED,UNSPECIFIED,6/30/2023,0,0,0,0,0,0,0,0,0,0,0,0,0,0,0,0,0,0,0,0,0,0,0,0,0,0,0,0,0,0,0,0,0,0,0,0,0,0,0,0,0,0,0,0,0,0,0,0,0,0,0,0,0,0,0,0,0,0,0,0,0,0,0,0,0,0,0,0,0,0,0,0,0,0,0,0,0,0,0,0,0,0,0,0,0,0,0,0,0,0,0,0,0,0,0,0,0,0,0,0,0,0,0,0,0,0,0,0,0,0,0,0,0,0,0,0,0,0,0,0,0,0,0,0,0,0,0,0,0,0,0,0,0,0,0,0,0,0,0,0,0,0,0,0,0,0,0,0,0,0,0,0,0,0,0,0,0,0,0,0,0,0,0,1
1504,PARTNERSHIP,UNSPECIFIED,UNSPECIFIED,UNSPECIFIED,UNSPECIFIED,6/30/2023,0,0,0,0,0,0,0,0,0,0,0,0,0,0,0,0,0,0,0,0,0,0,0,0,0,0,0,0,0,0,0,0,0,0,0,0,0,0,0,0,0,0,0,0,0,0,0,0,0,0,0,0,0,0,0,0,0,0,0,0,0,0,0,0,0,0,0,0,0,0,0,0,0,0,0,0,0,0,0,0,0,0,0,0,0,0,0,0,0,0,0,0,0,0,0,0,0,0,0,0,0,0,0,0,0,0,0,0,0,0,0,0,0,0,0,0,0,0,0,0,0,0,0,0,0,0,0,0,0,0,0,0,0,0,0,0,0,0,0,0,0,0,0,0,0,0,0,0,0,0,0,0,0,0,0,0,0,0,0,0,0,0,0,1
3584,NON-FINANCIAL CORPORATION,UNSPECIFIED,UNSPECIFIED,UNSPECIFIED,UNSPECIFIED,6/30/2023,0,0,0,0,0,0,0,0,0,0,0,0,0,0,0,0,0,0,0,0,0,0,0,0,0,0,0,0,0,0,0,0,0,0,0,0,0,0,0,0,0,0,0,0,0,0,0,0,0,0,0,0,0,0,0,0,0,0,0,0,0,0,0,0,0,0,0,0,0,0,0,0,0,0,0,0,0,0,0,0,0,0,0,0,0,0,0,0,0,0,0,0,0,0,0,0,0,0,0,0,0,0,0,0,0,0,0,0,0,0,0,0,0,0,0,0,0,0,0,0,0,0,0,0,0,0,0,0,0,0,0,0,0,0,0,0,0,0,0,0,0,0,0,0,0,0,0,0,0,0,0,0,0,0,0,0,0,0,0,0,0,0,0,1
9128,SOLE PROPRIETORSHIP,UNSPECIFIED,UNSPECIFIED,UNSPECIFIED,UNSPECIFIED,6/30/2023,0,0,0,0,0,0,0,0,0,0,0,0,0,0,0,0,0,0,0,0,0,0,0,0,0,0,0,0,0,0,0,0,0,0,0,0,0,0,0,0,0,0,0,0,0,0,0,0,0,0,0,0,0,0,0,0,0,0,0,0,0,0,0,0,0,0,0,0,0,0,0,0,0,0,0,0,0,0,0,0,0,0,0,0,0,0,0,0,0,0,0,0,0,0,0,0,0,0,0,0,0,0,0,0,0,0,0,0,0,0,0,0,0,0,0,0,0,0,0,0,0,0,0,0,0,0,0,0,0,0,0,0,0,0,0,0,0,0,0,0,0,0,0,0,0,0,0,0,0,0,0,0,0,0,0,0,0,0,0,0,0,0,0,1
2795,NON-FINANCIAL CORPORATION,UNSPECIFIED,UNSPECIFIED,UNSPECIFIED,UNSPECIFIED,6/30/2023,0,0,0,0,0,0,0,0,0,0,0,0,0,0,0,0,0,0,0,0,0,0,0,0,0,0,0,0,0,0,0,0,0,0,0,0,0,0,0,0,0,0,0,0,0,0,0,0,0,0,0,0,0,0,0,0,0,0,0,0,0,0,0,0,0,0,0,0,0,0,0,0,0,0,0,0,0,0,0,0,0,0,0,0,0,0,0,0,0,0,0,0,0,0,0,0,0,0,0,0,0,0,0,0,0,0,0,0,0,0,0,0,0,0,0,0,0,0,0,0,0,0,0,0,0,0,0,0,0,0,0,0,0,0,0,0,0,0,0,0,0,0,0,0,0,0,0,0,0,0,0,0,0,0,0,0,0,0,0,0,0,0,0,1
7469,SOLE PROPRIETORSHIP,B,Retail/BBG Commercial,Wholesale and Retail trade; Repair of Motor Vehicles and Motorcycles,UNSPECIFIED,6/30/2023,0,0,0,133751.59,0,0,2581195,0,15384.62,0,1,0,0,0,7743567,0,59,0,0.92,92,0.42,0.54,-0.67,5,5,0.01,0.15,0.16,0.01,0,-0.37,-0.32,0.81,0,-0.01,-0.03,0.16,1.5,1,0.15,-0.33,0,0.84,0,-0.31,-0.71,0.12,0.04,0,0,0,0,0,-0.14,-0.51,-0.06,0,0,0.19,-0.05,0,-0.51,0.16,0,-0.31,0,-0.21,4.5,-0.22,-0.37,0,-0.31,0,0,0.28,0,0,0,0,0,0,0,-0.55,0,-0.37,0,0,1.97,-0.56,-0.18,0,0,-0.4,0,2.64,0,-0.36,-0.61,0,0,0,0,-0.42,-0.32,-0.14,0,-0.21,0.17,0,0,0,0,0,0,0,2,-0.51,0.2,0,-0.41,0,0,-0.42,0,0,0,0,0,0,0,-0.54,0,0,0,0,0,0,0.2,0,0,0,0,0,0,0,-0.54,0,0,0,0,0,0,0,0,0,0,0,0,0,0,0,0,0,1
5506,NON-FINANCIAL CORPORATION,B,Retail/BBG Commercial,Other Service Activities,UNSPECIFIED,6/30/2023,0,0,0,22216.52,0,0,0,33333.33,1153846.15,0,1,1,0,0,0,0,126,0,0,8,0,0,0,78.55,-1,-0.08,-0.4,-0.11,-0.23,0,-0.79,0,0,-1,-0.12,-0.03,0.09,2,0,-0.09,0,-0.19,0,0,-1,-0.64,0,-0.15,0,0,0,0,0,0,0,-0.3,0,0,0,0,0,0,0,0,0,0,0,-1,0,-1,0,0,0,0,0,0,0,0,0,0,0,0,-1,0,-1,0,0,-1,-1,-1,0,0,0,0,-1,0,-1,-1,0,0,0,0,0,0,-0.3,0,0,-1,0,0,0,0,0,0,0,1,-0.29,-1,0,0,0,0,0,0,0,0,0,0,0,0,-1,0,0,0,0,0,0,-1,0,0,0,0,0,0,0,0,0,0,0,0,0,0,0,0,0,0,0,0,0,0,0,0,0,1
9165,NON-FINANCIAL CORPORATION,B,Retail/BBG Commercial,Human Health and Social Work Activities,UNSPECIFIED,6/30/2023,2800000,1,1,3481707.62,0,0,71221.18,0,7692.31,0,1,0,173630,434945,0,0,98,-192193,0,0,0,0,-0.65,4558.08,1337.51,0.01,-0.87,-0.01,-0.05,0,-0.91,-0.11,0,0,0.02,-0.09,0.31,4,1,-0.28,-1,-0.04,0.01,0,-1,-0.84,0,-0.21,-0.85,0,0,8,0,-1,-0.6,-0.05,0,-0.8,0,1.19,0,-0.6,0,-0.85,-1,0.5,0.19,1.19,0,-1,2,-1,-1,0,0,6.33,-0.85,-1,0,-0.8,-510808,-1,-0.85,-1,4.88,0,0,-0.96,0,0,0,40000,-0.57,0,-0.93,0,4,0.44,-1,0,0,0,0.67,0,-0.05,0,2.78,-0.17,0,0,0,0,0,0,0,6.33,-0.6,0,0,-0.42,0,-1,-0.77,0,0,0,0,0,0,0,0.5,0,0,0,0,0,0,-0.4,0,0,0,0,0,0,0,0,0,0,0,0,0,0,0,0,0,0,0,0,0,0,0,0,0,1
1603,NON-FINANCIAL CORPORATION,M,UNSPECIFIED,Construction,Active,6/30/2023,0,0,0,1.67E+08,0,0,11096.38,1.85E+07,2.44E+07,0,1,0,0,0,0,0,15,0,0,0,0,0,0,-0.25,-1,0.17,-0.19,0.08,0.07,-1,0.67,0,9999.8,-0.5,0.1,0.05,0.46,-0.67,2,-0.04,0,0.07,0,0,-1,0.38,0,0.09,0,0,0,0,0,0,0,0.04,0,0,0,0,0,0,0,0,0,-1,0,50000,0,-1,0,0,0,0,0.1,0,0,0,0,0,-1.00E+08,0,-1,0,0,0,0,0,0,0,0,0,0,0,-1,0,0,-1,0,0,0,0,0,0,0.04,0,0,0,0,0,0,0,0,0,0,4,-0.13,0,0,0,0,0,0,0,0,0,0,0,0,0,-0.5,0,0,0,0,0,0,0,0,0,0,0,0,0,0,0,0,0,0,0,0,0,0,0,0,0,0,0,0,0,0,0,0,1
2886,NON-FINANCIAL CORPORATION,M,UNSPECIFIED,Education,UNSPECIFIED,6/30/2023,2.89E+07,1,1,1.45E+08,0,0,8788784,8333333.33,7692307.69,0,1,1,0,0,0,-245176.18,44,-7.68E+07,37.83,0,37.72,51.7,0.11,2378.88,191.8,0.18,0.12,0.2,0.01,0,0.15,0.14,66.48,1,0.02,0.01,1.52,4,2,0.02,-0.43,0.03,0.14,0,-0.99,0.07,0.86,0.02,-0.09,0,0,0,0,191.8,-0.02,-0.05,0,0,0.26,334.12,0,-0.02,1.27,-0.66,-0.99,-1,166.61,334.12,95.4,-1,0,1.33,0,0,1.31,8,-0.66,-1,0,-0.8,-71250,-1,-0.54,0,29.85,0,-2.00E+07,-0.84,-0.6,9.69,0,600,36.06,0,-1,0,1,0,-1,0,-1.00E+07,0,1,0.45,-0.05,0,3.61,-0.6,0,0,0,0,0,0,0,8,-0.05,3,0,0.42,0,0,-0.78,0,0,0,0,0,1,0,0,0,0,0,0,0,0,0,0,0,0,0,0,0,0,0.33,0,0,0,0,0,0,0,0,0,0,0,0,0,0,0,0,0,1
2846,NON-FINANCIAL CORPORATION,B,Retail/BBG Commercial,Wholesale and Retail trade; Repair of Motor Vehicles and Motorcycles,UNSPECIFIED,6/30/2023,0,0,0,3439397.35,0,1,2515451.34,3221500,769230.77,0,1,1,0,0,45948.6,0,95,-125000,0.2,4,0.04,0.06,0.07,2.19,1.91,-0.02,0.26,0.08,0.07,2,0.69,0.14,0,4,0.04,0.03,0.08,2.5,2,0.06,0,0.05,0.27,0,-0.67,0.18,-0.01,0.08,-1,0,0,0,0,1.91,0.14,0.01,0,-1,0.36,0,0,-0.07,-0.01,-1,-0.67,0,0,0.07,0.62,-0.09,0,0.5,0,0,-0.05,0,-1,0,0,-1,0,0,-0.03,0,0.06,0,0,0.01,-0.44,-0.64,0,0,0,0,-0.6,0,-0.4,-0.43,0,0,0,0,0,0.25,0.01,0,0,-0.31,0,0,0,0,0,0,0,0.7,-0.1,-0.4,0,-0.03,0,0,0,0,0,0,0,0,0,0,0,0,0,0,0,0,0,-0.25,0,0,0,0,0,0,0,0.5,0,0,0,0,0,0,0,0,0,0,0,0,0,0,0,0,0,1
3766,NON-FINANCIAL CORPORATION,B,UNSPECIFIED,Human Health and Social Work Activities,Active,6/30/2023,6714285.71,1,1,2.39E+07,0,0,4.50E+07,2895071.28,7.69E+07,0,1,0,0,0,2397.31,0,6,-3.30E+07,0,157,0,0,48.47,0.13,0.13,0,48.48,85.55,85.55,-1,0,41.42,0,-1,0,0,85.55,-0.15,1,8.32,-0.15,17.2,41.42,0,-1,0,0,0,0,0,0,1,0,0.13,41.42,0.41,0,0,0,3,0,0.17,0,0,0.13,-1,0,3,0,3,281,-0.15,-1,0,0,2,0,-1,0,0,-6300,-1,0,-1,0,0,0,0,0,0,0,6300,0,0,0,0,0,0,-1,0,0,0,0,0,0.01,0,0,0,0,0,0,0,0,0,0,2,0,0,0,0,0,-1,2,0,0,0,0,0,0,0,0,0,0,0,0,0,0,0,0,0,0,0,0,0,0,0,0,0,0,0,0,0,0,0,0,0,0,0,0,0,0,0,0,1
6143,NON-FINANCIAL CORPORATION,B,UNSPECIFIED,Manufacturing,Active,6/30/2023,0,0,0,129332.42,0,1,1055534.1,0,1153846.15,0,1,0,0,0,0,0,0,-419122.55,0,0,0,0,0,0,0,0,0,0,0,0,0,0,0,0,0,0,0,0,1,0,0,0,0,0,0,0,0,0,0,0,0,0,0,0,0,0,0,0,0,0,0,0,0,0,0,0,0,0,0,0,1,0,0,0,0,0,0,0,0,0,0,0,0,0,0,0,0,0,0,0,0,553000,0,0,0,0,0,0,0,0,0,0,0,0,0,0,0,0,0,0,0,0,0,0,0,0,0,0,0,0,0,0,0,0,0,0,0,0,0,0,0,0,0,0,0,0,0,0,0,0,0,0,0,0,0,0,0,0,0,0,0,0,0,0,0,0,0,0,0,0,0,0,0,1
8690,NON-FINANCIAL CORPORATION,M,UNSPECIFIED,Accommodation and Food Service Activities,UNSPECIFIED,10/31/2023,0,0,0,2.89E+07,0,1,6381254.33,2072739.07,384615.38,0,1,0,198602.14,714656.61,17678.57,0,150,-2.91E+07,-0.05,2,16.78,22.45,0.06,2.89,0.05,0.09,0.21,0.06,0.04,1.31,0.43,0.07,0.47,1.31,0.06,0.05,0.2,0.56,0,0.04,-0.26,0.05,0.07,0,-0.11,0.73,2.13,0.05,20.38,0,0,9,0,0.05,0.07,0.04,1,27,-0.07,1.92,0,-0.01,0.47,3.54,-0.11,5,0.61,1.92,-0.03,-0.69,3,0.1,1,0,0.09,1.22,-0.77,1,0,3.33,-7064781.35,1,10.02,1.04,255.56,0,0,0.49,3,1.51,0,808599.65,-0.1,0,-0.22,0,0.6,0.59,9.64,0,0,0,-0.11,-0.08,0.04,0,0.31,-0.62,0,0,0,395184,0,0,0,21,-0.01,-0.16,0,-0.06,0,-1,-0.6,0,0,0,0,0,0,0,0.13,0,0,0,0,0,0,-0.35,0,0,0,0,0,0,0,-0.19,0,0,0,0,0,0,0,0,0,0,0,0,0,0,0,0,0,1
2137,NON-FINANCIAL CORPORATION,C,UNSPECIFIED,Wholesale and Retail trade; Repair of Motor Vehicles and Motorcycles,UNSPECIFIED,10/31/2023,0,0,0,2216416.17,0,1,666809.86,0,7692307.77,0,1,1,0,0,0,0,37,0,0,0,0,0,-0.37,8108.42,8108.42,-0.08,-0.34,0.21,0.08,0,1.21,-0.06,0,0,0.01,0.18,0.21,0,1,0,0,0.08,0.86,0,-1,-0.35,0.5,0.36,0,0,0,0,0,4654.82,-0.33,0,0,0,0,0,0,-0.33,0.5,0,4654.82,0,0,0,0,0,0,0,0,0,0.53,2,0,0,0,0,0,0,0,0,0,0,0,0,0.5,-0.33,0,0,0,0,-0.33,0,0,0,0,0,0,0,2,0,0,0,1,0,0,0,0,0,0,0,0,2,-0.33,0,0,0,0,0,0,0,0,0,0,0,0,0,0,0,0,0,0,0,0,0,0,0,0,0,0,0,0,0,0,0,0,0,0,0,0,0,0,0,0,0,0,0,0,0,0,1
5306,NON-FINANCIAL CORPORATION,M,UNSPECIFIED,Wholesale and Retail trade; Repair of Motor Vehicles and Motorcycles,UNSPECIFIED,10/31/2023,3.15E+07,1,1,8.30E+07,0,1,1.67E+08,5.09E+07,384615.38,0,1,1,2042875,2403125,0,-5.01E+07,156,-2.05E+08,0.6,0,0.53,0.37,0.68,6.63,3.55,0.3,0.14,1.74,0,1.24,0.07,0.75,0.47,2,0.37,0.21,1.81,1.39,1,0.08,-0.71,0.35,0.75,0,-0.76,0.82,0.12,0.05,64.54,0,0,6,0,0.38,-0.04,-0.03,1,1.17,0.15,0.45,0,-0.04,0.11,64.54,-0.11,10,0.2,2.58,0.13,-0.78,9,1.23,4,0,0.06,0.38,-0.7,4,0,1.17,-2.03E+07,4,5.31,1.9,0.71,0,0,0.26,0.53,0.85,0,1.18E+08,0.39,0,0.27,0,0.34,6.34,2.6,0,0,0,0.61,0.26,-0.16,0,0.27,0.14,0,0,0,0,0,0,0,0.79,-0.23,-0.13,4.67,0.23,0,-0.4,0.17,0,0,0,0,0,0,0,-0.35,0,0,0,0,0,4.67,-0.33,0,0,0,0,0,0,0,-0.35,0,0,0,0,0,0,0,0,0,0,0,0,0,0,0,0,0,1
2229,NON-FINANCIAL CORPORATION,M,UNSPECIFIED,Manufacturing,UNSPECIFIED,10/31/2023,1.00E+08,1,1,1.74E+08,0,1,4.63E+07,3.82E+07,384615.38,0,1,1,4770512.42,1.58E+07,0,0,120,-2.99E+08,0.07,0,0.04,0.1,-0.01,0.63,0.63,0,0.52,0.06,0.06,0.06,0.73,0.27,0.21,1,0,0.04,0.06,0.71,0,0.11,0.01,0.02,0.28,0,-0.19,0.1,0.03,0.09,1.23,0,0,180,0,0.63,0.27,0.03,1,1.4,-0.02,0.5,0,-0.22,0.04,1.23,0.05,0.46,0.45,0.65,0.34,-0.46,130,0.06,-0.02,0,0.07,0.02,0.21,0.13,0,1.4,-1.58E+07,0.38,-0.21,0.27,0.24,0,0,0.81,0.18,0.96,0,3.85E+07,1.09,0,0.17,0,0.22,0.15,0.9,0,0,0,0.04,0.03,-0.02,0,0.02,0.27,0,0,0,0,0,0,0,0.47,-0.22,0.77,0.08,0.71,0,-0.11,0.01,0,0,0,0,0,0,0,-0.21,0,0,0,0,0,0,-0.08,0,0,0,0,0,0,0,0.07,0,0,0,0,0,0,0,0,0,0,0,0,0,0,0,0,0,1
8341,NON-FINANCIAL CORPORATION,B,UNSPECIFIED,Wholesale and Retail trade; Repair of Motor Vehicles and Motorcycles,UNSPECIFIED,10/31/2023,0,0,0,1463496.63,0,0,148862.46,91412.07,384615.38,0,1,0,81673,219654.86,0,0,108,0,0.61,0,0.52,0.6,0.24,8.84,4.96,0,0.51,0.04,0.04,0,0.15,0.17,0.05,0,-0.01,0.01,0.04,4,1,0.09,-1,0,0.17,0,-1,0.1,0,0.02,0,0,0,9,0,0.04,0.17,0.02,0,0,-0.26,1.93,0,0.06,-0.02,0,-1,1.5,0.6,1.93,-0.48,-0.82,1,-0.25,-1,0,-0.16,0,0,-1,0,0,-828176,-1,-0.35,-1,-0.51,0,0,-0.88,-0.5,-1,0,136467.6,-0.19,0,-1,0,-0.55,-1,-1,0,0,0,-0.5,-0.63,-0.04,0,-0.25,-0.64,0,0,0,0,0,0,0,0.83,0,-1,0,-1,0,-1,-0.5,0,0,0,0,0,0,0,-1,0,0,0,0,0,0,-1,0,0,0,0,0,0,0,-1,0,0,0,0,0,0,0,0,0,0,0,0,0,0,0,0,0,1
3565,SOLE PROPRIETORSHIP,UNSPECIFIED,UNSPECIFIED,UNSPECIFIED,UNSPECIFIED,10/31/2023,0,0,0,0,0,0,0,0,0,0,0,0,0,0,0,0,0,0,0,0,0,0,0,0,0,0,0,0,0,0,0,0,0,0,0,0,0,0,0,0,0,0,0,0,0,0,0,0,0,0,0,0,0,0,0,0,0,0,0,0,0,0,0,0,0,0,0,0,0,0,0,0,0,0,0,0,0,0,0,0,0,0,0,0,0,0,0,0,0,0,0,0,0,0,0,0,0,0,0,0,0,0,0,0,0,0,0,0,0,0,0,0,0,0,0,0,0,0,0,0,0,0,0,0,0,0,0,0,0,0,0,0,0,0,0,0,0,0,0,0,0,0,0,0,0,0,0,0,0,0,0,0,0,0,0,0,0,0,0,0,0,0,0,1
8689,NON-FINANCIAL CORPORATION,B,Retail/BBG Commercial,Wholesale and Retail trade; Repair of Motor Vehicles and Motorcycles,UNSPECIFIED,10/31/2023,0,0,0,7388699.17,0,0,3.30E+07,0,6.01E+07,0,1,0,0,0,0,0,51,-2.50E+08,0.03,0,0.03,0.05,-0.34,1.08,0.47,-0.01,0.02,0.1,0.05,0,0.03,-0.17,0.02,0,-0.03,0.06,0.2,0.32,1,0.03,0.03,-0.02,0.43,0,-0.34,-0.17,0.02,0.02,0.47,0,0,0,0,-0.02,-0.2,0.03,0,0.25,0.01,-0.06,0,-0.2,0.05,-0.06,-0.34,0,-0.07,0.22,-0.18,-0.17,711,0.11,0.11,0,0.02,0.25,-0.08,0.13,0,0.25,0,0.33,-0.17,-0.02,0.27,0,0,0.04,0,0.2,0,2.50E+08,-0.14,0,-0.06,0,0.25,-0.21,1.08,0,0,0,0.25,0.07,-0.22,0,0.13,0,0,0,0,0,0,0,0,0.25,-0.2,0.19,0,-0.35,0,0.02,0,0,0,0,0,0,0,0,0.01,0,0,0,0,0,0,0.03,0,0,0,0,0,0,0,0.14,0,0,0,0,0,0,0,0,0,0,0,0,0,0,0,0,0,1
3851,NON-FINANCIAL CORPORATION,B,Retail/BBG Commercial,Real Estate Activities,UNSPECIFIED,10/31/2023,0,0,0,242650.25,0,0,103571.05,207241.79,1153846.15,0,1,0,105950,628871.79,0,0,86,-1632772.94,0,0,1.75,1.97,0.26,7.12,4.81,-0.01,-0.19,0.04,-0.02,0,1.01,0.18,0.52,4,0.01,0.5,0.48,3.5,1,0.03,0,-0.07,0.65,0,-1,-0.24,1.03,0.79,257.13,0,0,0,0,0.88,0.07,-0.36,0,0,0,0.34,0,0.07,0.32,-0.77,0.88,-0.88,0.14,3.05,0,-0.8,0,0,0,0,0.06,0.29,-0.77,0,0,0,-245256.52,-1,0.08,0,-0.24,0,0,0.11,3.5,-0.07,0,230977,0.27,0,-0.2,0,0.13,0.35,-1,0,0,0,0.29,0,-0.36,0,0.14,0.13,0,0,0,0,0,0,0,9.5,-0.5,0,0,0,0,0,0,0,0,0,0,0,0,0,1,0,0,0,0,0,0,0,0,0,0,0,0,0,0,0,0,0,0,0,0,0,0,0,0,0,0,0,0,0,0,0,0,1
490,NON-FINANCIAL CORPORATION,C,Corp Bank,Wholesale and Retail trade; Repair of Motor Vehicles and Motorcycles,UNSPECIFIED,10/28/2022,1.22E+08,0,1,2.93E+08,3,1,4.97E+08,2.43E+08,1.72E+08,1,1,16,1.11E+07,1.65E+07,1.57E+08,-2.94E+08,524,-5.86E+07,0.12,347,0,0.09,-0.48,1.14,0.75,0.04,-0.56,0.23,0.01,0.16,-0.27,-0.27,0.08,0.28,0.05,0,0.23,0.27,0,-0.09,-0.15,0.07,0.61,0,-0.3,-0.52,-0.02,0.04,349.43,0,0,1,0,0.24,-0.28,-0.02,4,0,-0.01,0.07,0,-0.28,0,-0.62,-0.05,1,0.03,0.43,0.09,-0.05,1581,-0.03,-0.07,0,-0.04,-0.06,-0.98,0.11,0,0,-526261.03,0.22,-0.28,0.27,0.82,0,0,0.38,-0.24,1.76,0,1.31E+08,0.05,0,0.37,0,-0.04,-0.21,0.32,0,0,0,-0.14,-0.09,-0.02,0,-0.07,-0.18,0,0,0,0,0,0,0,0.18,-0.47,0.03,0,0.17,0,-0.09,-0.08,0,0,0,0,0,0,0,0.02,0,0,0,0,0,0,-0.09,0,0,0,0,0,0,0,-0.18,0,0,0,0,0,0,0,0,0,0,0,0,0,0,0,0,0,1
4589,NON-FINANCIAL CORPORATION,B,Retail/BBG Commercial,Accommodation and Food Service Activities,UNSPECIFIED,10/28/2022,0,0,0,2.89E+07,0,0,1.55E+07,4864484.41,384615.38,0,1,0,289138,289138,66633.97,0,24,-2.09E+07,0.27,2,3.43,4.67,0.06,10.57,2.57,0.47,0.18,0.72,0.17,7,12.72,0.13,7.55,7,0.53,0.58,1.18,1.75,1,0.06,-0.13,0.31,0.55,0,-0.54,52.43,1.28,0.54,2.04,0,0,3,0,-0.34,0.13,0.08,0,9.75,-0.05,-0.27,0,-0.06,1.73,0.12,-0.54,-0.5,-0.27,35.63,-0.44,-0.28,56,-0.03,0.2,0,2.79,0.14,-0.39,1.22,0,0.26,-498165.52,5,65.96,0.84,43.51,0,0,93.09,17,6.97,0,9985587.9,-0.47,0,-0.33,0,14,0,5.78,0,0,0,-0.26,-0.08,0.08,0,-0.11,17,0,0,0,0,1,0,0,13.4,-0.2,3.13,0,-0.7,0,-0.5,-0.35,0,0,0,0,0,0,0,0,0,0,0,0,0,0,-0.27,0,0,0,0,0,0,0,-0.15,0,0,0,0,0,0,0,0,0,0,0,0,0,0,0,0,0,1
9146,SOLE PROPRIETORSHIP,B,Retail/BBG Commercial,"Agriculture, Forestry and Fishing",Active,10/28/2022,0,0,0,6954234.86,0,0,2150329.67,0,0,0,1,0,400000,400000,0,0,5,0,0.21,0,0,0,0.95,0.57,0.57,0,68.69,6.39,0.34,0,0,0.4,0,0,0,0,6.39,1.5,1,2.96,-0.14,1.64,12.79,0,-0.05,0,0,0,0,0,0,0,0,0.22,0.4,0.3,0,0,0.36,0,0,0.39,0,0,0.04,0,0,0,0.13,0,16,0.4,0.2,0,0,0,0,1,0,0,0,1,0,0.22,0,0,0,0,0,0,0,9990000,0,0,1.42,0,0,0,0.57,0,0,0,0,0.13,0.3,0,0,0,0,0,0,0,0,0,0,0,0.39,0,0,0.27,0,-0.17,0,0,0,0,0,0,0,0,0,0,0,0,0,0,0,2,0,0,0,0,0,0,0,0.2,0,0,0,0,0,0,0,0,0,0,0,0,0,0,0,0,0,1
727,NON-FINANCIAL CORPORATION,M,UNSPECIFIED,Administrative and Support Service Activities,UNSPECIFIED,10/28/2022,0,0,0,6.10E+07,0,0,5.68E+07,6.19E+07,3846153.85,0,1,0,141829.34,1.14E+07,0,0,219,-2.04E+08,0.33,0,0.13,0.08,0.05,1.61,1.61,0,1.39,0.09,0.09,0.92,0.05,0.26,0.22,0.92,-0.01,0.04,0.11,0.61,0,0.22,-0.31,0.01,0.48,0,-0.38,-0.01,0.15,0.05,5.09,0,0,0,0,0.62,0.26,0.04,1,5,0.16,1.09,0,-0.17,0.17,2.35,-0.18,-1,0.54,1.09,0.22,-0.22,14,0.29,-0.17,0,0.31,1.5,-0.23,1,0,5,-565500,1,0.45,-0.39,-0.19,0,0,1.04,0.88,-0.47,0,152619.68,1.06,0,1.11,0,0.67,-0.25,4.02,0,0,0,0.88,-0.01,-0.11,0,0.63,1.5,0,0,0,0,0,0,0,1.5,-0.17,0.82,0,0.33,0,-0.4,-0.25,0,0,0,0,0,0,0,0.48,0,0,0,0,0,0,0.72,0,0,0,0,0,0,0,-0.11,0,0,0,0,0,0,0,0,0,0,0,0,0,0,0,0,0,1
9371,NON-FINANCIAL CORPORATION,C,Corp Bank,"Electricity, Gas, Steam and Air Conditioning supply",UNSPECIFIED,10/28/2022,7.75E+07,1,1,2.20E+08,0,0,4.41E+08,2.44E+07,7.69E+07,0,1,1,0,0,0,0,45,0,0,0,0,0,0,0,0,0,0,5.50E+09,0,-1,0,0,0,-1,0,0,5.50E+09,0,0,0,0,0,0,0,0,0,0,0,0,0,0,0,0,0,0,0,0,0,0,1,0,0,0,0,0,0,0.5,1,0,0,0,0,0,0,0,1,0,0,0,0,0,0,2.25,0,3.11,0,0,0,-0.71,3.12,0,0,1.01,0,0,0,-0.5,2.33,0,0,0,0,1,0,0,0,0.5,0,0,0,0,0,0,0,0,1,0,-0.5,0,0,0,0,0,0,0,0,0,0,0,0,-0.71,0,0,0,0,0,0,0,0,0,0,0,0,0,0,0,0,0,0,0,0,0,0,0,0,0,0,0,0,0,0,0,0,1
5355,NON-FINANCIAL CORPORATION,B,Retail/BBG Commercial,Financial and Insurance Activities,UNSPECIFIED,10/28/2022,0,0,0,3.23E+07,0,0,6260459.43,4904354.63,7769230.77,0,1,0,586276,1967944.83,0,0,72,-2.85E+07,-0.05,0,0.06,0.06,-0.35,4.23,0.66,0.08,-0.53,-0.05,-0.09,0.08,-0.64,-0.13,-0.04,1,-0.02,-0.08,0.41,0.41,1,-0.14,-0.13,-0.09,-0.1,0,-0.67,-0.62,0.24,-0.12,3.81,0,0,461,0,-0.41,-0.13,-0.13,0,0.36,-0.05,0.02,0,-0.26,0.29,1.13,-0.67,2.06,-0.08,0.22,-0.54,-0.34,59,0,0,0,0.08,1.66,-0.69,0.1,0,0.36,-9.01E+07,0.41,0.01,0.33,0.02,0,0,-0.28,0.57,0.11,0,1.42E+07,-0.16,0,-0.68,0,0.33,-0.7,0.66,0,0,0,0.17,-0.06,-0.13,0,0.55,-0.53,0,0,0,0,0,0,0,2,-0.26,0,0,-0.8,0,-0.05,-0.56,0,0,0,0,0,0,0,-0.06,0,0,0,0,0,0,-0.24,0,0,0,0,0,0,0,-0.13,0,0,0,0,0,0,0,0,0,0,0,0,0,0,0,0,0,1
8226,SOLE PROPRIETORSHIP,B,Retail/BBG Commercial,Wholesale and Retail trade; Repair of Motor Vehicles and Motorcycles,Active,10/28/2022,0,0,0,2402323.17,0,0,3888612.03,166666.67,384615.38,0,1,0,0,0,0,0,9,-3650000,8.86,0,0,4.85,1.94,44.83,44.83,0,32.13,2.06,2.06,-1,4.54,2.04,7.94,-1,0.28,0,2.06,2,1,2.6,0.33,0.57,11.06,0,-0.62,0,0,1.52,-1,0,0,1,0,-0.19,2.04,0.65,0,-1,0.43,1.52,0,-0.03,0.13,-1,-0.62,-1,0.38,38.45,-0.4,-0.75,0,2,0,0,0.33,0.67,-1,0,0,-1,-1200000,0,0,0,0.7,0,-46684.8,35.53,0,0,0,0,-0.38,0,17,-46684.8,0,0,0,0,-46684.8,0,-0.17,1.17,-0.23,0,0.08,1.5,0,0,0,0,0,0,0,1,-0.13,0,0.2,-0.69,0,0,-0.5,0,0,1,0,0,0,0,0,0,0,1,0,0,0.33,1,0,0,0,0,0,0,0,3,0,0,0,0,0,0,0,0,0,0,0,0,0,0,0,0,0,1
8326,NON-FINANCIAL CORPORATION,M,Banking Center,UNSPECIFIED,UNSPECIFIED,10/28/2022,0,0,0,1566246.91,0,0,3811556.33,1816357.5,1769230.77,0,1,0,0,0,0,0,68,0,0,0,0,0,-0.82,29.4,29.4,0.34,-0.62,0.69,-0.01,-1,7.43,7.47,0,-1,0.53,7.98,2.05,0,1,15.89,0,0.25,73.56,0,-1,7.16,0,10.98,0,0,0,0,0,29.4,-0.98,-0.06,0,0,0,-1,0,-0.98,0,0,-1,0,0,1.34,14.2,-1,0,0,0,0,0,-1,0,0,0,0,0,0,-1,0,0,0,-1.50E+07,-1,-1,0,0,0,-1,0,-0.64,-1.00E+07,0,0,0,0,-1.50E+07,0,-1,0,-0.06,0,0,-1,0,0,0,0,0,0,0,2,-0.98,0,0,-0.86,0,0,-1,0,0,0,0,0,0,0,0,0,0,0,0,0,0,-0.33,0,0,0,0,0,0,0,0,0,0,0,0,0,0,0,0,0,0,0,0,0,0,0,0,0,1
5865,NON-FINANCIAL CORPORATION,R,UNSPECIFIED,Construction,Active,10/28/2022,0,0,0,4333457.9,0,0,2500120.55,0,2.72E+07,0,1,0,0,0,0,0,1,0,0,0,0,0,0,-1,-1,0,0,0.18,0.18,0,0,0.36,0,0,0,0,0.18,-1,1,0,-1,0,0.36,0,-1,0,0,0,0,0,0,0,0,-1,0,0.18,0,0,0,0,0,0.36,0,0,-1,0,0,0,0,0,0,-1,0,0,0,0,0,0,0,0,0,0,0,0,0,0,0,0,0,0,0,0,0,0,0,0,0,0,0,0,0,0,0,0,0.18,0,0,0,0,0,0,5000000,0,0,0,0,0.36,0,0,0,0,0,0,0,0,0,0,0,0,0,0,0,0,0,0,0,0,0,0,0,0,0,0,0,0,0,0,0,0,0,0,0,0,0,0,0,0,0,0,0,0,0,0,1
7699,NON-FINANCIAL CORPORATION,W,UNSPECIFIED,Human Health and Social Work Activities,UNSPECIFIED,12/29/2022,0,0,0,5041335.36,0,1,1499137.33,274949.74,769230.77,0,1,1,1282684.87,1834720.92,416265.21,-1705554.07,268,-3617377.36,0.73,23,0.49,0.29,0.16,2.52,2.52,0,0.14,0.03,0.03,1.5,0.39,0.21,0.52,1.5,0,0.03,0.03,1.33,3,0.03,0.71,0,0.21,0,-0.66,0.31,0.1,0.05,2.03,0,0,41,0,1.8,-0.04,0.01,1,0.75,0.39,3.61,0,-0.04,0,0.24,-0.13,5,1.46,3.61,0.84,-0.69,4,1.33,2,0,0.06,0.39,-0.13,2,0,0.24,-1425172.58,2,0.26,127.87,-0.57,0,0,-0.15,0.43,0.72,0,116187.5,0.44,0,2.21,0,-0.23,0.83,127.87,0,0,0,0.73,1.02,-0.04,0,0.32,0.08,0,0,0,0,0,0,0,1.23,-0.09,0.14,0,1.45,0,2,0.24,0,0,0,0,0,0,0,1.67,0,0,0,0,0,0,1,0,0,0,0,0,0,0,3,0,0,0,0,0,0,0,0,0,0,0,0,0,0,0,0,0,1
9957,NON-FINANCIAL CORPORATION,B,Retail/BBG Commercial,Other Service Activities,UNSPECIFIED,12/29/2022,0,0,1,713366.69,0,0,81.51,0,230769.23,0,1,1,0,0,0,0,29,0,0,0,0,0,0,-1,-1,0.05,0,0,0,0,0,0,0,0,-0.06,0.01,1.08,-1,0,0,0,-0.1,0,0,-1,0.08,0,0,0,0,0,0,0,0,0,0,0,0,0,0,0,0,0,0,0,0,0,0,0,0,0,0,0,0,0,0,0,0,0,0,0,0,0,0,0,0,0,0,0,0,0,0,0,0,0,0,0,0,0,0,0,0,0,0,-0.48,0,0,0,0,0,0,0,0,0,0,0,0,0,0,0,0,0,0,0,0,0,0,0,0,0,0,0,0,0,0,0,0,0,0,0,0,0,0,0,0,0,0,0,0,0,0,0,0,0,0,0,0,0,0,0,0,0,0,1
7942,NON-FINANCIAL CORPORATION,B,Retail/BBG Commercial,Other Service Activities,UNSPECIFIED,12/29/2022,0,0,0,817100.3,0,0,505405.35,168433.65,1076923.08,0,1,0,0,0,0,0,40,0,0,0,0,0,0.26,-1,0,0,0.26,0.04,0.04,0,0.26,0.26,0,0,0.01,0.02,0.04,-1,1,0.05,0,0.01,0.26,0,0,0.26,0,0.03,0,0,0,0,0,0,0,0,0,0,0,0,0,0,0,0,0,0,0,0,0,0,0,0,0,0,0,0,0,0,0,0,0,0,0,0,0,0,0,0,0,0,0,0,0,0,0,0,0,0,0,0,0,0,0,0,0,0,0,0,0,0,0,0,0,0,0,0,0,0,0,0,0,0,0,0,0,0,0,0,0,0,0,0,0,0,0,0,0,0,0,0,0,0,0,0,0,0,0,0,0,0,0,0,0,0,0,0,0,0,0,0,0,0,0,1
4626,NON-FINANCIAL CORPORATION,B,UNSPECIFIED,Real Estate Activities,UNSPECIFIED,12/29/2022,0,0,0,7667156.55,0,0,1136471.5,1153880.22,384615.38,0,1,0,0,28534.36,0,0,159,-3120899.22,0.09,0,0.07,0.08,0.11,1.04,1.04,0.04,0.26,0.07,0.06,0.29,0.59,0.06,0.11,0.3,0.06,0.05,0.07,0.3,0,0.05,0.11,0.06,0.06,0,-0.3,0.79,0.03,0.06,2.01,0,0,22,0,1.04,0.06,0.05,1,1.5,-0.01,1.38,0,0.04,0.04,2.01,-0.3,1.33,0.52,1.38,0.37,-0.34,0,0.29,0,0,0.05,0.82,-0.31,1,0,1.5,-1386475.31,1,-0.35,0,-0.11,0,0,-0.13,-0.19,0.03,0,45886.75,0.57,0,0.01,0,-0.04,0.06,5.18,0,0,0,0.57,0.2,0.05,0,0.34,-0.06,0,0,0,0,0,0,0,0.82,0.03,-0.35,0,0.43,0,0,-0.14,0,0,0,0,0,0,0,-0.13,0,0,0,0,0,0,-0.23,0,0,0,0,0,0,0,0.43,0,0,0,0,0,0,0,0,0,0,0,0,0,0,0,0,0,1
7596,NON-FINANCIAL CORPORATION,M,Banking Center,Real Estate Activities,UNSPECIFIED,12/29/2022,0,0,0,9.55E+07,0,1,2.40E+07,6306680.44,384615.38,0,1,2,2.26E+07,6.42E+07,0,0,178,-6.20E+07,0.57,0,0.2,0.31,-0.11,2.59,2.59,0.02,-0.09,0.11,-0.01,0.34,0.01,0.02,0.43,0.56,0.06,0.06,0.11,0.22,1,-0.02,-0.02,0.03,0.03,0,-0.82,0.74,0,0,0.42,0,0,60,0,2.59,-0.13,-0.02,2,0.11,0.03,0.58,0,-0.13,-0.01,-0.01,-0.82,1,-0.1,1.89,0.89,-0.78,21,0.12,1,0,-0.01,-0.01,-0.43,1,0,0,-4748708.99,1,-0.65,0.46,-0.34,0,0,-0.49,-0.03,-0.7,0,4781624.28,-0.64,0,-0.57,0,-0.16,-0.61,178.37,0,0,0,-0.14,0.05,-0.02,0,-0.07,-0.08,0,0,0,0,0,0,0,0.18,-0.13,0.24,0,-0.34,0,-0.17,-0.13,0,0,0,0,0,0,0,0.3,0,0,0,0,0,0,0.07,0,0,0,0,0,0,0,0.11,0,0,0,0,0,0,0,0,0,0,0,0,0,0,0,0,0,1
5221,NON-FINANCIAL CORPORATION,M,Banking Center,Wholesale and Retail trade; Repair of Motor Vehicles and Motorcycles,UNSPECIFIED,12/29/2022,0,0,0,5500899.31,0,1,2.48E+07,1.43E+07,384615.38,0,1,0,0,0,0,0,210,0,-0.02,0,0.3,0.31,-0.33,1.74,0.5,-0.06,-0.65,0.1,-0.04,9,2.22,0.19,0.18,9,-0.01,0.51,0.13,2.25,0,-0.16,-0.5,-0.03,0.19,0,-0.44,-0.27,0.09,0.72,0,0,0,0,0,0.5,0.19,-0.12,1,0,0.01,0.91,0,-0.44,0.09,0,-0.44,0,0.16,0.91,0.03,-0.59,0,1,0,0,0.1,0.33,0,0,0,0,0,0,0.44,0,1.83,0,0,0.16,0.14,1.16,0,0,-0.22,1,-0.34,0,0.14,0.01,0,0,0,0,-0.33,0.25,-0.12,0,-0.08,0,0,0,0,0,0,0,0,0.88,-0.44,0.75,0,-0.17,0,0,-0.5,0,0,0,0,0,0,0,0,0,0,0,0,0,0,-0.53,0,0,0,0,0,0,0,0,0,0,0,0,0,0,0,0,0,0,0,0,0,0,0,0,0,1
6843,NON-FINANCIAL CORPORATION,B,Retail/BBG Commercial,Real Estate Activities,UNSPECIFIED,12/29/2022,0,0,0,3829609.56,0,0,500464.43,0,769230.77,0,1,0,0,0,0,0,88,-302000,0,0,0,0,0.38,873.7,873.7,-0.03,0.07,-0.02,-0.02,0,0.06,0.25,0,-1,-0.04,0,0.02,1,1,0.03,0,-0.05,0.25,0,-0.5,-0.12,0,0.02,-1,0,0,0,0,0,0.25,-0.02,0,-1,0,1,0,0.1,0,0,-0.5,0,0.25,1,-0.25,-1,0,1,0,0,0,1,0,0,0,0,0,0,0,0,0,0,0,-1,0,0,0,0,0,0,0,0,0,0.19,0,0,0,0,0,0.5,-0.08,0,0.25,-0.5,0,0,0,0,0,0,0,1,-0.25,1,0,-0.5,0,0,-0.5,0,0,0,0,0,0,0,0,0,0,0,0,0,0,0,0,0,0,0,0,0,0,1,0,0,0,0,0,0,0,0,0,0,0,0,0,0,0,0,0,1
2602,NON-FINANCIAL CORPORATION,B,Retail/BBG Commercial,Human Health and Social Work Activities,UNSPECIFIED,12/29/2022,0,0,0,1514170.3,0,0,11983.75,0,1153846.15,0,1,2,0,0,17545.31,0,146,0,0,4,0,0,0.01,-0.05,-0.85,0.02,0.11,0.02,0.02,0,0.13,0.01,0,0,0.02,0.02,0.03,-0.5,0,0.02,-1,0.02,0.08,0,-1,0.26,0,0.02,0,0,0,0,0,-1,0,0.02,0,0,0,0,0,0,0,0,-1,0,0,0,0,0,0,-1,0,0,0,0,0,0,0,0,0,0,0,0,0,0,0,0,0,0.05,0,0,0,0,0.05,0,0,0.05,0,0,0,1,0,0,0.02,0,0,0,0,0,0,0,0,0,0,0,0,1,0,0.05,0,0,0,0,0,0,0,0,0,0,1,0,0,0,0,0,0,1,0,0,0,0,0,0,0,1,0,0,0,0,0,0,0,0,0,0,0,0,0,0,0,0,0,1
7118,NON-FINANCIAL CORPORATION,B,Retail/BBG Commercial,Education,UNSPECIFIED,12/29/2022,0,0,0,174866.82,0,0,78903.24,78082.38,384615.38,0,1,1,0,0,0,0,78,0,0.19,0,0,0,0.13,3055.16,1.52,0.01,0.96,0.08,0.08,1,0.3,0.11,-0.04,1,0.02,0.05,0.08,2,0,0.15,0,0.04,0.39,0,-0.49,0.39,0,0.05,0,0,0,0,0,0.13,0.02,0.01,0,0,0.33,0.57,0,0.02,0,0,-0.13,0,-0.22,0.57,0,-1,1,0,-1,0,0.08,1.14,0,-1,0,0,0,-1,-1,-1,-1,0,0,-1,-1,0.12,0,10,-1,0,0.18,0,-1,0,-1,0,0,0,-1,0,0.01,0,0.07,-1,0,0,0,0,0,0,0,2.33,0.02,1,0.17,-0.03,0,-1,-1,0,0,0,0,0,0,0,0,0,0,0,0,0,0,1,0,0,0,0,0,0,0,0,0,0,0,0,0,0,0,0,0,0,0,0,0,0,0,0,0,1
9741,NON-FINANCIAL CORPORATION,B,Retail/BBG Commercial,Other Service Activities,UNSPECIFIED,12/29/2022,0,0,0,192987.34,0,0,193009.9,111775.01,2307.69,0,1,0,0,53664,0,0,79,-1736561.02,19.83,0,0.2,0.19,-0.61,220.28,102.09,0.02,-0.63,0,-0.04,9,-0.61,0.28,0.22,9,-0.04,0.16,0.43,2,1,0.09,-0.33,-0.07,1.19,0,-0.98,-0.81,0.06,0.16,1.32,0,0,0,0,-0.65,0.28,-0.09,0,1,0.01,0.62,0,-0.7,0.1,1.03,-0.8,0,0.16,0.89,-0.73,-0.76,14,-0.21,0.25,0,0.2,0.29,-0.32,1.2,0,0.33,0,1.2,-0.38,67.57,-0.02,0,0,-0.15,0,-0.94,0,391198,0.15,0,-0.93,0,0.29,-0.96,685.46,0,0,0,0.5,-0.27,-0.21,0,0.23,0.8,0,0,0,0,0,0,0,0.8,-0.7,-0.59,0,-0.93,0,-0.2,0.17,0,0,0,0,0,0,0,-0.63,0,0,0,0,0,0,-0.59,0,0,0,0,0,0,0,-0.48,0,0,0,0,0,0,0,0,0,0,0,0,0,0,0,0,0,1
1825,NON-FINANCIAL CORPORATION,B,Retail/BBG Commercial,Other Service Activities,UNSPECIFIED,12/29/2022,1041493.22,1,1,7420684.54,0,1,328322.47,79444.44,384615.38,0,1,0,300000,600000,0,0,134,-152749.82,72.89,0,0,1.93,0.01,560.16,336.84,0,0.03,0,0,1,-0.01,0.02,1.87,1,0,0,0.02,3.5,2,0.01,-0.67,0,0.02,0,-0.94,0.01,0,0,7.8,0,0,13,0,27.12,-0.01,0,2,1.33,1.2,3.13,0,-0.01,0.58,7.76,-0.94,4,1.12,5.62,13.09,-0.89,0,3.5,0,0,0.76,1.14,1.3,0,0,1.33,-248382.22,0,0,0,0.51,0,0,2.75,0,5.19,0,0,-0.54,0,1730.65,0,0.88,2888.99,0,0,0,0,0,1.42,0,0,0.3,1.5,0,0,0,0,0,0,0,3,-0.01,3.5,0,0.81,0,0,-0.53,0,0,0,0,0,0,0,8,0,0,0,0,0,0,8,0,0,0,0,0,0,0,0.5,0,0,0,0,0,0,0,0,0,0,0,0,0,0,0,0,0,1
3600,NON-FINANCIAL CORPORATION,C,UNSPECIFIED,Financial and Insurance Activities,UNSPECIFIED,12/29/2022,0,0,0,2.68E+07,0,1,4644633.75,7777777.78,1.54E+07,0,1,0,18202.71,18202.71,0,-5.00E+07,43,-3084614.46,7.89,0,2.27,2.84,0.29,126.42,30.21,-0.03,0.44,0.07,0.04,-1,0.1,0.22,4.51,-1,-0.01,0.24,0.07,1,1,0.32,1,-0.03,2.04,0,-0.98,0.46,0.02,0.17,8.46,0,0,0,0,10.31,0.06,0,0,1,0.57,0.48,0,0.06,0.05,8.46,-0.92,0,-0.03,24.02,4.69,-0.92,0,1,0,0,0.06,0.23,-0.49,0,0,1,0,0,-0.99,0,-0.29,0,0,-0.27,0,-0.1,0,0,-0.33,0,-0.1,0,0.37,-1,0,0,0,0,0.23,1,-0.22,0,0.12,0.28,0,0,0,0,0,0,0,0.43,-0.56,3,0,-0.1,0,0,0,0,0,0,0,0,0,0,0.33,0,0,0,0,0,0,3,0,0,0,0,0,0,0,3,0,0,0,0,0,0,0,0,0,0,0,0,0,0,0,0,0,1
1271,NON-FINANCIAL CORPORATION,M,Banking Center,Real Estate Activities,UNSPECIFIED,12/29/2022,2.73E+08,1,1,2.64E+08,0,0,1.77E+08,0,7692307.69,0,1,0,0,267656.45,0,0,47,-3.02E+07,297.05,0,265.34,364.79,-0.42,1485.24,1485.24,-0.06,0.08,0,0,0,0.01,0,583.56,0,-0.05,-0.03,0,1,1,0.09,-0.5,-0.02,0.93,0,-1,-0.71,0.37,0.05,-1,0,0,0,0,0.01,-0.42,0,0,-1,0.3,0,0,-0.42,0.51,-1,-1,0,-0.5,2919.11,-0.5,-1,0,1,0,0,0.75,0,-1,0,0,-1,0,0,-1,0,-0.98,0,0,-0.98,-0.75,1.91,0,0,-1,0,1.67,0,-0.67,-1,0,0,0,0,-0.92,0.25,-0.1,0,-0.46,-0.67,0,0,0,0,0,0,0,5,-0.42,0,0,-1,0,0,-0.92,0,0,0,0,0,0,0,1,0,0,0,0,0,0,1,0,0,0,0,0,0,0,0,0,0,0,0,0,0,0,0,0,0,0,0,0,0,0,0,0,1
1847,FINANCIAL CORPORATION (BANK),M,Banking Center,Financial and Insurance Activities,UNSPECIFIED,12/29/2022,6674564.34,1,1,6695871.72,0,0,746209.76,0,384615.38,0,1,1,0,0,0,0,127,0,0,0,0,0,0,186.53,186.53,0,-1,0,0,0,0,0,0,0,0,0,0,1,0,0,-1,0,-1,0,-1,-1,0,0,0,0,0,0,0,186.53,0,0,0,0,0,-1,0,0,0,0,-1,0,0,-1,92.77,-1,0,0,0,0,0,-1,0,0,0,0,0,0,-1,0,-1,0,0,-1,-1,-1,0,0,0,0,-1,0,-1,-1,0,0,0,0,0,-0.5,0,0,0,-1,0,0,0,0,0,0,0,-1,-1,-1,0,-1,0,0,-1,0,0,0,0,0,0,0,-1,0,0,0,0,0,0,-1,0,0,0,0,0,0,0,-1,0,0,0,0,0,0,0,0,0,0,0,0,0,0,0,0,0,1
4733,NON-FINANCIAL CORPORATION,B,Retail/BBG Commercial,Real Estate Activities,UNSPECIFIED,12/29/2022,0,0,0,67200,0,0,9000,0,3846153.85,0,1,1,0,0,0,0,52,0,0,0,0,0,0.5,-1,-1,0,2,0.25,0.25,0,0.88,0.23,0,0,-0.03,0.12,0.25,-1,0,0.26,-1,0.02,0.48,0,-1,0,0,0.21,0,0,0,0,0,-1,0.23,0.2,0,0,0,0,0,0.22,0,0,-1,0,0,0,0,0,0,-1,0,0,0,0,0,0,0,0,0,0,0,0,-1,0,0,0,0,0,0,0,0,0,0,0,-1,0,0,0,0,0,0,0,-0.21,0,0,0,0,0,0,0,0,0,0,-1,0,0,0.08,0,0,0,0,0,0,0,0,0,0,0,0,0,0,0,0,0,0,0,0,0,0,0,0,0,0,0,0,0,0,0,0,0,0,0,0,0,0,0,0,0,0,0,0,1
5558,GOVERNMENT,C,Corp Bank,Public Administration and Defense; Compulsory Social Security Education,UNSPECIFIED,12/29/2022,0,0,0,10423.05,0,0,0,0,3.66E+10,0,1,1,0,0,0,0,134,0,0,1,0,0,0,6.47,-1,-0.1,0,0,0,0,-0.84,0,0,0,-0.16,0.16,0.25,0,0,0,0,-0.13,0.06,0,-1,-0.79,0,-0.15,0,0,0,0,0,0,0,-0.2,0,0,0,0,0,0,0,0,0,0,0,-1,0,-1,0,0,0,0,0,0,0,0,0,0,0,0,-1,0,-1,0,0,0,-1,-1,0,0,0,0,0,0,-1,0,0,0,0,0,0,0,-0.41,0,0,0,0,0,0,0,0,0,0,2,-0.06,-1,0,0,0,0,0,0,0,0,0,0,0,0,0,0,0,0,0,0,0,0,0,0,0,0,0,0,0,0,0,0,0,0,0,0,0,0,0,0,0,0,0,0,0,0,0,1
524,NON-FINANCIAL CORPORATION,B,UNSPECIFIED,Real Estate Activities,UNSPECIFIED,12/29/2022,0,0,0,67200,0,0,9000,0,3846153.85,0,1,1,0,0,0,0,52,0,0,0,0,0,0.5,-1,-1,0,2,0.25,0.25,0,0.88,0.23,0,0,-0.03,0.12,0.25,-1,0,0.26,-1,0.02,0.48,0,-1,0,0,0.21,0,0,0,0,0,-1,0.23,0.2,0,0,0,0,0,0.22,0,0,-1,0,0,0,0,0,0,-1,0,0,0,0,0,0,0,0,0,0,0,0,-1,0,0,0,0,0,0,0,0,0,0,0,-1,0,0,0,0,0,0,0,-0.21,0,0,0,0,0,0,0,0,0,0,-1,0,0,0.08,0,0,0,0,0,0,0,0,0,0,0,0,0,0,0,0,0,0,0,0,0,0,0,0,0,0,0,0,0,0,0,0,0,0,0,0,0,0,0,0,0,0,0,0,1
8821,NON-FINANCIAL CORPORATION,B,Retail/BBG Commercial,Other Service Activities,UNSPECIFIED,12/29/2022,0,0,0,766930.45,0,0,68154.61,0,76923.08,0,1,0,0,0,0,0,64,0,0,0,0,0,0.24,1648.52,1648.52,0.01,0.34,0.06,0.06,0,0.35,0.24,0,0,0.02,0.03,0.06,2,1,0.06,-1,0.03,0.24,0,-1,0.36,0,0.04,0,0,0,0,0,-1,0.24,0.05,0,0,0,0,0,0,0,0,-1,0,0,0,0,0,0,-1,0,0,0,0,0,0,0,0,0,-1,0,0,0,0,0,0,0,-0.96,0,100,0,0,-0.96,0,0,-0.96,-1,0,0,0,0,0,0,0,0,0,0,0,0,0,0,0,0,0,0,-0.5,0,-1,0,0,0,0,0,0,0,0,0,0,-0.5,0,0,0,0,0,0,-0.5,0,0,0,0,0,0,0,-0.67,0,0,0,0,0,0,0,0,0,0,0,0,0,0,0,0,0,1
3962,NON-FINANCIAL CORPORATION,W,Retail/BBG Commercial,Real Estate Activities,UNSPECIFIED,12/29/2022,0,0,0,1956685.87,0,0,57123.53,0,3846153.85,0,1,0,0,0,0,0,36,0,0,0,0,0,0.04,-1,-1,0.04,0.14,0.04,0.03,0,0.26,0.04,0,0,0.04,0.03,0.05,-1,1,0.03,0,0.03,0.06,0,-1,0.41,0,0.03,0,0,0,0,0,0,0,0.03,0,0,0,0,0,0,0,0,0,0,0,0,0,0,0,0,0,0,0,0,0,0,0,0,0,0,0,0,0,0,0,0,0,0,0,0,0,0,0,0,0,0,0,0,0,0,0,0,0.03,0,0,0,0,0,0,0,0,0,0,0,0,0,0,0,0,0,0,0,0,0,0,0,0,0,0,0,0,0,0,0,0,0,0,0,0,0,0,0,0,0,0,0,0,0,0,0,0,0,0,0,0,0,0,0,0,0,0,1
1862,SOLE PROPRIETORSHIP,UNSPECIFIED,Retail/BBG Commercial,UNSPECIFIED,UNSPECIFIED,12/31/2021,2094274.43,1,1,3206843.42,0,0,2096292.03,0,384615.38,0,1,0,0,0,0,0,52,0,0,0,0,0,0,-1,-1,4.57,0,0,0,0,0,0,0,0,6.29,0,50.3,-1,1,0,-1,0,0,0,-1,0,0,0,0,0,0,0,0,-1,0,0,0,0,0,-1,0,0,0,0,-1,0,0,-1,0,-1,1,-1,-1,0,0,-1,0,-1,0,0,0,-1,0,-1,0,0,0,0,0,0,0,100,-1,0,-1,0,0,0,-1,0,0,0,-1,0,0,0,0,0,0,0,0,0,0,0,0,-1,0,0,0,-1,0,-1,-1,0,0,0,0,0,0,0,0,0,0,0,0,0,0,-1,0,0,0,0,0,0,0,-1,0,0,0,0,0,0,0,0,0,0,0,0,0,0,0,0,0,1
9115,NON-FINANCIAL CORPORATION,UNSPECIFIED,Banking Center,Administrative and Support Service Activities,UNSPECIFIED,12/31/2021,0,0,0,3.77E+07,0,0,8.37E+07,3.26E+07,1153846.15,0,1,0,4839242.71,1.06E+07,0,-7.19E+07,26,-2.74E+07,0.27,0,0.16,0.27,0.81,0.94,0.94,0.12,1.36,0.31,0.31,0.54,1.24,0.61,0.32,2.06,0.05,0.26,0.38,0.48,2,0.39,0.03,0.06,1.47,0,-0.21,2.33,0,0.27,3.56,0,0,30,0,0.94,0.61,0.29,0,0.3,0.1,1.77,0,0.12,0.07,3.56,-0.21,3.5,0.72,1.77,0.37,-0.33,46,0.48,0,0,0.08,0.35,-0.02,0.13,0,0.3,-4368186.54,0.6,1.35,0.53,2.33,0,0,1.13,-0.39,3.18,0,543256.42,0.86,0,1.65,0,0.18,1.01,4.53,0,0,0,0.55,0.26,-0.18,0,0.25,0.11,0,0,0,0,38.44,0,0,0.47,-0.62,0.67,0,0.53,0,-0.22,0.15,0,0,0,0,0,0,0,-0.04,0,0,0,0,0,0,0.51,0,0,0,0,0,0,0,0.53,0,0,0,0,0,0,0,0,0,0,0,0,0,0,0,0,0,1
2319,NON-FINANCIAL CORPORATION,UNSPECIFIED,Retail/BBG Commercial,Construction,Active,12/31/2021,0,0,0,337097.51,0,0,550022.9,0,3522661.7,0,1,0,0,0,0,0,0,0,0,0,0,0,0,0,0,0,0,0,0,0,0,0,0,0,0,0,0,0,1,0,0,0,0,0,0,0,0,0,0,0,0,0,0,0,0,0,0,0,0,0,0,0,0,0,0,0,0,0,0,0,0,0,0,0,0,0,0,0,0,0,0,0,0,0,0,0,0,0,0,0,0,0,0,0,0,0,0,0,0,0,0,0,0,0,0,0,0,0,0,0,0,0,0,0,0,0,0,0,0,0,0,0,0,0,0,0,0,0,0,0,0,0,0,0,0,0,0,0,0,0,0,0,0,0,0,0,0,0,0,0,0,0,0,0,0,0,0,0,0,0,0,0,0,1
8745,PARTNERSHIP,UNSPECIFIED,Retail/BBG Commercial,"Professional, Scientific & Technical Activities",UNSPECIFIED,12/31/2021,0,0,0,710943.98,0,0,47.85,1111.11,7692.31,0,1,0,0,0,0,-3000000,66,0,0,0,0,0,-0.34,0,-1,0.34,-0.04,2.14,2.14,0,-0.07,-0.03,0,0,0.43,0.23,2.14,0,1,0.38,0,0.64,2.17,0,-1,0.71,0,0.23,0,0,0,0,0,0,-0.33,0,0,0,0,-0.16,0,-0.33,0,0,0,0,-0.58,-0.16,0,-0.99,0,0,0,0,0,1,0,0,0,0,0,0,0,0,-0.22,0,0,0,0,0,0,0,-1,0,0,0,0,0,0,0,0,0,0,0,0,0,0.25,0,0,0,0,0,0,0,0,1,-0.75,0,0,0,0,0,-0.5,0,0,0,0,0,0,0,0,0,0,0,0,0,0,0,0,0,0,0,0,0,0,0,0,0,0,0,0,0,0,0,0,0,0,0,0,0,0,0,0,1
3292,NON-FINANCIAL CORPORATION,UNSPECIFIED,Retail/BBG Commercial,Other Service Activities,UNSPECIFIED,12/31/2021,1004449.71,1,1,1513379.41,0,0,0,111111.11,1153846.15,0,1,4,0,0,0,0,123,0,0,0,0,0,0,-1,-1,27.41,-0.92,0.64,0.64,-1,0.06,0,0,-1,37.69,1.34,300.82,-1,0,0.36,0,0.13,2.79,0,-1,0.06,0,1.84,0,0,0,0,0,0,0,0,0,0,0,0,0,0,0,0,0,0,0,-1,0,-1,0,0,0,0,0,0,0,0,0,0,0,0,0,0,0,0,0,0,0,0,0,0,0,0,-1,0,0,0,0,0,0,0,0,0,0,0,0,0,0,0,0,0,0,0,0,-1,-0.98,0,0,0,0,0,0,0,0,0,0,0,0,0,0,0,0,0,0,0,0,-1,0,0,0,0,0,0,0,0,0,0,0,0,0,0,0,0,0,0,0,0,0,0,0,0,0,1
213,NON-FINANCIAL CORPORATION,UNSPECIFIED,UNSPECIFIED,UNSPECIFIED,UNSPECIFIED,12/31/2021,0,0,0,0,0,0,0,0,0,0,0,0,0,0,0,0,0,0,0,0,0,0,0,0,0,0,0,0,0,0,0,0,0,0,0,0,0,0,0,0,0,0,0,0,0,0,0,0,0,0,0,0,0,0,0,0,0,0,0,0,0,0,0,0,0,0,0,0,0,0,0,0,0,0,0,0,0,0,0,0,0,0,0,0,0,0,0,0,0,0,0,0,0,0,0,0,0,0,0,0,0,0,0,0,0,0,0,0,0,0,0,0,0,0,0,0,0,0,0,0,0,0,0,0,0,0,0,0,0,0,0,0,0,0,0,0,0,0,0,0,0,0,0,0,0,0,0,0,0,0,0,0,0,0,0,0,0,0,0,0,0,0,0,1
2886,NON-FINANCIAL CORPORATION,UNSPECIFIED,UNSPECIFIED,UNSPECIFIED,UNSPECIFIED,12/31/2021,0,0,0,0,0,0,0,0,0,0,0,0,0,0,0,0,0,0,0,0,0,0,0,0,0,0,0,0,0,0,0,0,0,0,0,0,0,0,0,0,0,0,0,0,0,0,0,0,0,0,0,0,0,0,0,0,0,0,0,0,0,0,0,0,0,0,0,0,0,0,0,0,0,0,0,0,0,0,0,0,0,0,0,0,0,0,0,0,0,0,0,0,0,0,0,0,0,0,0,0,0,0,0,0,0,0,0,0,0,0,0,0,0,0,0,0,0,0,0,0,0,0,0,0,0,0,0,0,0,0,0,0,0,0,0,0,0,0,0,0,0,0,0,0,0,0,0,0,0,0,0,0,0,0,0,0,0,0,0,0,0,0,0,1
1500,NON-FINANCIAL CORPORATION,UNSPECIFIED,UNSPECIFIED,UNSPECIFIED,UNSPECIFIED,12/31/2021,0,0,0,0,0,0,0,0,0,0,0,0,0,0,0,0,0,0,0,0,0,0,0,0,0,0,0,0,0,0,0,0,0,0,0,0,0,0,0,0,0,0,0,0,0,0,0,0,0,0,0,0,0,0,0,0,0,0,0,0,0,0,0,0,0,0,0,0,0,0,0,0,0,0,0,0,0,0,0,0,0,0,0,0,0,0,0,0,0,0,0,0,0,0,0,0,0,0,0,0,0,0,0,0,0,0,0,0,0,0,0,0,0,0,0,0,0,0,0,0,0,0,0,0,0,0,0,0,0,0,0,0,0,0,0,0,0,0,0,0,0,0,0,0,0,0,0,0,0,0,0,0,0,0,0,0,0,0,0,0,0,0,0,1
7939,NON-FINANCIAL CORPORATION,B,UNSPECIFIED,Human Health and Social Work Activities,UNSPECIFIED,2/29/2024,0,0,0,3591856.22,0,0,70842.46,179338.87,1923.08,0,1,0,0,0,0,0,106,-233600,0,0,0.96,1.22,0.01,26.25,14.55,0.04,0.02,0.06,0,0,0.13,0.01,-0.27,0,0.04,0.04,0.08,1,0,0,-0.5,0.02,0.02,0,-1,0.49,0.15,0.02,6.73,0,0,4,0,14.55,0,0,1,1.5,0,-0.48,1,0,-0.04,-1,-0.95,0,-0.5,1.24,6.8,-0.81,0,0,0,0,-0.16,0,-1,0,0,-1,-35750,0,-0.88,0,-0.81,0,0,-0.98,-0.67,-0.92,0,0,-0.75,0,1.32,0,-0.75,-0.15,0,0,0,0,-0.75,-0.25,0,0,-0.38,-0.83,0,0,0,0,0,0,0,1.67,-0.01,-0.83,0,-0.16,0,0,-0.75,0,0,0,0,0,0,0,-0.8,0,0,0,0,0,0,-0.5,0,0,0,0,0,0,0,-0.5,0,0,0,0,0,0,0,0,0,0,0,0,0,0,0,0,0,1
5040,NON-FINANCIAL CORPORATION,M,UNSPECIFIED,Construction,UNSPECIFIED,2/29/2024,0,0,0,7.13E+07,0,0,2.93E+07,2.00E+07,1153846.15,0,1,0,5100000,1.31E+07,0,0,99,-5.44E+07,0.52,2,0.17,0.24,0.29,2.09,2.09,0,0.2,0.03,0.03,0.71,0.47,0.21,0.22,0.71,0,0.01,0.03,0.58,3,0.04,-0.14,0.02,0.21,0,-0.73,0.06,0.02,0.05,2.07,0,0,59,0,2.09,0.06,0.02,0,0.33,0.05,1.12,0,0.06,0.04,1.4,-0.73,0.5,0.45,1.12,0.68,-0.43,0,0.17,0,0,0.03,0.07,-0.57,0,0,-0.08,-1.12E+08,0,0.31,0,1.24,0,-67340,0.17,-0.03,0.49,0,0,0.64,0,0.07,0,0.17,-0.33,0,317802.37,0,0,-0.09,0.01,0.01,0,-0.04,0.06,0,0,0,0,0,0,0,0.36,-0.1,0.09,0,-0.18,0,0,-0.15,0,0,1,0,0,0,0,-0.08,0,0,0,0,0,0,0,0,0,0,0,0,0,0,0,0,0,0,0,0,0,0,0,0,0,0,0,0,0,0,0,0,1
7357,NON-FINANCIAL CORPORATION,M,UNSPECIFIED,Manufacturing,UNSPECIFIED,2/29/2024,0,0,0,334619.96,0,0,683209.51,479627.33,120192.31,0,1,0,0,0,0,0,88,0,0.03,0,0.62,0.04,0.02,0.18,0.09,-0.03,0.15,0.06,0.06,1,0.22,0.02,0.03,1,-0.02,0.03,0.06,1,2,0.03,-0.67,0.03,0.08,0,-0.07,0.38,0.25,0.03,0,0,0,0,0,0.06,0,0.04,0,0,0.18,0.06,0,0,0.2,0,-0.07,0,0,0.19,0,-0.09,0,1,0,0,0.12,0,0,0,0,0,0,1.25,0.26,0,0.27,0,0,0.14,-0.14,0.27,0,1308239.92,-0.01,0,0.14,0,0.5,0.35,0.16,0,0,0,-0.25,0.17,0,0,-0.13,0,0,0,0,0,0,0,0,2.33,-0.02,-0.2,0,-0.01,0,0,-0.25,0,0,0,0,0,0,0,-0.5,0,0,0,0,0,0,0,0,0,0,0,0,0,0,-0.33,0,0,0,0,0,0,0,0,0,0,0,0,0,0,0,0,0,1
6126,SOLE PROPRIETORSHIP,B,UNSPECIFIED,Wholesale and Retail trade; Repair of Motor Vehicles and Motorcycles,Active,2/29/2024,0,0,0,5985834.84,0,0,6036692.82,45065.81,0,0,1,0,0,157000,0,0,12,-1893100,0.18,1,0.09,0.15,-0.06,0.78,0.78,0.26,0.07,0.23,0.04,2,1.9,-0.01,0.17,2,0.24,0.24,0.54,0.33,1,0.01,-0.13,0.12,0.06,0,-0.36,5.88,0,0.2,-1,0,0,0,0,0.63,-0.01,0.01,0,0,0.01,0.51,0,-0.06,-0.02,0,-0.06,0,0.28,0.69,0.29,-0.36,13,0.33,0.25,0,-0.05,0,0,0.25,0,0,0,0.25,0.89,0.63,1.18,0,-35900,0.64,-0.19,0.46,0,4.50E+07,0.57,0,0.55,0,-0.28,0.63,0.77,0,0,0,-0.07,0.1,0.01,0,-0.04,-0.32,0,0,0,0,0,0,0,0.38,-0.06,-0.42,0.08,0.53,0,-0.2,-0.07,0,0,0,0,0,0,0,-0.3,0,0,0,0,0,0,0,0,0,0,0,0,0,0,0.17,0,0,0,0,0,0,0,0,0,0,0,0,0,0,0,0,0,1
5145,NON-FINANCIAL CORPORATION,M,UNSPECIFIED,Human Health and Social Work Activities,UNSPECIFIED,2/29/2024,0,0,0,2997462.44,0,1,2224665.91,5375493.65,4.36E+07,0,1,1,2193333.33,5188422,0,0,312,-4.98E+07,13.88,0,3.29,1.98,-0.06,71.54,71.54,-0.1,-0.14,-0.16,-0.22,0,-0.76,0.08,2.72,1,-0.16,-0.02,0.13,4,1,-0.01,-0.6,-0.25,0.18,0,-0.99,-0.79,0.01,-0.03,68.59,0,0,5,0,-0.42,-0.12,-0.5,2,-0.88,0.31,0.09,0,-0.12,0.04,0,-0.55,2,-0.34,11.34,-0.48,-0.88,0,-0.5,0,0,0.13,0,0,-1,0,0,-1.62E+07,0.1,-0.52,0,-0.91,0,0,0.77,-0.98,-0.9,0,3422693.14,-0.75,0,-0.77,0,-0.98,0.21,127.49,0,0,0,-0.75,-0.55,-0.5,0,-0.38,-0.96,0,0,0,0,0,0,0,3,-0.32,-0.97,0,-0.74,0,0,-0.75,0,0,0,0,0,0,0,-0.97,0,0,0,0,0,0,-0.89,0,0,0,0,0,0,0,-0.8,0,0,0,0,0,0,0,0,0,0,0,0,0,0,0,0,0,1
8550,NON-FINANCIAL CORPORATION,B,Retail/BBG Commercial,Accommodation and Food Service Activities,UNSPECIFIED,2/29/2024,7750901.85,1,1,1.09E+07,0,1,6598138.85,222222.22,384615.38,0,1,0,0,0,0,0,77,-1554197.97,1.98,0,0.35,0.25,0.3,24.23,10.32,0.02,-0.76,0.11,0.03,0,-0.54,0.66,0.22,-1,0.03,0.42,0.14,0.17,1,-0.14,-0.36,0.03,0.66,0,-0.96,-0.11,0.05,0.38,1.37,0,0,2,0,0.32,0.66,-0.01,0,-0.67,-0.07,-0.06,0,-0.22,0.04,0,-0.73,0,-0.3,2.03,-0.21,-0.65,79,-0.05,0.07,0,0.08,0.07,0,0.12,0,0,-16114.7,0.12,-0.04,0.07,-0.61,0,-83670,-0.4,-0.24,1.06,0,6739896.78,-0.58,0,-0.71,0,-0.13,-0.31,0.9,2209623.79,0,0,-0.3,-0.2,-0.04,0,-0.14,-0.03,0,0,0,0,1.33,0,0,0.83,-0.69,-0.31,0,-0.65,0,-0.3,-0.35,0,0,1,0,0,0,0,-0.38,0,0,0,0,0,0,-0.38,0,0,0,0,0,0,0,-0.39,0,0,0,0,0,0,0,0,0,0,0,0,0,0,0,0,0,1
7287,NON-FINANCIAL CORPORATION,M,Banking Center,Transportation and Storage,UNSPECIFIED,2/29/2024,0,0,0,663445.69,0,0,86983.52,79454.62,384615.38,0,1,1,0,0,0,0,259,0,0.02,0,0.09,0.04,0.03,1.05,0.05,0,0.03,0,0,0,0.01,0.02,0.02,0,0,0,0,0.67,0,0.01,-0.4,0,0.02,0,-0.04,0.01,0.09,0,0,0,0,0,0,0.05,0.01,0,1,0,-0.04,0.05,0,0.01,0.03,0,0.02,0,0.04,0.05,0.04,-0.04,0,0,0,0,0.03,0.33,0,-1,0,0,0,-1,0.67,0,0.32,0,0,0.09,0,0.32,0,100,0.08,0,0.09,0,0,0.67,-1,0,0,0,0,-0.2,0,0,0.04,0,0,0,0,0,0,0,0,1.33,-0.02,-0.4,0,0.08,0,0,-0.25,0,0,0,0,0,0,0,-0.4,0,0,0,0,0,0,-0.4,0,0,0,0,0,0,0,-0.4,0,0,0,0,0,0,0,0,0,0,0,0,0,0,0,0,0,1
622,NON-FINANCIAL CORPORATION,B,UNSPECIFIED,Transportation and Storage,Active,2/29/2024,0,0,0,5.72E+07,0,0,2330253.93,974403.94,1153846.15,0,1,0,0,3.25E+07,0,0,21,-1.90E+07,0.1,0,0,0,0.02,4.12,3.25,0.16,0.22,0.16,0.07,0,0.93,0.02,0,0,0.16,0.19,0.25,6,2,0.04,-0.6,0.11,0.1,0,-0.98,4.62,0,0.09,2.33,0,0,0,0,-0.56,0.02,0.06,0,-0.5,0.1,-1,0,0,0,-1,-0.98,0,0,2.43,-0.77,-1,0,0,0,0,0,-1,-1,-1,0,-1,0,-1,-1,0,0,0,0,-1,-1,-0.99,0,1,-1,0,-1,0,0,-1,-1,0,0,0,-1,-0.3,0.06,0,0,-1,0,0,0,0,0,0,0,0,0,-0.67,0,-0.99,0,0,-1,0,0,0,0,0,0,0,-0.6,0,0,0,0,0,0,-0.71,0,0,0,0,0,0,0,-0.6,0,0,0,0,0,0,0,0,0,0,0,0,0,0,0,0,0,1
5604,FINANCIAL CORPORATION (BANK),UNSPECIFIED,UNSPECIFIED,UNSPECIFIED,UNSPECIFIED,2/29/2024,0,0,0,0,0,0,0,0,0,0,0,0,0,0,0,0,0,0,0,0,0,0,0,0,0,0,0,0,0,0,0,0,0,0,0,0,0,0,0,0,0,0,0,0,0,0,0,0,0,0,0,0,0,0,0,0,0,0,0,0,0,0,0,0,0,0,0,0,0,0,0,0,0,0,0,0,0,0,0,0,0,0,0,0,0,0,0,0,0,0,0,0,0,0,0,0,0,0,0,0,0,0,0,0,0,0,0,0,0,0,0,0,0,0,0,0,0,0,0,0,0,0,0,0,0,0,0,0,0,0,0,0,0,0,0,0,0,0,0,0,0,0,0,0,0,0,0,0,0,0,0,0,0,0,0,0,0,0,0,0,0,0,0,1
7700,PARTNERSHIP,UNSPECIFIED,UNSPECIFIED,UNSPECIFIED,UNSPECIFIED,2/29/2024,0,0,0,0,0,0,0,0,0,0,0,0,0,0,0,0,0,0,0,0,0,0,0,0,0,0,0,0,0,0,0,0,0,0,0,0,0,0,0,0,0,0,0,0,0,0,0,0,0,0,0,0,0,0,0,0,0,0,0,0,0,0,0,0,0,0,0,0,0,0,0,0,0,0,0,0,0,0,0,0,0,0,0,0,0,0,0,0,0,0,0,0,0,0,0,0,0,0,0,0,0,0,0,0,0,0,0,0,0,0,0,0,0,0,0,0,0,0,0,0,0,0,0,0,0,0,0,0,0,0,0,0,0,0,0,0,0,0,0,0,0,0,0,0,0,0,0,0,0,0,0,0,0,0,0,0,0,0,0,0,0,0,0,1
7261,NON-FINANCIAL CORPORATION,UNSPECIFIED,UNSPECIFIED,UNSPECIFIED,UNSPECIFIED,2/29/2024,0,0,0,0,0,0,0,0,0,0,0,0,0,0,0,0,0,0,0,0,0,0,0,0,0,0,0,0,0,0,0,0,0,0,0,0,0,0,0,0,0,0,0,0,0,0,0,0,0,0,0,0,0,0,0,0,0,0,0,0,0,0,0,0,0,0,0,0,0,0,0,0,0,0,0,0,0,0,0,0,0,0,0,0,0,0,0,0,0,0,0,0,0,0,0,0,0,0,0,0,0,0,0,0,0,0,0,0,0,0,0,0,0,0,0,0,0,0,0,0,0,0,0,0,0,0,0,0,0,0,0,0,0,0,0,0,0,0,0,0,0,0,0,0,0,0,0,0,0,0,0,0,0,0,0,0,0,0,0,0,0,0,0,1
2647,NON-FINANCIAL CORPORATION,UNSPECIFIED,UNSPECIFIED,UNSPECIFIED,UNSPECIFIED,2/29/2024,0,0,0,0,0,0,0,0,0,0,0,0,0,0,0,0,0,0,0,0,0,0,0,0,0,0,0,0,0,0,0,0,0,0,0,0,0,0,0,0,0,0,0,0,0,0,0,0,0,0,0,0,0,0,0,0,0,0,0,0,0,0,0,0,0,0,0,0,0,0,0,0,0,0,0,0,0,0,0,0,0,0,0,0,0,0,0,0,0,0,0,0,0,0,0,0,0,0,0,0,0,0,0,0,0,0,0,0,0,0,0,0,0,0,0,0,0,0,0,0,0,0,0,0,0,0,0,0,0,0,0,0,0,0,0,0,0,0,0,0,0,0,0,0,0,0,0,0,0,0,0,0,0,0,0,0,0,0,0,0,0,0,0,1
6672,NON-FINANCIAL CORPORATION,UNSPECIFIED,UNSPECIFIED,UNSPECIFIED,UNSPECIFIED,2/29/2024,0,0,0,0,0,0,0,0,0,0,0,0,0,0,0,0,0,0,0,0,0,0,0,0,0,0,0,0,0,0,0,0,0,0,0,0,0,0,0,0,0,0,0,0,0,0,0,0,0,0,0,0,0,0,0,0,0,0,0,0,0,0,0,0,0,0,0,0,0,0,0,0,0,0,0,0,0,0,0,0,0,0,0,0,0,0,0,0,0,0,0,0,0,0,0,0,0,0,0,0,0,0,0,0,0,0,0,0,0,0,0,0,0,0,0,0,0,0,0,0,0,0,0,0,0,0,0,0,0,0,0,0,0,0,0,0,0,0,0,0,0,0,0,0,0,0,0,0,0,0,0,0,0,0,0,0,0,0,0,0,0,0,0,1
9332,NON-FINANCIAL CORPORATION,UNSPECIFIED,UNSPECIFIED,UNSPECIFIED,UNSPECIFIED,2/29/2024,0,0,0,0,0,0,0,0,0,0,0,0,0,0,0,0,0,0,0,0,0,0,0,0,0,0,0,0,0,0,0,0,0,0,0,0,0,0,0,0,0,0,0,0,0,0,0,0,0,0,0,0,0,0,0,0,0,0,0,0,0,0,0,0,0,0,0,0,0,0,0,0,0,0,0,0,0,0,0,0,0,0,0,0,0,0,0,0,0,0,0,0,0,0,0,0,0,0,0,0,0,0,0,0,0,0,0,0,0,0,0,0,0,0,0,0,0,0,0,0,0,0,0,0,0,0,0,0,0,0,0,0,0,0,0,0,0,0,0,0,0,0,0,0,0,0,0,0,0,0,0,0,0,0,0,0,0,0,0,0,0,0,0,1
8504,NON-FINANCIAL CORPORATION,UNSPECIFIED,UNSPECIFIED,UNSPECIFIED,UNSPECIFIED,2/29/2024,0,0,0,0,0,0,0,0,0,0,0,0,0,0,0,0,0,0,0,0,0,0,0,0,0,0,0,0,0,0,0,0,0,0,0,0,0,0,0,0,0,0,0,0,0,0,0,0,0,0,0,0,0,0,0,0,0,0,0,0,0,0,0,0,0,0,0,0,0,0,0,0,0,0,0,0,0,0,0,0,0,0,0,0,0,0,0,0,0,0,0,0,0,0,0,0,0,0,0,0,0,0,0,0,0,0,0,0,0,0,0,0,0,0,0,0,0,0,0,0,0,0,0,0,0,0,0,0,0,0,0,0,0,0,0,0,0,0,0,0,0,0,0,0,0,0,0,0,0,0,0,0,0,0,0,0,0,0,0,0,0,0,0,1
5250,FINANCIAL CORPORATION (NON-BANK),UNSPECIFIED,UNSPECIFIED,UNSPECIFIED,UNSPECIFIED,2/29/2024,0,0,0,0,0,0,0,0,0,0,0,0,0,0,0,0,0,0,0,0,0,0,0,0,0,0,0,0,0,0,0,0,0,0,0,0,0,0,0,0,0,0,0,0,0,0,0,0,0,0,0,0,0,0,0,0,0,0,0,0,0,0,0,0,0,0,0,0,0,0,0,0,0,0,0,0,0,0,0,0,0,0,0,0,0,0,0,0,0,0,0,0,0,0,0,0,0,0,0,0,0,0,0,0,0,0,0,0,0,0,0,0,0,0,0,0,0,0,0,0,0,0,0,0,0,0,0,0,0,0,0,0,0,0,0,0,0,0,0,0,0,0,0,0,0,0,0,0,0,0,0,0,0,0,0,0,0,0,0,0,0,0,0,1
3893,NON-FINANCIAL CORPORATION,B,UNSPECIFIED,Other Service Activities,UNSPECIFIED,2/29/2024,4549054.25,1,1,1.15E+07,1,1,3773281.13,126305.56,384615.38,1,1,2,724000,2176000,0,0,188,-343787.62,1.33,3,1.06,1.46,0.06,6.43,6.43,0.02,0.12,0.03,0.03,1,0.3,0.06,2.17,1.5,0.02,0.03,0.03,0.41,1,0.02,-0.18,0.02,0.06,0,-0.53,0.39,0.01,0.03,2.25,0,0,0,0,6.43,0,0.01,1,4,0,10.88,0,0,0.01,0,0.6,2.5,5.29,10.88,3.52,-0.39,24,0.41,0.86,0,0,0.06,0,0.86,0,0,-97628.28,1,12.13,0.3,12.16,0,0,7.29,0,8.09,0,2813079.66,7.32,0,5.25,0,0.06,7.86,1.91,0,0,0,-0.11,0.11,0.01,0,-0.05,-0.06,0,0,0,0,0,0,0,0.2,-0.01,-0.08,0,10.9,0,-0.69,-0.16,0,0,0,0,0,0,0,-0.29,0,0,0,0,0,0,-0.24,0,0,0,0,0,0,0,0.16,0,0,0,0,0,0,0,0,0,0,0,0,0,0,0,0,0,1
3178,NON-FINANCIAL CORPORATION,B,UNSPECIFIED,Accommodation and Food Service Activities,Active,2/29/2024,0,0,0,2506563.03,0,0,945824.24,923516.88,384615.38,0,1,0,0,0,0,0,35,-323250,-0.02,0,0.05,0.08,0.15,0.99,0.17,0.06,0.27,0.11,0.05,0.5,0.75,0.13,0.03,2,0.08,0.08,0.11,1,2,0.05,-0.5,0.07,0.13,0,-0.32,1.26,0.02,0.07,1.48,0,0,3,0,0.17,0.02,0.04,0,0,-0.05,0.32,0,0.02,0.03,0,-0.32,0.5,0.05,0.32,-0.08,-0.21,4,-0.33,0,0,0.01,0.29,0,1,0,0,-1196356.53,2,0.36,-0.12,0.53,0,0,0.04,0.13,-0.28,0,517539,0.04,0,-0.16,0,0.13,-0.07,4.43,0,0,0,0.13,-0.42,0.04,0,0.08,0,0,0,0,0,0,0,0,0.29,0.01,-0.75,0,-0.21,0,-0.5,-0.13,0,0,0,0,0,0,0,-0.67,0,0,0,0,0,0,-0.6,0,0,0,0,0,0,0,-0.67,0,0,0,0,0,0,0,0,0,0,0,0,0,0,0,0,0,1
4229,NON-FINANCIAL CORPORATION,B,UNSPECIFIED,Accommodation and Food Service Activities,Active,2/29/2024,3044221.35,1,1,1.11E+07,0,1,3813979.82,0,769230.77,0,1,0,0,0,0,0,24,-1176812.44,0.07,0,0.53,0.71,0.18,0.78,0.67,0,-0.35,0,-0.06,0,-0.29,0.09,0.66,0,-0.02,-0.01,0.07,0.23,1,-0.04,-0.16,-0.05,0.32,0,-0.44,-0.33,0.03,-0.02,-0.61,0,0,0,0,-0.06,0.09,-0.07,0,-1,0.01,1.32,0,0.08,0.07,-1,-0.08,0,0.32,2.08,-0.07,-0.94,72,0.2,0.27,0,0.13,-0.01,-1,0.27,0,-1,0,0.41,-0.55,0.32,-0.17,0,0,-0.67,-0.54,-0.08,0,5309874.36,-0.26,0,0.02,0,-0.32,-0.21,1.1,0,0,0,-0.46,0.02,-0.07,0,-0.23,-0.27,0,0,0,0,0.22,0,0,0.91,-0.41,-0.09,0,-0.13,0,-0.21,-0.46,0,0,0,0,0,0,0,-0.14,0,0,0,0,0,0,0,0,0,0,0,0,0,0,0,0,0,0,0,0,0,0,0,0,0,0,0,0,0,0,0,0,1
8860,NON-FINANCIAL CORPORATION,B,UNSPECIFIED,Education,UNSPECIFIED,2/29/2024,1000000,1,1,1719159.43,0,0,1021529.67,214510.83,1538461.54,0,1,0,0,0,0,0,195,-15105,2.07,0,2.92,4.01,0.24,8.95,8.95,0,0.24,0.01,0.01,1,0.35,0.12,1.94,2,0,0.02,0.02,4,0,0.05,-0.8,0,0.12,0,-0.43,0.09,0.06,0.05,0,0,0,0,0,8.95,0.12,0,2,0,1.01,8.85,0,0.11,0.13,0,-0.43,0,4.27,8.85,4.26,-0.32,0,4,0,0,0.13,0.43,0,0,0,0,0,0,13.82,0,18.6,0,0,10.81,0.43,18.74,0,0,5.71,0,17.27,0,1,8.09,0,0,0,0,0.43,1.6,0,0,0.21,0.67,0,0,0,0,0,0,0,0.6,-0.08,0.67,0,4.65,0,0,0,0,0,0,0,0,0,0,0.25,0,0,0,0,0,0,0.67,0,0,0,0,0,0,0,0,0,0,0,0,0,0,0,0,0,0,0,0,0,0,0,0,0,1
5186,NON-FINANCIAL CORPORATION,B,Retail/BBG Commercial,Human Health and Social Work Activities,UNSPECIFIED,2/29/2024,0,0,0,367357.91,0,0,167566.41,133333.33,76923.08,0,1,0,0,0,0,0,42,0,0,0,1.51,0.1,-0.62,53430.98,2499.63,-0.07,0.07,-0.05,-0.05,-1,-0.75,-0.19,0.31,0,-0.06,0.24,0.2,0,1,0.16,-1,-0.12,1.31,0,-1,0.12,-0.05,-0.03,0,0,0,0,0,-1,-0.19,-0.14,0,0,0,2.33,0,-0.53,-0.02,0,-1,0,0.82,2.33,0,-0.68,0,-1,0,0,0.01,0,0,0,0,0,0,0,-0.12,0,-0.81,0,0,-0.06,-0.5,-1,0,0,0.05,0,-1,0,-0.17,-1,0,0,0,0,-0.17,0,-0.19,0,-0.08,0,0,0,0,0,0,0,0,0.2,-0.53,-1,0,-1,0,0,-0.17,0,0,0,0,0,0,0,-1,0,0,0,0,0,0,-1,0,0,0,0,0,0,0,-1,0,0,0,0,0,0,0,0,0,0,0,0,0,0,0,0,0,1
8075,NON-FINANCIAL CORPORATION,B,UNSPECIFIED,Other Service Activities,UNSPECIFIED,2/29/2024,0,0,0,4451410.15,0,0,50293.94,50000,3846.15,0,1,0,0,0,0,0,73,-300000,0,0,0,0,0.03,0.99,-0.99,0.01,0.03,0.01,0.01,0,0.09,0.03,0,-1,0.01,0.01,0.01,0,1,0.01,-1,0.01,0.03,0,-1,0.13,0,0.01,-1,0,0,0,0,-1,0,0,0,-1,0,0,0,0,0,0,-1,0,0,-1,0,-1,0,-1,0,0,0,0,0,-1,0,0,0,-1,-1,0,0,0,0,0,-1,-0.01,0,300000,0,0,168.5,0,0,-0.01,0,0,0,0,0,0,0,0,0,0,0,0,0,0,0,0,0,-1,-0.01,-0.5,0,169.1,0,0,0,0,0,0,0,0,0,0,-0.5,0,0,0,0,0,0,0,0,0,0,0,0,0,0,0,0,0,0,0,0,0,0,0,0,0,0,0,0,0,0,0,0,1
9039,NON-FINANCIAL CORPORATION,M,Banking Center,Real Estate Activities,UNSPECIFIED,2/29/2024,0,0,0,2.54E+07,0,1,0,0,769230.77,0,1,0,0,0,0,0,60,0,0,0,0,0,0,0,0,0,0,0,0,0,0,0,0,0,0,0,0,0,1,0,0,0,0,0,0,0,0,0,0,0,0,0,0,0,0,0,0,0,0,0,0,0,0,0,0,0,0,0,0,0,0,0,0,0,0,0,0,0,0,0,0,0,0,0,0,0,0,0,0,0,0,0,0,0,0,0,0,0,0,0,0,0,0,0,0,0,0,0,0,0,0,0,0,0,0,0,0,0,0,0,0,0,0,0,0,0,0,0,0,0,0,0,0,0,0,0,0,0,0,0,0,0,0,0,0,0,0,0,0,0,0,0,0,0,0,0,0,0,0,0,0,0,0,1
4780,NON-FINANCIAL CORPORATION,UNSPECIFIED,Retail/BBG Commercial,Administrative and Support Service Activities,UNSPECIFIED,7/30/2021,0,0,0,3859681.25,0,1,1.37E+07,1.03E+07,1153846.15,0,1,1,0,2130000,0,0,94,-2167604.83,0.14,0,0.08,0.01,2.95,0.88,0.88,0.11,0.1,0.09,0.06,0.17,0.91,2.4,0.05,0.83,0.13,0.48,0.32,0.78,1,0.31,-0.25,0.04,2.4,0,-0.22,7.89,0.05,0.27,4.22,0,0,46,0,0.26,2.4,0.05,0,1.5,0.08,0.1,0,0.16,0.11,4.22,-0.16,0.8,0.05,0.41,0.05,-0.15,1,0.22,-1,0,0.09,0.17,-0.28,-1,0,1.5,-5.09E+07,-1,0.41,-1,-0.01,0,0,0.2,0.08,0.06,0,38858,0.1,0,0.49,0,0.54,0.47,-1,0,0,0,0.1,-0.01,-0.07,0,0.05,0.16,0,0,0,0,0,0,1,0.79,-0.46,0.22,0,0.05,0,-1,-0.07,0,0,1,0,0,0,0,-0.35,0,0,0,0,0,0,0.22,0,0,0,0,0,0,0,-0.08,0,0,0,0,0,0,0,0,0,0,0,0,0,0,0,0,0,1
4848,NON-FINANCIAL CORPORATION,UNSPECIFIED,Retail/BBG Commercial,Wholesale and Retail trade; Repair of Motor Vehicles and Motorcycles,UNSPECIFIED,7/30/2021,0,0,0,1.03E+07,0,0,1993144.38,4303858.16,76923.08,0,1,0,0,0,0,0,38,-3.56E+07,5.97,0,0,0,-0.39,3653.86,30.67,0.24,0.18,0.31,0.03,5.5,0.21,0.16,0,5.5,0.13,0.5,0.77,6.5,1,0.18,-0.67,0.11,1.33,0,-0.84,5.83,0,0.12,-0.28,0,0,0,0,0.14,-0.47,0.03,0,-0.33,0.99,-0.92,0,-0.47,0,-0.92,-0.31,0,-0.96,-0.28,-0.08,-1,0,-0.25,0,0,0,-0.75,-1,-1,0,-0.75,0,-1,0,0,0,0,0,0,0,17.32,0,50000,-1,0,3.81,0,0,0,-1,0,0,0,-1,-0.46,0.03,0,-0.88,0,0,0,0,0,0,0,0,-0.33,-0.47,0,0,-0.21,0,0,-1,0,0,0,0,0,0,0,0,0,0,0,0,0,0,-0.5,0,0,0,0,0,0,0,-0.75,0,0,0,0,0,0,0,0,0,0,0,0,0,0,0,0,0,1
8411,NON-FINANCIAL CORPORATION,UNSPECIFIED,Retail/BBG Commercial,Wholesale and Retail trade; Repair of Motor Vehicles and Motorcycles,UNSPECIFIED,7/30/2021,0,0,0,74204.01,0,0,188000,0,384615.38,0,1,1,0,0,0,0,25,0,0,0,0,0,26.7,0,0,0.24,26.7,4.45,4.45,0,26.7,26.7,0,0,0.33,2.34,4.45,0,0,5.34,0,0.89,26.7,0,0,1.12,0,3.34,0,0,0,0,0,0,0,0,0,0,0,0,0,0,0,0,0,0,0,0,0,0,0,0,0,0,0,0,0,0,0,0,0,0,-1,0,0,0,0,0,-1,0,0,0,0,0,0,0,0,0,0,0,0,0,0,0,0,0,0,0,0,0,0,0,0,0,0,-1,0,0,0,0,0,0,0,0,0,0,0,0,0,0,0,0,0,0,0,0,0,0,0,0,0,0,0,0,0,0,0,0,0,0,0,0,0,0,0,0,0,0,0,0,0,0,0,1
8400,SOLE PROPRIETORSHIP,UNSPECIFIED,UNSPECIFIED,UNSPECIFIED,UNSPECIFIED,12/27/2024,0,0,0,0,0,0,0,0,0,0,0,0,0,0,0,0,0,0,0,0,0,0,0,0,0,0,0,0,0,0,0,0,0,0,0,0,0,0,0,0,0,0,0,0,0,0,0,0,0,0,0,0,0,0,0,0,0,0,0,0,0,0,0,0,0,0,0,0,0,0,0,0,0,0,0,0,0,0,0,0,0,0,0,0,0,0,0,0,0,0,0,0,0,0,0,0,0,0,0,0,0,0,0,0,0,0,0,0,0,0,0,0,0,0,0,0,0,0,0,0,0,0,0,0,0,0,0,0,0,0,0,0,0,0,0,0,0,0,0,0,0,0,0,0,0,0,0,0,0,0,0,0,0,0,0,0,0,0,0,0,0,0,0,0
6681,NON-FINANCIAL CORPORATION,B,UNSPECIFIED,Administrative and Support Service Activities,Active,12/27/2024,0,0,0,109759.01,0,0,7.3,0,0,0,0,0,0,0,0,0,12,-4000000,0,0,0,0,0,3.8,-1,0.17,-0.98,-0.05,-0.3,0,-0.97,0,0,-1,-0.06,0.11,1.48,0,1,-0.33,0,-0.23,0,0,-1,-0.86,0,-0.19,-1,0,0,0,0,0,0,-0.42,0,-1,0,0,0,0,0,0,0,-1,0,12.33,0,-1,0,0,0,0,0,0,0,0,0,0,-300000,0,0,0,0,0,0,-1,0,0,0,0,0,0,0,0,0,-1,0,0,0,0,0,0,-0.42,0,0,-1,0,0,0,0,0,0,0,3,-0.9,0,0,0,0,0,0,0,0,0,0,0,0,0,0,0,0,0,0,0,0,0,0,0,0,0,0,0,0,0,0,0,0,0,0,0,0,0,0,0,0,0,0,0,0,0,0,0
435,SOLE PROPRIETORSHIP,B,UNSPECIFIED,"Professional, Scientific & Technical Activities",Active,12/27/2024,0,0,0,1920.02,0,0,0,36368.25,115384.62,0,0,0,0,0,0,0,4,0,0,0,0,0,-0.93,-1,-1,0,0,-0.2,-0.2,-1,0,-0.74,0,-1,0,0,-0.2,-0.67,1,0,0,0,-0.53,0,-1,0,0,0,0,0,0,1,0,0,-0.74,-0.24,0,0,0,-0.69,0,-0.74,0,0,0,-0.33,0,0.27,0,-1,0,0,0,0.2,0,-0.5,0,-1,0,0,-185000,-1,0,0,0,0,0,0,0,0,0,5000,0,0,0,0,0,0,-1,0,0,0,0,0,-0.3,0,0,0,0,0,0,0,0,0,0,-0.5,-0.84,0,0,0,0,0,-0.5,0,0,0,0,0,0,0,0,0,0,0,0,0,0,0,0,0,0,0,0,0,0,0,0,0,0,0,0,0,0,0,0,0,0,0,0,0,0,0,0,0
7058,SOLE PROPRIETORSHIP,B,UNSPECIFIED,Other Service Activities,Active,12/27/2024,0,0,0,1.21E+07,0,0,3844266.05,372222.22,0,0,1,0,0,0,600629.57,-6009483.38,32,0,0.13,41,55.44,76.36,1.1,0.72,0.72,0.01,2.32,0.39,0.39,-0.5,0.65,0.68,41.44,-0.5,0.03,0.34,0.39,0.24,1,0.37,-0.41,0.1,0.99,0,-0.63,0.51,0.05,0.22,0,0,0,0,0,0.02,0.68,0.25,0,0,-0.04,0.01,0,0.25,0.1,0,-0.63,0,0,208.19,-0.3,-1,0,0.12,0,0,0.13,1,0,0,0,0,0,0,-1,0,0,0,0,0,-0.33,-0.21,0,0,0,0,0,0,0,-0.39,-0.75,0,0,0,0,-0.14,-0.09,0,0.25,0,0,0,0,0,0,0,0,1,-0.39,0.05,0,-0.62,0,0,-0.5,0,0,0,0,0,0,0,-0.04,0,0,0,0,0,0,-0.29,0,0,0,0,0,0,0,-0.33,0,0,0,0,0,0,0,0,0,0,0,0,0,0,0,0,0,0
1078,NON-FINANCIAL CORPORATION,B,UNSPECIFIED,Wholesale and Retail trade; Repair of Motor Vehicles and Motorcycles,UNSPECIFIED,12/27/2024,0,0,0,1393531.37,0,2,7267445.75,2939371.18,38461.54,0,1,1,3550000,1.36E+07,0,-5797510,95,-2459515.43,-0.05,0,0.3,0.41,0.01,1.59,0.53,-0.02,-0.38,-0.06,-0.06,0.5,-0.51,0.38,-0.05,1,-0.06,0.05,0.13,1.67,1,0.01,0,-0.1,0.53,0,-0.7,-0.28,0.13,-0.02,3.49,0,0,35,0,0.3,0.38,-0.07,0,0.8,0.03,0.12,0,-0.27,0.19,2.06,-0.51,0.5,0.02,0.36,-0.1,-0.64,4,0.3,0,0,0,0.48,-0.78,0,0,0.8,-1134527.74,2,0.2,0.98,0.24,0,0,-0.5,-0.23,-0.36,0,8818051,0.03,0,-0.67,0,0,-0.3,3.27,0,0,0,0.06,0.15,-0.17,0,0.1,-0.35,0,0,0,0,0,0,0,1.85,-0.61,0.44,0.08,-0.36,0,-0.5,-0.29,0,0,0,0,0,0,0,-0.07,0,0,0,0,0,0,-0.46,0,0,0,0,0,0,0,0.3,0,0,0,0,0,0,0,0,0,0,0,0,0,0,0,0,0,0
5829,NON-FINANCIAL CORPORATION,B,Retail/BBG Commercial,Manufacturing,UNSPECIFIED,12/27/2024,0,0,0,129310.25,0,0,0,0,3846153.85,0,1,0,0,0,0,0,89,0,0,0,0,0,0,-1,0,0,0,0,0,0,0,0,0,0,0,0,0,0,1,0,0,0,0,0,0,0,0,0,0,0,0,0,0,0,0,0,0,0,0,0,0,0,0,0,0,0,0,0,0,0,0,0,0,0,0,0,0,0,0,0,0,0,0,0,0,0,0,0,0,0,0,0,0,0,0,0,0,0,0,0,0,0,0,0,0,0,0,0,0,0,0,0,0,0,0,0,0,0,0,0,0,0,0,0,0,0,0,0,0,0,0,0,0,0,0,0,0,0,0,0,0,0,0,0,0,0,0,0,0,0,0,0,0,0,0,0,0,0,0,0,0,0,0,0
852,NON-FINANCIAL CORPORATION,B,Retail/BBG Commercial,Wholesale and Retail trade; Repair of Motor Vehicles and Motorcycles,Active,12/27/2024,0,0,0,96689.29,0,0,68522.3,98082.54,1076923.08,0,1,0,0,0,0,0,29,0,0,0,0,0,1.29,-0.16,-1,0.04,1.12,-0.07,-0.15,-1,-0.55,1.58,0,1,-0.05,0.47,0.4,0,1,0.53,0,-0.17,2.08,0,-1,1.98,0,0.21,0,0,0,0,0,-1,-0.11,-0.26,0,0,0,0.6,0,-0.11,0,0,-1,0,0.25,0.6,0,-1,0,0,0,0,0,1,0,0,0,0,0,0,0,0,0,0,0,-0.64,0,0,0,0,0.45,0,0,0,0,0,0,0,0,0,1,0,-0.26,0,0.5,0,0,0,0,0,0,0,0,1,-0.54,0,0.92,0,0,0,0,0,0,0,0,0,0,0,0,0,0,0,0,0,1.67,0,0,0,0,0,0,0,0,0,0,0,0,0,0,0,0,0,0,0,0,0,0,0,0,0,0,0
8514,SOLE PROPRIETORSHIP,B,UNSPECIFIED,Construction,Active,12/27/2024,0,0,0,947333.04,0,0,859471.64,0,0,0,1,0,0,0,0,0,1,-719000,0,0,0,0,0,-1,-1,0,0,0.04,0.04,0,0,0.08,0,0,0,0,0.04,-0.75,1,0,-0.75,0,0.08,0,-1,0,0,0,-0.88,0,0,0,0,-1,0,0.04,0,0,0,-0.76,0,0.08,0,-0.88,-1,0,0,-0.76,0,-0.76,3,-0.75,-1,0,0,0.33,-0.88,-1,0,0,0,-1,0,-1,0,0,-9074,0,0,0,0,35000,0,0,0,-9074,0,0,-1,0,-9074,0,0,0,0.04,0,0,0,0,0,0,0,0,0,1,0.33,0.08,0,0,0,0,-1,0.33,0,0,1,0,0,0,0,0,0,0,0,0,0,0,0,0,0,0,0,0,0,0,0,0,0,0,0,0,0,0,0,0,0,0,0,0,0,0,0,0,0
29,NON-FINANCIAL CORPORATION,UNSPECIFIED,UNSPECIFIED,UNSPECIFIED,UNSPECIFIED,12/27/2024,0,0,0,0,0,0,0,0,0,0,0,0,0,0,0,0,0,0,0,0,0,0,0,0,0,0,0,0,0,0,0,0,0,0,0,0,0,0,0,0,0,0,0,0,0,0,0,0,0,0,0,0,0,0,0,0,0,0,0,0,0,0,0,0,0,0,0,0,0,0,0,0,0,0,0,0,0,0,0,0,0,0,0,0,0,0,0,0,0,0,0,0,0,0,0,0,0,0,0,0,0,0,0,0,0,0,0,0,0,0,0,0,0,0,0,0,0,0,0,0,0,0,0,0,0,0,0,0,0,0,0,0,0,0,0,0,0,0,0,0,0,0,0,0,0,0,0,0,0,0,0,0,0,0,0,0,0,0,0,0,0,0,0,0
8696,NON-FINANCIAL CORPORATION,M,Banking Center,"Electricity, Gas, Steam and Air Conditioning supply",UNSPECIFIED,12/27/2024,0,0,0,-76.34,0,0,0,0,1153846.15,0,0,0,0,0,0,0,62,-108723,0,0,0,0,0,0.68,-1,-0.12,-1,-0.1,-0.24,0,-1,0,0,0,-0.17,0,0.04,0,0,0,0,-0.23,0.01,0,-1,-1,0,0,-1,0,0,0,0,0,0,-0.3,1,0,0,0,0,0,0,0,0,0,0,-1,0,-1,0,0,0,0,0,0,0,0,0,0,0,-1,0,0,-0.99,0,0,0,0,-1,0,24300,0,0,0,0,0,0,-1,0,0,0,0,0,-0.3,0,0,0,0,0,0,0,0,0,0,0,-1,-1,0.25,0,0,0,0,0,0,0,0,0,0,0,0,0,0,0,0,0,0,0,0,0,0,0,0,0,0,0,0,0,0,0,0,0,0,0,0,0,0,0,0,0,0,0,0,0
4238,SOLE PROPRIETORSHIP,UNSPECIFIED,UNSPECIFIED,UNSPECIFIED,UNSPECIFIED,12/27/2024,0,0,0,0,0,0,0,0,0,0,0,0,0,0,0,0,0,0,0,0,0,0,0,0,0,0,0,0,0,0,0,0,0,0,0,0,0,0,0,0,0,0,0,0,0,0,0,0,0,0,0,0,0,0,0,0,0,0,0,0,0,0,0,0,0,0,0,0,0,0,0,0,0,0,0,0,0,0,0,0,0,0,0,0,0,0,0,0,0,0,0,0,0,0,0,0,0,0,0,0,0,0,0,0,0,0,0,0,0,0,0,0,0,0,0,0,0,0,0,0,0,0,0,0,0,0,0,0,0,0,0,0,0,0,0,0,0,0,0,0,0,0,0,0,0,0,0,0,0,0,0,0,0,0,0,0,0,0,0,0,0,0,0,0
7623,NON-FINANCIAL CORPORATION,UNSPECIFIED,UNSPECIFIED,UNSPECIFIED,UNSPECIFIED,12/27/2024,0,0,0,0,0,0,0,0,0,0,0,0,0,0,0,0,0,0,0,0,0,0,0,0,0,0,0,0,0,0,0,0,0,0,0,0,0,0,0,0,0,0,0,0,0,0,0,0,0,0,0,0,0,0,0,0,0,0,0,0,0,0,0,0,0,0,0,0,0,0,0,0,0,0,0,0,0,0,0,0,0,0,0,0,0,0,0,0,0,0,0,0,0,0,0,0,0,0,0,0,0,0,0,0,0,0,0,0,0,0,0,0,0,0,0,0,0,0,0,0,0,0,0,0,0,0,0,0,0,0,0,0,0,0,0,0,0,0,0,0,0,0,0,0,0,0,0,0,0,0,0,0,0,0,0,0,0,0,0,0,0,0,0,0
170,NON-FINANCIAL CORPORATION,UNSPECIFIED,UNSPECIFIED,UNSPECIFIED,UNSPECIFIED,12/27/2024,0,0,0,0,0,0,0,0,0,0,0,0,0,0,0,0,0,0,0,0,0,0,0,0,0,0,0,0,0,0,0,0,0,0,0,0,0,0,0,0,0,0,0,0,0,0,0,0,0,0,0,0,0,0,0,0,0,0,0,0,0,0,0,0,0,0,0,0,0,0,0,0,0,0,0,0,0,0,0,0,0,0,0,0,0,0,0,0,0,0,0,0,0,0,0,0,0,0,0,0,0,0,0,0,0,0,0,0,0,0,0,0,0,0,0,0,0,0,0,0,0,0,0,0,0,0,0,0,0,0,0,0,0,0,0,0,0,0,0,0,0,0,0,0,0,0,0,0,0,0,0,0,0,0,0,0,0,0,0,0,0,0,0,0
4777,PARTNERSHIP,B,Retail/BBG Commercial,Transportation and Storage,Active,12/27/2024,0,0,0,325559.31,0,0,24.86,0,769230.77,0,1,0,0,0,0,0,41,0,0,0,0,0,0,-1,-1,0,0,0,0,0,0,0,0,0,0,0,0,-1,1,0,0,0,0,0,-1,0,0,0,0,0,0,0,0,0,0,0,0,0,0,0,0,0,0,0,0,0,0,0,0,0,1,0,0,0,0,0,0,0,0,0,0,-1,0,0,0,0,0,0,0,0,0,40,0,0,0,0,0,0,-1,0,0,0,0,0,0,0,0,0,0,0,0,0,0,0,0,0,0,0,0,0,0,0,0,0,0,0,0,0,0,0,0,0,0,0,0,0,0,0,0,0,0,0,0,0,0,0,0,0,0,0,0,0,0,0,0,0,0,0,0,0,0,0,0,0
2826,NON-FINANCIAL CORPORATION,M,Banking Center,Wholesale and Retail trade; Repair of Motor Vehicles and Motorcycles,UNSPECIFIED,12/27/2024,0,0,0,123613.37,0,0,0,0,1153846.15,0,0,0,0,0,0,0,68,0,0,0,0,0,0,0,0,0,0,0,0,0,0,0,0,0,0,0,0,0,0,0,0,0,0,0,0,0,0,0,0,0,0,0,0,0,0,0,0,0,0,0,0,0,0,0,0,0,0,0,0,0,0,0,0,0,0,0,0,0,0,0,0,0,0,0,0,0,0,0,0,0,0,0,0,0,0,0,0,0,0,0,0,0,0,0,0,0,0,0,0,0,0,0,0,0,0,0,0,0,0,0,0,0,0,0,0,0,0,0,0,0,0,0,0,0,0,0,0,0,0,0,0,0,0,0,0,0,0,0,0,0,0,0,0,0,0,0,0,0,0,0,0,0,0,0
9766,NON-FINANCIAL CORPORATION,B,Retail/BBG Commercial,Wholesale and Retail trade; Repair of Motor Vehicles and Motorcycles,UNSPECIFIED,12/27/2024,0,0,0,20810.75,0,0,0,0,769230.77,0,0,0,0,0,0,0,71,-430000,0,0,0,0,-0.09,-1,0,-0.23,-0.19,-0.03,-0.03,0,-0.92,-0.04,0,0,-0.28,-0.14,-0.03,-1,1,-0.04,0,-0.28,-0.04,0,0,-0.92,0,-0.19,-1,0,0,0,0,0,-0.05,-0.17,0,0,0,0,0,-0.05,0,0,0,0,0,0,0,0,0,0,0,0,0,0,0,0,0,0,0,0,-0.6,0,0,0,0,0,0,0,0,0,0,0,0,0,0,0,0,0,0,0,0,0,-0.58,0,0,0,0,0,0,0,0,0,0,0,-0.05,0,0,0,0,0,0,0,0,0,0,0,0,0,0,0,0,0,0,0,0,0,0,0,0,0,0,0,0,0,0,0,0,0,0,0,0,0,0,0,0,0,0,0,0,0,0,0
8731,NON-FINANCIAL CORPORATION,UNSPECIFIED,UNSPECIFIED,UNSPECIFIED,UNSPECIFIED,12/27/2024,0,0,0,0,0,0,0,0,0,0,0,0,0,0,0,0,0,0,0,0,0,0,0,0,0,0,0,0,0,0,0,0,0,0,0,0,0,0,0,0,0,0,0,0,0,0,0,0,0,0,0,0,0,0,0,0,0,0,0,0,0,0,0,0,0,0,0,0,0,0,0,0,0,0,0,0,0,0,0,0,0,0,0,0,0,0,0,0,0,0,0,0,0,0,0,0,0,0,0,0,0,0,0,0,0,0,0,0,0,0,0,0,0,0,0,0,0,0,0,0,0,0,0,0,0,0,0,0,0,0,0,0,0,0,0,0,0,0,0,0,0,0,0,0,0,0,0,0,0,0,0,0,0,0,0,0,0,0,0,0,0,0,0,0
1444,SOLE PROPRIETORSHIP,B,Retail/BBG Commercial,Wholesale and Retail trade; Repair of Motor Vehicles and Motorcycles,Active,12/27/2024,0,0,0,1135.51,0,0,0,0,0,0,0,0,0,0,0,0,8,0,0,0,0,0,-0.97,-1,0,0,-0.99,-0.03,-0.16,0,-0.98,-0.47,0,0,-0.06,0,0.07,-1,1,-0.43,0,-0.11,-0.2,0,0,0,0,-0.25,0,0,0,0,0,0,-0.47,-0.24,0,0,0,0,0,-0.94,0,0,0,0,0,0,0,0,0,0,0,0,0,0,0,0,0,0,0,-1,0,0,0,0,0,0,0,-1,0,5000,0,0,0,0,0,0,-1,0,0,0,0,0,-0.24,0,0,0,0,0,0,0,0,0,0,0,-0.94,-1,0,0,0,0,0,0,0,0,0,0,0,0,0,0,0,0,0,0,0,0,0,0,0,0,0,0,0,0,0,0,0,0,0,0,0,0,0,0,0,0,0,0,0,0,0,0
1887,NON-FINANCIAL CORPORATION,B,Retail/BBG Commercial,Manufacturing,UNSPECIFIED,12/27/2024,0,0,0,36348.03,0,0,20564.75,0,7692307.69,0,0,0,0,0,0,0,52,0,0,0,0,0,-1,8.54,-1,0.02,-1,0.05,-0.22,0,-1,-0.63,0,-1,-0.03,0.07,0.45,-1,1,-0.29,-1,-0.13,0.19,0,-1,-1,0,-0.27,0,0,0,2,0,-1,-0.63,-0.26,0,0,0,-0.28,0,-1,0,0,-1,0,-0.64,-0.28,0,-1,0,-1,0,0,0,0,0,0,0,0,-228780,-1,-1,0,-1,0,0,0,-1,-1,0,8500,-1,0,-1,0,-1,0,0.32,0,0,0,-1,0,-0.26,0,-0.5,0,0,0,0,0,0,0,0,2,-1,-1,0,-1,0,0,-1,0,0,0,0,0,0,0,0,0,0,0,0,0,0,-1,0,0,0,0,0,0,0,-1,0,0,0,0,0,0,0,0,0,0,0,0,0,0,0,0,0,0
1723,SOLE PROPRIETORSHIP,B,Retail/BBG Commercial,Wholesale and Retail trade; Repair of Motor Vehicles and Motorcycles,Active,12/27/2024,0,0,0,10453.35,0,0,0,0,0,0,0,0,0,0,0,0,6,0,0,0,0,0,-0.28,-1,0,0,-0.42,0.06,-0.02,0,0,-0.13,0,0,0,0,0.21,-1,0,-0.1,0,0,0,0,0,0,0,0,0,0,0,0,0,0,-0.13,-0.03,0,0,0,6,1,-0.17,0,0,0,0,3,6,0,0,0,0,0,0,0,1,0,0,0,0,0,-1,0,0,0,0,0,0,0,0,0,15000,6,0,0,0,0,0,-1,0,0,0,1,0,-0.03,0,0.5,0,0,0,0,0,0.43,0,0,1,-0.17,0,0,0,0,0,0,0,0,0,0,0,0,0,0,0,0,0,0,0,0,0,0,0,0,0,0,0,0,0,0,0,0,0,0,0,0,0,0,0,0,0,0,0,0,0,0,0
7096,NON-FINANCIAL CORPORATION,UNSPECIFIED,UNSPECIFIED,UNSPECIFIED,UNSPECIFIED,12/27/2024,0,0,0,0,0,0,0,0,0,0,0,0,0,0,0,0,0,0,0,0,0,0,0,0,0,0,0,0,0,0,0,0,0,0,0,0,0,0,0,0,0,0,0,0,0,0,0,0,0,0,0,0,0,0,0,0,0,0,0,0,0,0,0,0,0,0,0,0,0,0,0,0,0,0,0,0,0,0,0,0,0,0,0,0,0,0,0,0,0,0,0,0,0,0,0,0,0,0,0,0,0,0,0,0,0,0,0,0,0,0,0,0,0,0,0,0,0,0,0,0,0,0,0,0,0,0,0,0,0,0,0,0,0,0,0,0,0,0,0,0,0,0,0,0,0,0,0,0,0,0,0,0,0,0,0,0,0,0,0,0,0,0,0,0
2655,NON-FINANCIAL CORPORATION,C,UNSPECIFIED,Wholesale and Retail trade; Repair of Motor Vehicles and Motorcycles,Active,12/27/2024,0,0,0,254630.65,0,0,332874.72,10000,0,0,1,0,0,0,0,0,4,0,0,0,0,0,11.48,0.5,0.5,0,0,1.98,1.98,-1,0,5.93,0,-1,0,0,1.98,0,1,0,0,0,5.93,0,-1,0,0,0,0,0,0,0,0,0.5,0.8,0.24,0,0,0,0,0,0.8,0,0,0.5,0,0,0,0,0,0,0,0,0,0,0,0,0,0,0,0,0,0,0,0,0,0,0,0,0,0,0,0,0,0,0,0,0,0,0,0,0,0,0,0.04,0,0,0,0,0,0,0,0,0,0,0,0,0,0,0,0,0,0,0,0,0,0,0,0,0,0,0,0,0,0,0,0,0,0,0,0,0,0,0,0,0,0,0,0,0,0,0,0,0,0,0,0,0,0,0,0,0,0,0
4369,SOLE PROPRIETORSHIP,B,UNSPECIFIED,Manufacturing,UNSPECIFIED,12/27/2024,0,0,0,1436.59,0,0,16288.33,0,38461.54,0,0,0,0,0,0,-459050,46,0,-0.08,0,0,0.92,1.32,1.47,1.47,-0.23,-0.81,-0.16,-0.55,0,-0.99,0.66,0.11,0,-0.29,0.05,-0.02,0.67,0,0.35,0,-0.4,1.13,0,-0.86,-1,0,0.1,0,0.5,0,0,0,1.47,0.4,-0.82,1,0,-0.23,1.42,1,0.4,2,0,-0.15,-1,0.63,1.42,0.66,-0.94,3,0,0,0,-0.26,0,0,0,0,0,-225000,0.5,-0.98,1.47,-0.63,0,0,-0.91,0,-0.87,0,929733,1.04,0,-0.92,0,2,-0.98,1.47,0,0,0,-0.25,0,-0.82,0,-0.13,-0.88,0,0,0,0,0,0,0,17,-0.98,-0.67,0,1.08,0,0,-0.25,0,0,0,0,0,0,0,-0.83,0,0,0,0,0,0,-0.83,0,0,0,0,0,0,0,0,0,0,0,0,0,0,0,0,0,0,0,0,0,0,0,0,0,0
8551,SOLE PROPRIETORSHIP,B,Retail/BBG Commercial,UNSPECIFIED,UNSPECIFIED,12/27/2024,0,0,0,1760.75,0,0,0,0,384615.38,0,0,1,0,0,0,0,100,0,0,0,0,0,-0.78,-1,0,-0.24,-0.82,-0.25,-0.25,0,-0.99,-0.13,0,0,-0.38,-0.35,0.3,-1,0,-0.21,0,-0.45,0,0,0,-1,0,-0.34,0,0,0,0,0,0,-0.13,-0.46,1,0,0,6,0,-0.75,0,0,0,0,3,6,0,0,0,0,0,0,0,1,0,0,0,0,0,0,-0.91,0,-0.93,0,0,0,1,0,0,0,6,0,0,0,0,0,0,0,0,0,1,0,-0.55,0,0.5,0,0,0,0,0,0,0,0,2,-0.75,0,1,0,0,0,0,0,0,0,0,0,0,0,0,0,0,0,0,0,0.33,0,0,0,0,0,0,0,0,0,0,0,0,0,0,0,0,0,0,0,0,0,0,0,0,0,0,0
9113,SOLE PROPRIETORSHIP,B,Retail/BBG Commercial,Wholesale and Retail trade; Repair of Motor Vehicles and Motorcycles,Active,12/27/2024,0,0,0,97860.47,0,0,13000.97,0,0,0,1,0,0,0,0,0,42,0,0,0,0.05,0.01,0.1,0,0,0.02,0.08,0.02,0.02,0,0.11,0.07,0.01,0,0.02,0.02,0.05,1,0,0.02,0,0.01,0.07,0,0,0.2,0.04,0.01,0,0,0,0,0,0,0.07,0.02,1,0,0.3,0.18,1,0.03,0.01,0,0,0,0.01,0.18,0,-0.15,3,1,0,0,0.01,0.25,0,0,0,0,0,0,0.46,0,0.02,0,0,0,0.25,0,0,117000,0,0,0,0,0,0,0,0,0,0,0,0.5,0,0,0.03,0,0,0,0,0,0,0,0,0.5,-0.03,1,0,0,0,0,-0.2,0,0,0,0,0,0,0,1,0,0,0,0,0,0,1,0,0,0,0,0,0,0,1,0,0,0,0,0,0,0,0,0,0,0,0,0,0,0,0,0,0
6175,SOLE PROPRIETORSHIP,UNSPECIFIED,UNSPECIFIED,UNSPECIFIED,UNSPECIFIED,12/27/2024,0,0,0,0,0,0,0,0,0,0,0,0,0,0,0,0,0,0,0,0,0,0,0,0,0,0,0,0,0,0,0,0,0,0,0,0,0,0,0,0,0,0,0,0,0,0,0,0,0,0,0,0,0,0,0,0,0,0,0,0,0,0,0,0,0,0,0,0,0,0,0,0,0,0,0,0,0,0,0,0,0,0,0,0,0,0,0,0,0,0,0,0,0,0,0,0,0,0,0,0,0,0,0,0,0,0,0,0,0,0,0,0,0,0,0,0,0,0,0,0,0,0,0,0,0,0,0,0,0,0,0,0,0,0,0,0,0,0,0,0,0,0,0,0,0,0,0,0,0,0,0,0,0,0,0,0,0,0,0,0,0,0,0,0
3263,FINANCIAL CORPORATION (NON-BANK),M,Banking Center,Financial and Insurance Activities,UNSPECIFIED,12/27/2024,0,0,0,5932065.68,0,0,104663.65,84607.84,192307.69,0,1,0,0,0,0,0,52,-530893.54,1.72,0,0.31,0.04,0,13.95,5.72,0.02,0.03,0.01,0,2,0.04,0,-0.02,2,0.01,0,0.07,1.8,1,0.01,-0.17,0,0.02,0,-0.86,0.03,0.02,0,0.51,0,0,0,0,5.72,0,0,0,0.25,0.54,-0.07,0,0,-0.01,-0.07,-0.86,0,-0.13,0.43,2.43,-0.25,3,1.8,-1,0,-0.03,0.25,-0.18,0,0,0.25,0,1,0.19,-1,0.07,0,0,-0.19,0,3.49,0,22290,-0.24,0,2.6,0,-0.2,-0.85,1,0,0,0,0,0.82,0,0,0.03,-0.2,0,0,0,0,0,0,0,0.25,0,2.5,0,-0.05,0,-1,-0.2,0,0,0,0,0,0,0,0.27,0,0,0,0,0,0,2.5,0,0,0,0,0,0,0,1.33,0,0,0,0,0,0,0,0,0,0,0,0,0,0,0,0,0,0
9074,NON-FINANCIAL CORPORATION,UNSPECIFIED,UNSPECIFIED,UNSPECIFIED,UNSPECIFIED,12/27/2024,0,0,0,0,0,0,0,0,0,0,0,0,0,0,0,0,0,0,0,0,0,0,0,0,0,0,0,0,0,0,0,0,0,0,0,0,0,0,0,0,0,0,0,0,0,0,0,0,0,0,0,0,0,0,0,0,0,0,0,0,0,0,0,0,0,0,0,0,0,0,0,0,0,0,0,0,0,0,0,0,0,0,0,0,0,0,0,0,0,0,0,0,0,0,0,0,0,0,0,0,0,0,0,0,0,0,0,0,0,0,0,0,0,0,0,0,0,0,0,0,0,0,0,0,0,0,0,0,0,0,0,0,0,0,0,0,0,0,0,0,0,0,0,0,0,0,0,0,0,0,0,0,0,0,0,0,0,0,0,0,0,0,0,0
8800,SOLE PROPRIETORSHIP,UNSPECIFIED,UNSPECIFIED,UNSPECIFIED,UNSPECIFIED,12/27/2024,0,0,0,0,0,0,0,0,0,0,0,0,0,0,0,0,0,0,0,0,0,0,0,0,0,0,0,0,0,0,0,0,0,0,0,0,0,0,0,0,0,0,0,0,0,0,0,0,0,0,0,0,0,0,0,0,0,0,0,0,0,0,0,0,0,0,0,0,0,0,0,0,0,0,0,0,0,0,0,0,0,0,0,0,0,0,0,0,0,0,0,0,0,0,0,0,0,0,0,0,0,0,0,0,0,0,0,0,0,0,0,0,0,0,0,0,0,0,0,0,0,0,0,0,0,0,0,0,0,0,0,0,0,0,0,0,0,0,0,0,0,0,0,0,0,0,0,0,0,0,0,0,0,0,0,0,0,0,0,0,0,0,0,0
3269,SOLE PROPRIETORSHIP,UNSPECIFIED,UNSPECIFIED,UNSPECIFIED,UNSPECIFIED,12/27/2024,0,0,0,0,0,0,0,0,0,0,0,0,0,0,0,0,0,0,0,0,0,0,0,0,0,0,0,0,0,0,0,0,0,0,0,0,0,0,0,0,0,0,0,0,0,0,0,0,0,0,0,0,0,0,0,0,0,0,0,0,0,0,0,0,0,0,0,0,0,0,0,0,0,0,0,0,0,0,0,0,0,0,0,0,0,0,0,0,0,0,0,0,0,0,0,0,0,0,0,0,0,0,0,0,0,0,0,0,0,0,0,0,0,0,0,0,0,0,0,0,0,0,0,0,0,0,0,0,0,0,0,0,0,0,0,0,0,0,0,0,0,0,0,0,0,0,0,0,0,0,0,0,0,0,0,0,0,0,0,0,0,0,0,0
5743,NON-FINANCIAL CORPORATION,B,UNSPECIFIED,Wholesale and Retail trade; Repair of Motor Vehicles and Motorcycles,UNSPECIFIED,12/27/2024,0,0,0,178302.08,0,0,86702.64,53888.39,192307.69,0,1,0,0,0,0,0,86,0,611.3,0,0,0,0.01,3057.69,3057.69,0.05,0.76,0.14,0.09,0,0.69,0.06,0,1,0.06,0.07,0.14,0,1,0.16,0,0.1,0.71,0,-1,0.69,0,0.09,0,0,0,0,0,0.57,-0.04,0.08,0,0,-0.1,0,0,-0.04,0,0,-1,0,-0.46,0,-0.22,-1,0,0,0,0,0,0,0,0,0,0,0,0,-0.83,0,-0.82,0,0,-0.79,0,-1,0,0,-0.92,0,-1,0,-0.83,-1,0,0,0,0,-0.5,0,0.08,0,-0.25,-0.5,0,0,0,0,0,0,0,5,-0.17,-0.5,0,-1,0,0,-0.5,0,0,0,0,0,0,0,0,0,0,0,0,0,0,-0.5,0,0,0,0,0,0,0,0,0,0,0,0,0,0,0,0,0,0,0,0,0,0,0,0,0,0
7405,SOLE PROPRIETORSHIP,UNSPECIFIED,UNSPECIFIED,UNSPECIFIED,UNSPECIFIED,12/27/2024,0,0,0,0,0,0,0,0,0,0,0,0,0,0,0,0,0,0,0,0,0,0,0,0,0,0,0,0,0,0,0,0,0,0,0,0,0,0,0,0,0,0,0,0,0,0,0,0,0,0,0,0,0,0,0,0,0,0,0,0,0,0,0,0,0,0,0,0,0,0,0,0,0,0,0,0,0,0,0,0,0,0,0,0,0,0,0,0,0,0,0,0,0,0,0,0,0,0,0,0,0,0,0,0,0,0,0,0,0,0,0,0,0,0,0,0,0,0,0,0,0,0,0,0,0,0,0,0,0,0,0,0,0,0,0,0,0,0,0,0,0,0,0,0,0,0,0,0,0,0,0,0,0,0,0,0,0,0,0,0,0,0,0,0
3042,SOLE PROPRIETORSHIP,B,Retail/BBG Commercial,Wholesale and Retail trade; Repair of Motor Vehicles and Motorcycles,UNSPECIFIED,12/27/2024,0,0,0,904.78,0,0,10333.33,0,0,0,0,0,0,0,0,-4000,2,0,0,0,0,0,-0.95,-0.76,-0.76,0,0,-0.31,-0.31,0,0,-0.78,0,0,0,0,-0.31,0,0,0,-1,0,-0.78,0,-1,0,0,0,0,1,0,0,0,-0.76,-0.79,-0.4,1,0,0,-0.46,1,-0.79,0,0,-1,0,-0.73,-0.46,-0.88,-1,2,0,0,0,0,3,0,0,0,0,0,0,0,-0.76,0,0,0,0,0,0,0,31000,-1,0,0,0,0,0,-0.76,0,0,0,0,-0.5,-0.4,0,1.13,0,0,0,0,0,0,0,0,3,-0.79,0,0.33,-1,0,-1,-0.75,0,0,0,0,0,0,0,0,0,0,0,0,0,0.33,0,0,0,0,0,0,0,0,-1,0,0,0,0,0,0,0,0,0,0,0,0,0,0,0,0,0,0
4813,NON-FINANCIAL CORPORATION,UNSPECIFIED,UNSPECIFIED,UNSPECIFIED,UNSPECIFIED,12/27/2024,0,0,0,0,0,0,0,0,0,0,0,0,0,0,0,0,0,0,0,0,0,0,0,0,0,0,0,0,0,0,0,0,0,0,0,0,0,0,0,0,0,0,0,0,0,0,0,0,0,0,0,0,0,0,0,0,0,0,0,0,0,0,0,0,0,0,0,0,0,0,0,0,0,0,0,0,0,0,0,0,0,0,0,0,0,0,0,0,0,0,0,0,0,0,0,0,0,0,0,0,0,0,0,0,0,0,0,0,0,0,0,0,0,0,0,0,0,0,0,0,0,0,0,0,0,0,0,0,0,0,0,0,0,0,0,0,0,0,0,0,0,0,0,0,0,0,0,0,0,0,0,0,0,0,0,0,0,0,0,0,0,0,0,0
9089,SOLE PROPRIETORSHIP,B,UNSPECIFIED,Human Health and Social Work Activities,Active,12/27/2024,0,0,0,88546.01,0,0,13953.21,0,0,0,1,0,0,0,0,0,16,0,-0.07,0,0,0,0.31,3.48,1.08,0.28,0.32,0.16,0.09,0,-0.02,0.2,0,0,0.11,0.22,0.9,1.67,1,0.12,-0.5,0.03,0.64,0,-0.68,3.04,0,0.07,0,0,0,0,0,-0.42,0.2,-0.07,0,0,0.15,0,0,0.09,0,0,-0.55,0,0,-1,-0.49,-1,0,0.25,0,0,0,0,0,0,0,0,0,0,-1,0,0,0,0,0,-1,-0.91,0,0,0,0,-0.79,0,0,-0.75,-1,0,0,0,0,-0.13,-0.07,0,0,0,0,0,0,0,0,0,0,0,-0.44,-0.55,0.17,-0.74,0,0,0,0,0,0,0,0,0,0,-0.44,0,0,0,0,0,0,-0.44,0,0,0,0,0,0,0,-0.38,0,0,0,0,0,0,0,0,0,0,0,0,0,0,0,0,0,0
5859,SOLE PROPRIETORSHIP,B,UNSPECIFIED,UNSPECIFIED,UNSPECIFIED,12/27/2024,0,0,0,86097.57,0,0,841347.31,300052.35,76923.08,0,1,0,0,0,243353.82,0,107,0,0.04,2,0.12,0.15,-0.51,1.1,0.64,0.02,-0.45,0.09,-0.03,1,-0.17,-0.24,0.04,2,0.03,-0.01,0.09,0.17,0,-0.09,0,0.02,0.25,0,-0.4,-0.35,0.01,0.01,0,0,0,0,0,0.64,-0.35,-0.04,1,0,0,0.67,1,-0.35,0,0,-0.02,0,0.3,0.67,0.31,-0.38,10,0,0.33,0,-0.07,0,0,0.33,0,0,0,3,0.84,3.01,0.66,0,0,-0.07,-0.14,0.65,0,3196325,0.57,0,-0.06,0,-0.14,0.87,3.01,0,0,0,-0.14,0,-0.04,0,-0.07,-0.33,0,0,0,0,0,0,0,0.4,-0.35,-0.25,0.17,0.6,0,-0.25,-0.14,0,0,0,0,0,0,0,0.2,0,0,0,0,0,0,0,0,0,0,0,0,0,0,0,0,0,0,0,0,0,0,0,0,0,0,0,0,0,0,0,0,0
5772,NON-FINANCIAL CORPORATION,B,Retail/BBG Commercial,"Agriculture, Forestry and Fishing",UNSPECIFIED,12/27/2024,0,0,0,28332.2,0,0,1.93,5555.56,7692307.69,0,0,0,0,0,0,0,36,0,0,0,0,0,-1,-0.96,-1,-0.06,-1,0,-0.17,0,-1,-1,0,0,-0.06,0,0.02,0,1,0,0,-0.09,0.08,0,-1,-1,0,0,0,0,0,0,0,0,-1,-0.21,0,0,0,-1,0,-1,0,0,0,0,0,89.91,0,-1,0,0,0,0,0,-1,0,-1,0,0,0,-1,-1,0,-1,0,0,-1,-1,-1,0,50000,-1,0,0,0,-1,-1,-1,0,0,0,-1,0,-0.21,0,0,-1,0,0,0,0,0,0,0,1,-1,0,0.42,0,0,0,-1,0,0,0,0,0,0,0,0,0,0,0,0,0,0.33,0,0,0,0,0,0,0,0,0,0,0,0,0,0,0,0,0,0,0,0,0,0,0,0,0,0,0
8697,SOLE PROPRIETORSHIP,UNSPECIFIED,UNSPECIFIED,UNSPECIFIED,UNSPECIFIED,12/27/2024,0,0,0,0,0,0,0,0,0,0,0,0,0,0,0,0,0,0,0,0,0,0,0,0,0,0,0,0,0,0,0,0,0,0,0,0,0,0,0,0,0,0,0,0,0,0,0,0,0,0,0,0,0,0,0,0,0,0,0,0,0,0,0,0,0,0,0,0,0,0,0,0,0,0,0,0,0,0,0,0,0,0,0,0,0,0,0,0,0,0,0,0,0,0,0,0,0,0,0,0,0,0,0,0,0,0,0,0,0,0,0,0,0,0,0,0,0,0,0,0,0,0,0,0,0,0,0,0,0,0,0,0,0,0,0,0,0,0,0,0,0,0,0,0,0,0,0,0,0,0,0,0,0,0,0,0,0,0,0,0,0,0,0,0
1267,NON-FINANCIAL CORPORATION,UNSPECIFIED,UNSPECIFIED,UNSPECIFIED,UNSPECIFIED,12/27/2024,0,0,0,0,0,0,0,0,0,0,0,0,0,0,0,0,0,0,0,0,0,0,0,0,0,0,0,0,0,0,0,0,0,0,0,0,0,0,0,0,0,0,0,0,0,0,0,0,0,0,0,0,0,0,0,0,0,0,0,0,0,0,0,0,0,0,0,0,0,0,0,0,0,0,0,0,0,0,0,0,0,0,0,0,0,0,0,0,0,0,0,0,0,0,0,0,0,0,0,0,0,0,0,0,0,0,0,0,0,0,0,0,0,0,0,0,0,0,0,0,0,0,0,0,0,0,0,0,0,0,0,0,0,0,0,0,0,0,0,0,0,0,0,0,0,0,0,0,0,0,0,0,0,0,0,0,0,0,0,0,0,0,0,0
9259,SOLE PROPRIETORSHIP,B,UNSPECIFIED,Wholesale and Retail trade; Repair of Motor Vehicles and Motorcycles,Active,12/27/2024,0,0,0,0,0,0,0,0,0,0,0,0,0,0,0,0,3,0,0,0,0,0,0,-1,-1,0,0,-0.25,-0.25,0,0,0,0,0,0,0,-0.25,-1,1,0,0,0,-1,0,-1,0,0,0,0,0,0,0,0,0,0,-0.33,0,0,0,0,0,0,0,0,0,0,0,-1,0,-1,0,0,0,0,0,0,0,-1,0,0,0,-1,0,0,0,0,0,0,0,0,0,5000,0,0,0,0,0,0,-1,0,0,0,0,0,-0.5,0,0,0,0,0,0,0,0.5,0,0,-1,-1,0,0,0,0,0,0,0,0,0,0,0,0,0,0,0,0,0,0,0,0,0,0,0,0,0,0,0,0,0,0,0,0,0,0,0,0,0,0,0,0,0,0,0,0,0,0,0
4570,NON-FINANCIAL CORPORATION,C,UNSPECIFIED,Manufacturing,UNSPECIFIED,12/27/2024,0,0,0,796338.47,0,0,52.35,0,76923.08,0,0,0,0,0,0,0,47,0,0,0,0,0,0,-0.94,-0.94,-0.05,0,0,0,0,0,0,0,0,0,0,0.03,0,0,0,-1,0,0,0,-1,0,0,0,0,0,0,0,0,-1,0,0,0,0,0,0,0,0,0,0,-1,0,0,0,0,0,0,-1,0,0,0,0,0,-1,0,0,0,-1,0,0,0,0,0,0,0,-1,0,10,0,0,-1,0,0,-1,-1,0,0,0,0,0,0,0,0,0,0,0,0,0,0,0,0,0,0,-1,0,-1,0,0,0,0,0,0,0,0,0,0,-1,0,0,0,0,0,0,-1,0,0,0,0,0,0,0,-1,0,0,0,0,0,0,0,0,0,0,0,0,0,0,0,0,0,0
1853,SOLE PROPRIETORSHIP,B,UNSPECIFIED,Wholesale and Retail trade; Repair of Motor Vehicles and Motorcycles,Active,12/27/2024,0,0,0,13360.06,0,0,24000,0,38461.54,0,1,0,0,0,0,0,1,0,0,0,0,0,0,-0.8,-0.8,0,0,-0.37,-0.37,0,0,-0.75,0,0,0,0,-0.37,1,1,0,1,0,-0.75,0,-0.8,0,0,0,0,2.5,0,0,0,-0.8,0,-0.37,0,0,0,0.81,0,-0.75,0,0,-0.8,0,0,0.81,0,0.81,3,1,1,0.5,0,2,0,1,0,0,0,1,0,-0.8,0,0,0,0,0,0,0,48000,0,0,0,0,0,0,-0.8,0,0,0,0,0,-0.37,0,0,0,0,0,0,0,0,0,0,2,-0.75,0,0.5,0,0,1,2,0,0,0,0,0,0,0,0,0,0,0,0,0,0.5,0,0,0,0,0,0,0,0,0,0,0,0,0,0,0,0,0,0,0,0,0,0,0,0,0,0,0
1236,NON-FINANCIAL CORPORATION,B,UNSPECIFIED,Construction,Active,12/27/2024,0,0,0,29054.95,0,0,4509.68,3714.29,0,0,1,0,0,0,0,0,6,0,0,0,0,0,0.35,-1,-1,0,0.41,18.89,6.63,-1,0,0.35,0,-1,0,0,18.89,-1,1,0.08,0,5.35,0.35,0,-1,0,0,0,0,0,0,0,0,0,0,0.96,0,0,0,0,0,0,0,0,0,0,0,0,0,0,0,0,0,0,0,0,0,0,0,0,0,0,0,0,0,0,0,0,0,0,0,0,0,0,0,0,0,0,0,0,0,0,0,0,0.08,0,0,0,0,0,0,0,0,0,0,0,0,0,0,0,0,0,0,0,0,0,0,0,1,0,0,0,0,0,0,0,0,0,0,0,0,0,0,0,0,0,0,0,0,0,0,0,0,0,0,0,0,0,0,0,0,0,0,0
280,FINANCIAL CORPORATION (NON-BANK),M,Banking Center,Financial and Insurance Activities,UNSPECIFIED,12/27/2024,0,0,0,31267.9,0,0,0,0,0,0,0,0,0,0,0,0,92,0,0,0,0,0,0,0,0,0.01,0,0,0,0,0,0,0,0,0.01,0,0.03,0,0,0,0,0,0,0,0,0,0,0,0,0,0,0,0,0,0,0,0,0,0,0,0,0,0,0,0,0,0,0,0,0,0,0,0,0,0,0,0,0,0,0,0,0,0,0,0,0,0,0,0,0,0,0,0,0,0,0,0,0,0,0,0,0,0,0,0,0,0,0,0,0,0,0,0,0,0,0,0,0,0,0,0,0,0,0,0,0,0,0,0,0,0,0,0,0,0,0,0,0,0,0,0,0,0,0,0,0,0,0,0,0,0,0,0,0,0,0,0,0,0,0,0,0,0,0
6002,NON-FINANCIAL CORPORATION,UNSPECIFIED,UNSPECIFIED,UNSPECIFIED,UNSPECIFIED,12/27/2024,0,0,0,0,0,0,0,0,0,0,0,0,0,0,0,0,0,0,0,0,0,0,0,0,0,0,0,0,0,0,0,0,0,0,0,0,0,0,0,0,0,0,0,0,0,0,0,0,0,0,0,0,0,0,0,0,0,0,0,0,0,0,0,0,0,0,0,0,0,0,0,0,0,0,0,0,0,0,0,0,0,0,0,0,0,0,0,0,0,0,0,0,0,0,0,0,0,0,0,0,0,0,0,0,0,0,0,0,0,0,0,0,0,0,0,0,0,0,0,0,0,0,0,0,0,0,0,0,0,0,0,0,0,0,0,0,0,0,0,0,0,0,0,0,0,0,0,0,0,0,0,0,0,0,0,0,0,0,0,0,0,0,0,0
6799,NON-FINANCIAL CORPORATION,UNSPECIFIED,UNSPECIFIED,UNSPECIFIED,UNSPECIFIED,12/27/2024,0,0,0,0,0,0,0,0,0,0,0,0,0,0,0,0,0,0,0,0,0,0,0,0,0,0,0,0,0,0,0,0,0,0,0,0,0,0,0,0,0,0,0,0,0,0,0,0,0,0,0,0,0,0,0,0,0,0,0,0,0,0,0,0,0,0,0,0,0,0,0,0,0,0,0,0,0,0,0,0,0,0,0,0,0,0,0,0,0,0,0,0,0,0,0,0,0,0,0,0,0,0,0,0,0,0,0,0,0,0,0,0,0,0,0,0,0,0,0,0,0,0,0,0,0,0,0,0,0,0,0,0,0,0,0,0,0,0,0,0,0,0,0,0,0,0,0,0,0,0,0,0,0,0,0,0,0,0,0,0,0,0,0,0
2344,SOLE PROPRIETORSHIP,B,Retail/BBG Commercial,Wholesale and Retail trade; Repair of Motor Vehicles and Motorcycles,UNSPECIFIED,12/27/2024,0,0,0,-323.81,0,0,2873.33,0,0,0,0,0,0,0,0,0,5,0,8.57,0,0,0,-3.04,43.72,43.72,0,-1.07,0.4,-0.18,0,0,0.72,9.33,0,0,0,0.4,1,1,-0.42,-0.5,-0.07,0.8,0,-0.96,0,0,0,0,6.5,0,0,0,1.97,-2.18,-0.21,0,0,0.05,0.15,0,-2.18,0,0,-0.9,0,-0.29,46.5,0.54,-0.92,0,-0.5,0,0.33,2.41,-0.33,0,-1,0,0,0,-1,0,0,0,0,0,2.22,0,0,0,30000,-0.69,0,-0.98,0,0,0,-1,0,0,0,-0.71,-0.5,-0.24,0,-0.45,1,0,0,0,0,0,0,0,12,-2.18,0,0,-0.7,0,0,-0.57,0,0,0,0,0,0,0,0,0,0,0,0,0,0,-0.75,0,0,0,0,0,0,0,-0.75,0,0,0,0,0,0,0,0,0,0,0,0,0,0,0,0,0,0
9386,NON-FINANCIAL CORPORATION,UNSPECIFIED,UNSPECIFIED,UNSPECIFIED,UNSPECIFIED,12/27/2024,0,0,0,0,0,0,0,0,0,0,0,0,0,0,0,0,0,0,0,0,0,0,0,0,0,0,0,0,0,0,0,0,0,0,0,0,0,0,0,0,0,0,0,0,0,0,0,0,0,0,0,0,0,0,0,0,0,0,0,0,0,0,0,0,0,0,0,0,0,0,0,0,0,0,0,0,0,0,0,0,0,0,0,0,0,0,0,0,0,0,0,0,0,0,0,0,0,0,0,0,0,0,0,0,0,0,0,0,0,0,0,0,0,0,0,0,0,0,0,0,0,0,0,0,0,0,0,0,0,0,0,0,0,0,0,0,0,0,0,0,0,0,0,0,0,0,0,0,0,0,0,0,0,0,0,0,0,0,0,0,0,0,0,0
1694,NON-FINANCIAL CORPORATION,B,Retail/BBG Commercial,Wholesale and Retail trade; Repair of Motor Vehicles and Motorcycles,Active,12/27/2024,0,0,0,50000,0,0,0,0,2692307.69,0,0,0,0,0,0,0,3,0,0,0,0,0,0,-1,-1,0,0,0.28,0.07,0,0,0,0,0,0,0,0.28,-1,0,0,0,0,0.55,0,-1,0,0,0,0,0,0,0,0,0,0,0.03,0,0,0,0,0,0,0,0,0,0,0,0,0,0,0,0,0,0,0,0,0,0,0,0,0,0,0,0,0,0,0,0,0,0,0,0,0,0,0,0,0,0,0,0,0,0,0,0,0.03,0,0,0,0,0,0,0,0,0,0,0,0,0,0,0,0,0,0,0,0,0,0,0,0,0,0,0,0,0,0,0,0,0,0,0,0,0,0,0,0,0,0,0,0,0,0,0,0,0,0,0,0,0,0,0,0,0,0,0
5598,SOLE PROPRIETORSHIP,UNSPECIFIED,UNSPECIFIED,UNSPECIFIED,UNSPECIFIED,12/27/2024,0,0,0,0,0,0,0,0,0,0,0,0,0,0,0,0,0,0,0,0,0,0,0,0,0,0,0,0,0,0,0,0,0,0,0,0,0,0,0,0,0,0,0,0,0,0,0,0,0,0,0,0,0,0,0,0,0,0,0,0,0,0,0,0,0,0,0,0,0,0,0,0,0,0,0,0,0,0,0,0,0,0,0,0,0,0,0,0,0,0,0,0,0,0,0,0,0,0,0,0,0,0,0,0,0,0,0,0,0,0,0,0,0,0,0,0,0,0,0,0,0,0,0,0,0,0,0,0,0,0,0,0,0,0,0,0,0,0,0,0,0,0,0,0,0,0,0,0,0,0,0,0,0,0,0,0,0,0,0,0,0,0,0,0
4731,NON-FINANCIAL CORPORATION,B,UNSPECIFIED,Accommodation and Food Service Activities,Active,12/27/2024,0,0,0,17809.98,0,0,67377,0,0,0,1,0,0,0,0,0,5,0,0,0,0,0,0.49,0.61,0.61,0,0.66,0.69,0.1,0,0,1.08,0,0,0,0,0.69,1.25,1,0.31,-0.78,0.14,1.38,0,-1,0,0,0,0,0,0,3,0,0.61,1.08,0,0,0,0,0.39,0,-0.29,0,0,-0.72,1,-0.21,19999,-0.05,-0.82,6,1.25,4,0,0,2,0,4,0,0,-237000,4,0,2.48,0,0,0,0,0,0,0,113183,-0.74,0,0.2,0,0,0,2.48,0,0,0,3,0.24,-0.08,0,1.17,0,0,0,0,0,0.67,0,0,2,-0.32,0,0,-0.55,0,-1,0.33,0,0,0,0,0,0,0,0,0,0,0,0,0,0,1,0,0,0,0,0,0,0,-0.5,0,0,0,0,0,0,0,0,0,0,0,0,0,0,0,0,0,0
6081,SOLE PROPRIETORSHIP,UNSPECIFIED,UNSPECIFIED,UNSPECIFIED,UNSPECIFIED,12/27/2024,0,0,0,0,0,0,0,0,0,0,0,0,0,0,0,0,0,0,0,0,0,0,0,0,0,0,0,0,0,0,0,0,0,0,0,0,0,0,0,0,0,0,0,0,0,0,0,0,0,0,0,0,0,0,0,0,0,0,0,0,0,0,0,0,0,0,0,0,0,0,0,0,0,0,0,0,0,0,0,0,0,0,0,0,0,0,0,0,0,0,0,0,0,0,0,0,0,0,0,0,0,0,0,0,0,0,0,0,0,0,0,0,0,0,0,0,0,0,0,0,0,0,0,0,0,0,0,0,0,0,0,0,0,0,0,0,0,0,0,0,0,0,0,0,0,0,0,0,0,0,0,0,0,0,0,0,0,0,0,0,0,0,0,0
1638,NON-FINANCIAL CORPORATION,B,UNSPECIFIED,Wholesale and Retail trade; Repair of Motor Vehicles and Motorcycles,Active,12/27/2024,0,0,0,395260.72,0,0,959020.41,10666.67,38461.54,0,1,0,0,2140000,0,0,42,0,0.09,0,0.29,-0.06,1.56,4.22,1.19,-0.05,1.77,0.25,0.25,0,0.49,1.09,0.05,0,-0.07,0.07,0.25,0.83,1,0.32,-0.56,-0.03,1.09,0,-0.83,0.07,0.13,0.13,0,0,0,0,0,0.63,1.09,0.1,0,0,0.11,0.53,0,0.23,0.07,0,-0.83,0,-0.16,1.29,-0.1,-0.86,15,0.8,0.6,0,0.18,1.14,0,0.8,0,0,0,2,-0.97,0.62,-0.97,0,0,-0.85,-0.92,-0.95,0,1.85E+07,-0.78,0,-0.77,0,-0.86,-0.96,3.73,0,0,0,-0.71,0.12,-0.19,0,0.14,-0.71,0,0,0,0,0,0,0,1.8,-0.29,-0.56,0,-0.73,0,-0.75,-0.87,0,0,0,0,0,0,0,-0.71,0,0,0,0,0,0,-0.33,0,0,0,0,0,0,0,-0.2,0,0,0,0,0,0,0,0,0,0,0,0,0,0,0,0,0,0
4745,NON-FINANCIAL CORPORATION,B,UNSPECIFIED,Wholesale and Retail trade; Repair of Motor Vehicles and Motorcycles,UNSPECIFIED,12/27/2024,0,0,0,1654728.13,0,1,1269803.33,667260.55,384615.38,0,1,1,71250,138750,0,-3190000,142,-1698865.29,0.01,0,0.12,0.1,-0.42,3.02,0.68,-0.01,-0.39,0.01,0.01,1,-0.38,-0.03,0.16,1,-0.03,-0.03,0.06,1.4,1,-0.07,-0.33,-0.03,0.31,0,-0.53,-0.45,0.03,-0.04,31.2,0,0,17,0,-0.3,-0.03,-0.06,2,0.17,0.14,0.46,0,-0.39,-0.01,0.16,-0.53,1,0.02,0.85,-0.41,-0.42,0,0,0,0,0,0.29,-0.16,-1,0,0.17,-2355430.46,-1,-0.33,0,-0.19,0,-912237.41,0.38,-0.27,-0.66,0,50000,-0.16,0,-0.32,-392746.34,-0.25,-0.78,29.16,0,-444040.82,0,0,-0.17,-0.08,0,0.03,-0.1,0,0,0,0,0,0,0,0.57,-0.39,-0.38,1.67,-0.67,0,0,-0.22,0,0,0,0,0,0,0,-0.64,0,0,0,0,0,1.67,0,0,0,0,0,0,0,0,-0.33,0,0,0,0,0,0,0,0,0,0,0,0,0,0,0,0,0,0
8080,SOLE PROPRIETORSHIP,B,Retail/BBG Commercial,Wholesale and Retail trade; Repair of Motor Vehicles and Motorcycles,Active,12/27/2024,0,0,0,141.92,0,0,18236.79,0,0,0,0,0,0,0,0,0,9,-22500,1.92,0,0,1.53,-4.79,9.78,9.78,0,-0.27,0.34,0.19,0,0.44,-0.77,2.42,0,0.11,0,1.09,0.33,0,-3.83,0,0.08,0.32,0,-0.99,0,0,-1.58,-1,7.2,0,0,0,9.78,-0.77,-0.17,1,-1,-0.18,9.65,1,-17.57,0.24,0,-0.99,-1,4.33,9.65,4.39,-0.99,3,0,0,1,0.57,3,0,1,0,0,-17500,1,0,481.63,-0.81,0,0,-0.57,0,-0.82,0,133210.36,-0.9,0,-0.85,0,-0.64,0,481.63,0,0,0,0.33,0,-0.17,0,1.17,0.14,0,0,0,0,0,0,0,3,-17.57,-0.8,0.1,-0.89,0,0,-0.67,0,0,0,0,0,0,0,0,0,0,0,0,0,0.33,-0.67,0,0,0,0,0,0,0,0,0,0,0,0,0,0,0,0,0,0,0,0,0,0,0,0,0,0
4926,SOLE PROPRIETORSHIP,UNSPECIFIED,UNSPECIFIED,UNSPECIFIED,UNSPECIFIED,12/27/2024,0,0,0,0,0,0,0,0,0,0,0,0,0,0,0,0,0,0,0,0,0,0,0,0,0,0,0,0,0,0,0,0,0,0,0,0,0,0,0,0,0,0,0,0,0,0,0,0,0,0,0,0,0,0,0,0,0,0,0,0,0,0,0,0,0,0,0,0,0,0,0,0,0,0,0,0,0,0,0,0,0,0,0,0,0,0,0,0,0,0,0,0,0,0,0,0,0,0,0,0,0,0,0,0,0,0,0,0,0,0,0,0,0,0,0,0,0,0,0,0,0,0,0,0,0,0,0,0,0,0,0,0,0,0,0,0,0,0,0,0,0,0,0,0,0,0,0,0,0,0,0,0,0,0,0,0,0,0,0,0,0,0,0,0
7146,SOLE PROPRIETORSHIP,B,Retail/BBG Commercial,Other Service Activities,UNSPECIFIED,12/27/2024,0,0,0,289413.91,0,0,298346.88,94444.44,76923.08,0,1,0,0,0,0,0,62,-442308.44,3.68,0,0,1.21,8.94,17.89,17.89,0.28,11.28,2.06,2.06,-1,12.18,11.27,2.02,-1,0.34,1.04,2.06,3,1,2.26,0,0.55,11.27,0,-1,12.32,0,1.43,110.46,4.75,0,0,0,17.89,11.27,0.54,0,2,0.4,8.25,0,-0.19,0.05,110.46,-1,0,3.69,8.25,8.44,-0.87,0,0,0,0,0.06,0.43,-0.99,0,0,2,0,0,0,0,-0.27,0,0,0.45,0,-1,0,0,0.23,0,-1,0,-0.13,0,0,0,0,1,0,0,0.03,0,0.06,-0.13,0,0,0,0,0,0,0,1,-0.19,-0.8,0,-1,0,0,-0.3,0,0,0,0,0,0,0,0,0,0,0,0,0,0,0,0,0,0,0,0,0,0,0,0,0,0,0,0,0,0,0,0,0,0,0,0,0,0,0,0,0
1436,SOLE PROPRIETORSHIP,B,UNSPECIFIED,Wholesale and Retail trade; Repair of Motor Vehicles and Motorcycles,Active,12/27/2024,0,0,0,4720.43,0,0,0,0,384615.38,0,0,0,0,0,0,0,3,0,0,0,0,0,-0.17,-1,-1,0,0,0.69,0.14,0,0,0,0,0,0,0,0.69,-1,0,0,0,0,1.38,0,-1,0,0,0,0,0,0,0,0,0,0,0.01,0,0,0,0,0,-0.17,0,0,0,0,0,0,0,0,0,0,0,0,0,0,0,-1,0,0,0,-1,0,0,0,0,0,0,0,0,0,5000,0,0,0,0,0,0,-1,0,0,0,0,0,0.01,0,0,0,0,0,0,0,0,0,0,0,-0.17,0,0,0,0,0,0,0,0,0,0,0,0,0,0,0,0,0,0,0,0,0,0,0,0,0,0,0,0,0,0,0,0,0,0,0,0,0,0,0,0,0,0,0,0,0,0,0
9576,NON-FINANCIAL CORPORATION,B,Retail/BBG Commercial,Wholesale and Retail trade; Repair of Motor Vehicles and Motorcycles,Active,12/27/2024,0,0,0,19680.33,0,0,7.61,0,1153846.15,0,0,0,0,0,0,0,22,-700000,0,0,0,0,-0.99,1.03,1.03,-0.05,-1,0.1,-0.12,0,-1,0,0,0,-0.05,-0.05,0.1,0.16,1,-0.2,-1,-0.07,1.29,0,-1,-1,0,-0.05,-1,0,0,1,0,-1,-0.99,-0.23,0,-1,0,-1,0,-0.99,0,0,-1,0,0,-1,0,-1,0,-1,0,0,0,-1,0,0,0,0,-1286000,0,-1,0,-1,0,0,-1,-1,-1,0,0,-1,0,-1,0,-1,-1,0,0,0,0,-1,0,-0.23,0,0,-1,0,0,0,0,0,0,0,0,-0.99,-1,0,-1,0,0,-1,0,0,0,0,0,0,0,-1,0,0,0,0,0,0,-1,0,0,0,0,0,0,0,-1,0,0,0,0,0,0,0,0,0,0,0,0,0,0,0,0,0,0
1534,SOLE PROPRIETORSHIP,B,UNSPECIFIED,Transportation and Storage,Active,12/27/2024,0,0,0,99795.1,0,0,0,0,0,0,1,0,0,0,0,0,3,0,0,0,0,0,0,-1,-1,0,0,0.86,0.15,0,0,0,0,0,0,0,0.86,-1,1,0,0,0,1.72,0,-1,0,0,0,0,0,0,0,0,0,0,0.07,0,0,0,-1,0,0,0,0,0,0,0,-0.6,0,-1,0,0,0,0,0,-1,0,-1,0,0,0,-1,0,0,0,0,0,0,0,0,0,100500,-1,0,0,0,0,0,-1,0,0,0,-1,0,0.07,0,0,0,0,0,0,0,0.25,0,0,-0.75,0,0,0,0,0,0,-1,0,0,0,0,0,0,0,0,0,0,0,0,0,0,0,0,0,0,0,0,0,0,0,0,0,0,0,0,0,0,0,0,0,0,0,0,0,0,0,0,0
2608,SOLE PROPRIETORSHIP,UNSPECIFIED,UNSPECIFIED,UNSPECIFIED,UNSPECIFIED,12/27/2024,0,0,0,0,0,0,0,0,0,0,0,0,0,0,0,0,0,0,0,0,0,0,0,0,0,0,0,0,0,0,0,0,0,0,0,0,0,0,0,0,0,0,0,0,0,0,0,0,0,0,0,0,0,0,0,0,0,0,0,0,0,0,0,0,0,0,0,0,0,0,0,0,0,0,0,0,0,0,0,0,0,0,0,0,0,0,0,0,0,0,0,0,0,0,0,0,0,0,0,0,0,0,0,0,0,0,0,0,0,0,0,0,0,0,0,0,0,0,0,0,0,0,0,0,0,0,0,0,0,0,0,0,0,0,0,0,0,0,0,0,0,0,0,0,0,0,0,0,0,0,0,0,0,0,0,0,0,0,0,0,0,0,0,0
334,SOLE PROPRIETORSHIP,B,Retail/BBG Commercial,Information and Communication,UNSPECIFIED,12/27/2024,0,0,0,0,0,1,0,0,7692.31,0,0,0,0,0,0,0,0,0,0,0,0,0,0,15.33,-0.28,0,0,0,0,0,0,0,0,0,0,0,0,1,0,0,0,0,-0.2,0,-0.47,0,0,0,0,0.44,0,0,0,0,0,0,1,0,0,0,0,0,0,0,0,0,0,-0.47,0,-0.89,0,0,0,0,0,0,0,-1,0,0,0,0,0,0,0,0,0,0,0,0,0,191000,0,0,0,0,0,0,0.88,0,0,0,0,0,0,0,0,0,0,0,0,0,0.83,0,0,1.5,-0.86,0,0,0,0,0,0,0,0,0,0,0,1,0,0,0,0,0,0,0,0,0,0,0,0,0,0,0,0,0,0,0,0,0,0,0,0,0,0,0,0,0,0,0,0,0,0,0
9228,SOLE PROPRIETORSHIP,B,UNSPECIFIED,Wholesale and Retail trade; Repair of Motor Vehicles and Motorcycles,Active,12/27/2024,0,0,0,54829.72,0,0,69714.57,25615.25,0,0,1,0,0,0,0,-50000,34,0,0,0,0,0,1.4,3.01,-0.92,0.02,1.52,0.22,0.22,-0.67,0.81,1.8,0,0,-0.03,0.24,0.34,-0.5,1,0.53,-0.5,-0.01,1.8,0,-1,-0.11,0,0.29,0,0,0,0,0,-0.92,1.8,0.14,0,0,0,-0.66,0,-0.14,0,0,-0.92,0,0,-0.66,0,-1,0,-0.5,0,0,0,-0.5,0,0,0,0,0,0,-0.66,0,-0.83,0,0,0,0,-0.9,0,0,0,0,0,0,0,-0.87,0,0,0,0,0,0,-0.31,0,0,0,0,0,0,0,0,0,0,-0.5,-0.53,1,0.33,0,0,0,-0.5,0,0,0,0,0,0,0,0,0,0,0,0,0,0.67,0,0,0,0,0,0,0,0,0,0,0,0,0,0,0,0,0,0,0,0,0,0,0,0,0,0,0
998,NON-FINANCIAL CORPORATION,UNSPECIFIED,UNSPECIFIED,UNSPECIFIED,UNSPECIFIED,12/27/2024,0,0,0,0,0,0,0,0,0,0,0,0,0,0,0,0,0,0,0,0,0,0,0,0,0,0,0,0,0,0,0,0,0,0,0,0,0,0,0,0,0,0,0,0,0,0,0,0,0,0,0,0,0,0,0,0,0,0,0,0,0,0,0,0,0,0,0,0,0,0,0,0,0,0,0,0,0,0,0,0,0,0,0,0,0,0,0,0,0,0,0,0,0,0,0,0,0,0,0,0,0,0,0,0,0,0,0,0,0,0,0,0,0,0,0,0,0,0,0,0,0,0,0,0,0,0,0,0,0,0,0,0,0,0,0,0,0,0,0,0,0,0,0,0,0,0,0,0,0,0,0,0,0,0,0,0,0,0,0,0,0,0,0,0
7653,NON-FINANCIAL CORPORATION,M,Banking Center,Real Estate Activities,UNSPECIFIED,12/27/2024,3333333.33,1,1,2.48E+07,0,0,1.07E+07,2522222.22,3846153.85,0,1,0,1000000,1124994.67,0,0,143,-5760667.96,6.45,0,12.26,9.76,-0.97,113.33,32.67,0.41,-0.81,3.35,3.35,0.5,-0.88,-0.2,15.87,2,0.52,0.21,3.35,1,0,0.45,-0.25,0.83,2.41,0,-0.98,-0.87,0.14,0.24,170.02,0,0,2,0,1.07,-0.2,-0.01,1,2,0.02,76.7,0,-0.97,0.19,170.02,-0.98,1,37.86,76.7,0.05,-0.97,0,0.33,0,0,0.14,1.14,-0.9,0,0,2,-99575.27,0,-0.72,0,-0.77,0,0,0.46,0,0.67,0,0,1.02,0,-0.2,0,0.3,0.22,0,0,0,0,0.86,0.04,-0.01,0,0.5,0.08,0,0,0,0,0,0,0,1.14,-0.97,0.5,0,-0.95,0,0,-0.13,0,0,0,0,0,0,0,-0.25,0,0,0,0,0,0,-0.25,0,0,0,0,0,0,0,0,0,0,0,0,0,0,0,0,0,0,0,0,0,0,0,0,0,0
3152,NON-FINANCIAL CORPORATION,B,Retail/BBG Commercial,Real Estate Activities,UNSPECIFIED,12/27/2024,0,0,0,0,0,0,0,0,5000000,0,0,0,0,0,0,0,0,0,0,0,0,0,0,0,0,0,0,0,0,0,0,0,0,0,0,0,0,0,0,0,0,0,0,0,0,0,0,0,0,0,0,0,0,0,0,0,0,0,0,0,0,0,0,0,0,0,0,0,0,0,0,0,0,0,0,0,0,0,0,0,0,0,0,0,0,0,0,0,0,0,0,0,0,0,0,0,0,0,0,0,0,0,0,0,0,0,0,0,0,0,0,0,0,0,0,0,0,0,0,0,0,0,0,0,0,0,0,0,0,0,0,0,0,0,0,0,0,0,0,0,0,0,0,0,0,0,0,0,0,0,0,0,0,0,0,0,0,0,0,0,0,0,0,0
4675,NON-FINANCIAL CORPORATION,UNSPECIFIED,UNSPECIFIED,UNSPECIFIED,UNSPECIFIED,12/27/2024,0,0,0,0,0,0,0,0,0,0,0,0,0,0,0,0,0,0,0,0,0,0,0,0,0,0,0,0,0,0,0,0,0,0,0,0,0,0,0,0,0,0,0,0,0,0,0,0,0,0,0,0,0,0,0,0,0,0,0,0,0,0,0,0,0,0,0,0,0,0,0,0,0,0,0,0,0,0,0,0,0,0,0,0,0,0,0,0,0,0,0,0,0,0,0,0,0,0,0,0,0,0,0,0,0,0,0,0,0,0,0,0,0,0,0,0,0,0,0,0,0,0,0,0,0,0,0,0,0,0,0,0,0,0,0,0,0,0,0,0,0,0,0,0,0,0,0,0,0,0,0,0,0,0,0,0,0,0,0,0,0,0,0,0
7340,NON-FINANCIAL CORPORATION,B,UNSPECIFIED,Construction,UNSPECIFIED,12/27/2024,0,0,0,123987.47,0,0,1418337.59,0,384615.38,0,1,0,4255000,1.24E+07,0,0,122,0,0.02,0,-0.02,0.03,-0.06,1.94,0.31,0.02,-0.06,0.22,0.22,0,-0.7,1.51,0.01,1,-0.1,0.51,0.87,0.67,1,0.19,-0.2,-0.11,1.51,0,-0.28,-0.82,-0.09,0.02,0,0,0,12,0,0.1,1.51,-0.01,0,0,0.03,-0.05,0,-0.62,-0.04,0,-0.28,0.25,-0.05,0.31,-0.09,-0.13,0,0,0,0,-0.03,-0.2,0,0,0,0,-1.70E+07,-1,-0.41,0,0.11,0,0,-0.01,-0.81,1.41,0,50000,-0.1,0,0,0,-0.4,-0.46,0.9,0,0,0,-0.4,-0.1,-0.52,0,-0.23,-0.25,0,0,0,0,0,0,0,0.25,-0.62,0.33,0,-0.2,0,0,-0.25,0,0,0,0,0,0,0,-0.2,0,0,0,0,0,0,0,0,0,0,0,0,0,0,-0.2,0,0,0,0,0,0,0,0,0,0,0,0,0,0,0,0,0,0
4512,SOLE PROPRIETORSHIP,B,UNSPECIFIED,Wholesale and Retail trade; Repair of Motor Vehicles and Motorcycles,Active,12/27/2024,0,0,0,0,0,0,0,0,467307.69,0,0,0,0,0,0,0,0,0,0,0,0,0,0,0,0,0,0,0,0,0,0,0,0,0,0,0,0,0,1,0,0,0,0,0,0,0,0,0,0,0,0,0,0,0,0,0,0,0,0,0,0,0,0,0,0,0,0,0,0,0,0,0,0,0,0,0,0,0,0,0,0,0,0,0,0,0,0,0,0,0,0,0,0,0,0,0,0,0,0,1004143.51,0,0,0,0,0,0,0,0,0,0,0,0,0,0,0,0,0,0,0,0,0,0,0,0,0,1,0,0,0,0,0,0,0,0,0,0,0,0,0,0,0,0,0,0,0,0,0,0,0,0,0,0,0,0,0,0,0,0,0,0,0,0,0,0
6965,SOLE PROPRIETORSHIP,B,UNSPECIFIED,Wholesale and Retail trade; Repair of Motor Vehicles and Motorcycles,Active,12/27/2024,0,0,0,13253.3,0,0,245000,0,0,0,0,0,0,0,0,0,1,-102000,0,0,0,0,0,16.15,16.15,0,0,0.15,0.15,0,0,0.29,0,0,0,0,0.15,15,1,0,15,0,0.29,0,16.15,0,0,0,0,16.5,0,0,0,16.15,0,0.15,0,0,0,18.99,0,0.29,0,0,16.15,0,0,18.99,0,18.99,1,15,-1,3.5,0,8.4,0,-1,0,0,0,-1,0,-1,0,0,0,0,0,0,0,27000,0,0,0,0,0,0,-1,0,0,0,0,0,0.15,0,0,0,0,0,0,0,0,0,0,8.4,0.29,0,0,0,0,-1,8.4,0,0,0,0,0,0,0,0,0,0,0,0,0,0,0,0,0,0,0,0,0,0,0,0,0,0,0,0,0,0,0,0,0,0,0,0,0,0,0,0,0
9348,SOLE PROPRIETORSHIP,B,Retail/BBG Commercial,Other Service Activities,UNSPECIFIED,12/27/2024,0,0,0,222407.12,0,0,153862.71,86787.15,0,0,1,0,0,0,0,0,64,0,0,0,0,0,0.14,36488.09,33404.77,0.13,1.04,0.21,0,-1,4.1,0.07,0,-1,0.22,0.97,1,1,1,0.38,-1,0.07,2.2,0,-1,1.32,0,0.69,0,0,0,0,0,-1,0.07,-0.02,0,0,0,0,0,0.06,0,0,-1,0,0,-0.51,0,-1,0,-1,0,0,0,0,0,0,0,0,0,0,0.49,0,218.81,0,0,0.26,-0.89,0.3,0,0,0,0,0,0,0,2.25,0,0,0,0,0,0,-0.02,0,0,-0.88,0,0,0,0,0,0,0,-0.88,-0.41,-0.33,0,0.92,0,0,0,0,0,0,0,0,0,0,-0.33,0,0,0,0,0,0,0,0,0,0,0,0,0,0,0,0,0,0,0,0,0,0,0,0,0,0,0,0,0,0,0,0,0
363,SOLE PROPRIETORSHIP,B,Retail/BBG Commercial,Construction,Active,12/27/2024,0,0,0,11792.19,0,0,0,0,0,0,0,0,0,246400,0,0,10,0,0,7,0,70.54,-0.97,0.47,-0.82,0,0.65,0.79,-0.06,0,-0.96,-0.54,112.8,0,0.07,0,0.79,0.33,1,12.46,0,0.16,61.69,0,-1,0,0,7.61,0,10.45,0,0,0,0,-0.93,-0.11,0,0,0,304.4,0,-0.93,0.87,0,0,-1,151.7,304.4,0,-1,0,0,0,0.36,1,1.33,0,0,0,0,-440000,0,0,0,-0.99,0,0,0.51,0,-1,0,0,-0.97,0,0,0,-0.36,0,-1,0,0,0,-0.22,0,-0.11,0,0.33,0.17,0,0,0,0,0,0,0,5,-0.93,-1,0.09,0,0,0,-0.67,0,0,0,0,0,0,0,0,0,0,0,0,0,0,0,0,0,0,0,0,0,0,0,0,0,0,0,0,0,0,0,0,0,0,0,0,0,0,0,0,0
9448,NON-FINANCIAL CORPORATION,UNSPECIFIED,UNSPECIFIED,UNSPECIFIED,UNSPECIFIED,12/27/2024,0,0,0,0,0,0,0,0,0,0,0,0,0,0,0,0,0,0,0,0,0,0,0,0,0,0,0,0,0,0,0,0,0,0,0,0,0,0,0,0,0,0,0,0,0,0,0,0,0,0,0,0,0,0,0,0,0,0,0,0,0,0,0,0,0,0,0,0,0,0,0,0,0,0,0,0,0,0,0,0,0,0,0,0,0,0,0,0,0,0,0,0,0,0,0,0,0,0,0,0,0,0,0,0,0,0,0,0,0,0,0,0,0,0,0,0,0,0,0,0,0,0,0,0,0,0,0,0,0,0,0,0,0,0,0,0,0,0,0,0,0,0,0,0,0,0,0,0,0,0,0,0,0,0,0,0,0,0,0,0,0,0,0,0
873,SOLE PROPRIETORSHIP,B,UNSPECIFIED,Wholesale and Retail trade; Repair of Motor Vehicles and Motorcycles,Active,12/27/2024,0,0,0,2058.37,0,0,15026.61,0,0,0,0,0,0,0,0,0,34,0,-0.43,0,-0.22,-0.2,0.27,0.6,0.05,-0.15,-0.52,-0.12,-0.23,0,-0.69,0.34,-0.43,0,-0.2,-0.07,0,0.91,0,-0.04,-0.86,-0.2,0.34,0,-0.89,-0.77,-0.09,-0.06,0,0,0,0,0,-0.22,-0.05,-0.29,1,0,-0.37,-0.28,1,-0.05,-0.11,0,-0.89,0,-0.54,0.03,-0.56,-0.8,0,-0.42,0,0,-0.37,-0.33,0,0,0,0,0,0,-0.99,0,-0.97,0,0,-0.97,-0.87,-0.98,0,0,-0.86,0,-0.98,0,-0.85,-0.99,0,0,0,0,-0.6,-0.64,-0.29,0,-0.37,-0.92,0,0,0,0,6.11,0,0,0.85,-0.68,-0.91,0,-0.92,0,0,-0.4,0,0,0,0,0,0,0,-0.97,0,0,0,0,0,0,-0.96,0,0,0,0,0,0,0,-0.92,0,0,0,0,0,0,0,0,0,0,0,0,0,0,0,0,0,0
4549,NON-FINANCIAL CORPORATION,UNSPECIFIED,UNSPECIFIED,UNSPECIFIED,UNSPECIFIED,12/27/2024,0,0,0,0,0,0,0,0,0,0,0,0,0,0,0,0,0,0,0,0,0,0,0,0,0,0,0,0,0,0,0,0,0,0,0,0,0,0,0,0,0,0,0,0,0,0,0,0,0,0,0,0,0,0,0,0,0,0,0,0,0,0,0,0,0,0,0,0,0,0,0,0,0,0,0,0,0,0,0,0,0,0,0,0,0,0,0,0,0,0,0,0,0,0,0,0,0,0,0,0,0,0,0,0,0,0,0,0,0,0,0,0,0,0,0,0,0,0,0,0,0,0,0,0,0,0,0,0,0,0,0,0,0,0,0,0,0,0,0,0,0,0,0,0,0,0,0,0,0,0,0,0,0,0,0,0,0,0,0,0,0,0,0,0
963,FINANCIAL CORPORATION (NON-BANK),B,UNSPECIFIED,"Professional, Scientific & Technical Activities",Active,12/27/2024,0,0,0,2.02E+07,0,1,0,0,1230769.23,0,1,0,0,0,0,0,30,0,0,0,0,0,0,0.17,0,0,-0.01,0,0,0,0.01,0.01,0,0,0,0,0.01,0,1,0,0,0,0.04,0,0,0.03,0,0,0,0,0,0,0,0,0.01,0,0,0,0,0,0,-0.01,0,0,0,0,0,0,0,0,0,0,0,0,0,0,0,0,0,0,0,0,0,0,0,0,0,0,0,-1,0,5431.75,0,0,0,0,0,0,0.17,0,0,0,0,0,0,0,0,0,0,0,0,0,0,0,0,0,-0.04,-1,0,0,0,0,0,0,0,0,0,0,0,0,0,0,0,0,0,0,0,0,0,0,0,0,0,0,0,0,0,0,0,0,0,0,0,0,0,0,0,0,0,0,0,0,0,0
6590,SOLE PROPRIETORSHIP,B,Retail/BBG Commercial,Wholesale and Retail trade; Repair of Motor Vehicles and Motorcycles,UNSPECIFIED,12/27/2024,0,0,0,545421.04,0,0,105278.65,146629.08,153846.15,0,1,0,0,0,0,0,53,0,0,0,28.93,11.64,0.09,12445.09,6.9,0.02,5.16,0.23,0.23,2,-0.06,0.18,18.86,2,-0.01,0.28,0.23,1,0,0.75,-1,0.03,2.68,0,-1,0.51,0.03,0.3,0,0,0,0,0,-1,0.18,0.15,1,0,0,77.95,1,-0.08,0.06,0,-1,0,38.64,77.95,0,-0.96,0,-1,0,0,0.1,0,0,0,0,0,0,0,0.12,0,-0.02,0,0,26.05,-0.83,-1,0,0,25.98,0,-1,0,-0.5,-1,0,0,0,0,0,0,-0.1,0,0,0,0,0,0,0,0.78,0,0,1,-0.33,-0.75,0,-1,0,0,0,0,0,0,0,0,0,0,-0.75,0,0,0,0,0,0,-0.5,0,0,0,0,0,0,0,-0.5,0,0,0,0,0,0,0,0,0,0,0,0,0,0,0,0,0,0
1461,SOLE PROPRIETORSHIP,UNSPECIFIED,UNSPECIFIED,UNSPECIFIED,UNSPECIFIED,12/27/2024,0,0,0,0,0,0,0,0,0,0,0,0,0,0,0,0,0,0,0,0,0,0,0,0,0,0,0,0,0,0,0,0,0,0,0,0,0,0,0,0,0,0,0,0,0,0,0,0,0,0,0,0,0,0,0,0,0,0,0,0,0,0,0,0,0,0,0,0,0,0,0,0,0,0,0,0,0,0,0,0,0,0,0,0,0,0,0,0,0,0,0,0,0,0,0,0,0,0,0,0,0,0,0,0,0,0,0,0,0,0,0,0,0,0,0,0,0,0,0,0,0,0,0,0,0,0,0,0,0,0,0,0,0,0,0,0,0,0,0,0,0,0,0,0,0,0,0,0,0,0,0,0,0,0,0,0,0,0,0,0,0,0,0,0
4278,NON-FINANCIAL CORPORATION,B,UNSPECIFIED,Construction,Active,12/27/2024,0,0,0,383481.17,0,0,848441.54,1016851.83,384615.38,0,1,0,1150000,9501667,0,0,17,-3024481.29,0.12,0,31.52,-0.03,0.16,9.08,1,0.14,0.15,0.06,0.03,0,-0.24,0.47,0.03,0,0.09,1.01,0.61,2,1,0.07,-0.5,0,0.47,0,-0.27,19.78,0.57,0,1.01,0,0,30,0,-0.1,0.47,0.01,0,0.6,0.5,0.08,0,-0.21,0.08,-0.25,-0.27,3,-0.2,0.49,-0.19,-0.49,1,1,-1,0,0.02,0.35,-0.48,-1,0,0.43,-2273396.68,-1,520.66,-1,-0.96,0,0,-0.2,20,-0.95,0,100000,-0.45,0,0.3,0,0.31,0,-1,0,0,0,0.24,0.25,-0.07,0,0.13,-0.05,0,0,0,0,0,0,0,4,-0.28,0.5,0,-0.35,0,-1,-0.09,0,0,0,0,0,0,0,0,0,0,0,0,0,0,2,0,0,0,0,0,0,0,0,0,0,0,0,0,0,0,0,0,0,0,0,0,0,0,0,0,0
1957,SOLE PROPRIETORSHIP,B,Retail/BBG Commercial,Wholesale and Retail trade; Repair of Motor Vehicles and Motorcycles,UNSPECIFIED,12/27/2024,0,0,0,0,0,0,0,0,76923.08,0,0,0,0,0,0,0,0,0,0,0,0,0,0,0.27,0,0,0,-0.25,-0.6,0,0,0,0,0,0,0,-0.03,0,1,0,0,0,0,0,0,0,0,0,0,0,0,0,0,0,0,-0.6,0,0,0,0,0,0,0,0,0,0,0,0,0,0,0,0,0,0,0,0,0,0,0,0,0,0,0,0,0,0,0,0,0,0,0,140000,0,0,0,0,0,0,0.27,0,0,0,0,0,-0.6,0,0,0,0,0,0,0,0,0,0,0.67,0,0,0,0,0,0,0,0,0,1,0,0,0,0,0,0,0,0,0,0,0,0,0,0,0,0,0,0,0,0,0,0,0,0,0,0,0,0,0,0,0,0,0,0,0,0,0,0
8949,SOLE PROPRIETORSHIP,B,Retail/BBG Commercial,Wholesale and Retail trade; Repair of Motor Vehicles and Motorcycles,Active,12/27/2024,0,0,0,31755.43,0,0,61552.22,0,0,0,1,0,0,0,0,0,41,-115459.94,-0.21,0,-0.02,-0.08,0,0.82,0.01,-0.03,0.02,0.01,0,0,0.09,0.05,-0.31,0,-0.03,-0.03,0.01,0.67,0,0.01,-0.4,-0.02,0.11,0,-0.47,-0.34,0.13,0.01,6.02,1.42,0,0,0,-0.09,-0.05,-0.01,1,0,-0.16,-0.21,1,-0.05,0.08,-1,-0.16,0,-0.4,-0.09,-0.12,-0.59,0,-0.29,0,3.58,-0.24,-0.29,-1,-1,0,-1,0,1,-0.77,0,-0.8,0,0,-0.87,-0.75,-0.59,0,33599,-0.67,0,-0.72,0,-0.86,-0.53,0.05,0,0,0,-0.79,-0.34,-0.05,0,-0.49,-0.83,0,0,0,0,8.67,-7486.58,0,2.9,-0.07,-0.67,0,-0.24,0,0,-0.7,-4166.67,0,0,0,0,0,0,-0.57,0,0,0,0,0,0,-0.63,0,0,0,0,0,0,0,-0.57,0,0,0,0,0,0,0,0,0,0,0,0,0,0,0,0,0,0
9242,SOLE PROPRIETORSHIP,B,UNSPECIFIED,Construction,Active,12/27/2024,0,0,0,204066.37,0,0,2783422.12,809760.94,0,0,1,0,655624.29,2191958.01,0,0,5,-6259240.79,0.28,0,0,0,-0.79,1.3,1.3,0,0.6,1.18,0.06,1.33,0,-0.5,0.26,1.33,0,0,1.18,1.13,1,0.55,-0.63,0.3,2.66,0,-0.55,0,0,0,1.4,0,0,16,0,0.71,-0.5,-0.08,0,2,0.36,0.57,0,-0.58,0,1.4,-0.55,2,0.01,1.19,0.08,-0.56,6,0.8,0,0,0.55,1,-0.77,0.67,0,-0.17,-4100208.96,0.67,0,1.36,0,0,0,0.68,0,0,0,3784673,-0.31,0,0.65,0,0,0,1.36,0,0,0,-0.33,0.09,-0.08,0,0.17,2.2,0,0,0,0,0,0,0,1.4,-0.58,0,0,-0.24,0,0,-0.67,0,0,0,0,0,0,0,0,0,0,0,0,0,0,1,0,0,0,0,0,0,0,-0.33,0,0,0,0,0,0,0,0,0,0,0,0,0,0,0,0,0,0
5895,NON-FINANCIAL CORPORATION,UNSPECIFIED,UNSPECIFIED,UNSPECIFIED,UNSPECIFIED,12/27/2024,0,0,0,0,0,0,0,0,0,0,0,0,0,0,0,0,0,0,0,0,0,0,0,0,0,0,0,0,0,0,0,0,0,0,0,0,0,0,0,0,0,0,0,0,0,0,0,0,0,0,0,0,0,0,0,0,0,0,0,0,0,0,0,0,0,0,0,0,0,0,0,0,0,0,0,0,0,0,0,0,0,0,0,0,0,0,0,0,0,0,0,0,0,0,0,0,0,0,0,0,0,0,0,0,0,0,0,0,0,0,0,0,0,0,0,0,0,0,0,0,0,0,0,0,0,0,0,0,0,0,0,0,0,0,0,0,0,0,0,0,0,0,0,0,0,0,0,0,0,0,0,0,0,0,0,0,0,0,0,0,0,0,0,0
2892,SOLE PROPRIETORSHIP,B,Retail/BBG Commercial,UNSPECIFIED,UNSPECIFIED,12/27/2024,0,0,0,5438.75,0,0,0,0,76923.08,0,1,1,0,0,0,0,83,0,0,0,0,0,0,0,0,0,0,0,0,0,0,0,0,0,0,0,0,0,0,0,0,0,0,0,0,0,0,0,0,0,0,0,0,0,0,0,0,0,0,0,0,0,0,0,0,0,0,0,0,0,0,0,0,0,0,0,0,0,0,0,0,0,0,0,0,0,0,0,0,0,0,0,0,0,0,0,0,0,0,0,0,0,0,0,0,0,0,0,0,0,0,0,0,0,0,0,0,0,0,0,0,0,0,0,0,0,0,0,0,0,0,0,0,0,0,0,0,0,0,0,0,0,0,0,0,0,0,0,0,0,0,0,0,0,0,0,0,0,0,0,0,0,0,0
5065,SOLE PROPRIETORSHIP,UNSPECIFIED,UNSPECIFIED,UNSPECIFIED,UNSPECIFIED,12/27/2024,0,0,0,0,0,0,0,0,0,0,0,0,0,0,0,0,0,0,0,0,0,0,0,0,0,0,0,0,0,0,0,0,0,0,0,0,0,0,0,0,0,0,0,0,0,0,0,0,0,0,0,0,0,0,0,0,0,0,0,0,0,0,0,0,0,0,0,0,0,0,0,0,0,0,0,0,0,0,0,0,0,0,0,0,0,0,0,0,0,0,0,0,0,0,0,0,0,0,0,0,0,0,0,0,0,0,0,0,0,0,0,0,0,0,0,0,0,0,0,0,0,0,0,0,0,0,0,0,0,0,0,0,0,0,0,0,0,0,0,0,0,0,0,0,0,0,0,0,0,0,0,0,0,0,0,0,0,0,0,0,0,0,0,0
4009,SOLE PROPRIETORSHIP,UNSPECIFIED,UNSPECIFIED,UNSPECIFIED,UNSPECIFIED,12/27/2024,0,0,0,0,0,0,0,0,0,0,0,0,0,0,0,0,0,0,0,0,0,0,0,0,0,0,0,0,0,0,0,0,0,0,0,0,0,0,0,0,0,0,0,0,0,0,0,0,0,0,0,0,0,0,0,0,0,0,0,0,0,0,0,0,0,0,0,0,0,0,0,0,0,0,0,0,0,0,0,0,0,0,0,0,0,0,0,0,0,0,0,0,0,0,0,0,0,0,0,0,0,0,0,0,0,0,0,0,0,0,0,0,0,0,0,0,0,0,0,0,0,0,0,0,0,0,0,0,0,0,0,0,0,0,0,0,0,0,0,0,0,0,0,0,0,0,0,0,0,0,0,0,0,0,0,0,0,0,0,0,0,0,0,0
9573,NON-FINANCIAL CORPORATION,UNSPECIFIED,UNSPECIFIED,UNSPECIFIED,UNSPECIFIED,12/27/2024,0,0,0,0,0,0,0,0,0,0,0,0,0,0,0,0,0,0,0,0,0,0,0,0,0,0,0,0,0,0,0,0,0,0,0,0,0,0,0,0,0,0,0,0,0,0,0,0,0,0,0,0,0,0,0,0,0,0,0,0,0,0,0,0,0,0,0,0,0,0,0,0,0,0,0,0,0,0,0,0,0,0,0,0,0,0,0,0,0,0,0,0,0,0,0,0,0,0,0,0,0,0,0,0,0,0,0,0,0,0,0,0,0,0,0,0,0,0,0,0,0,0,0,0,0,0,0,0,0,0,0,0,0,0,0,0,0,0,0,0,0,0,0,0,0,0,0,0,0,0,0,0,0,0,0,0,0,0,0,0,0,0,0,0
8633,NON-FINANCIAL CORPORATION,UNSPECIFIED,UNSPECIFIED,UNSPECIFIED,UNSPECIFIED,12/27/2024,0,0,0,0,0,0,0,0,0,0,0,0,0,0,0,0,0,0,0,0,0,0,0,0,0,0,0,0,0,0,0,0,0,0,0,0,0,0,0,0,0,0,0,0,0,0,0,0,0,0,0,0,0,0,0,0,0,0,0,0,0,0,0,0,0,0,0,0,0,0,0,0,0,0,0,0,0,0,0,0,0,0,0,0,0,0,0,0,0,0,0,0,0,0,0,0,0,0,0,0,0,0,0,0,0,0,0,0,0,0,0,0,0,0,0,0,0,0,0,0,0,0,0,0,0,0,0,0,0,0,0,0,0,0,0,0,0,0,0,0,0,0,0,0,0,0,0,0,0,0,0,0,0,0,0,0,0,0,0,0,0,0,0,0
6144,NON-FINANCIAL CORPORATION,UNSPECIFIED,UNSPECIFIED,UNSPECIFIED,UNSPECIFIED,12/27/2024,0,0,0,0,0,0,0,0,0,0,0,0,0,0,0,0,0,0,0,0,0,0,0,0,0,0,0,0,0,0,0,0,0,0,0,0,0,0,0,0,0,0,0,0,0,0,0,0,0,0,0,0,0,0,0,0,0,0,0,0,0,0,0,0,0,0,0,0,0,0,0,0,0,0,0,0,0,0,0,0,0,0,0,0,0,0,0,0,0,0,0,0,0,0,0,0,0,0,0,0,0,0,0,0,0,0,0,0,0,0,0,0,0,0,0,0,0,0,0,0,0,0,0,0,0,0,0,0,0,0,0,0,0,0,0,0,0,0,0,0,0,0,0,0,0,0,0,0,0,0,0,0,0,0,0,0,0,0,0,0,0,0,0,0
279,SOLE PROPRIETORSHIP,UNSPECIFIED,UNSPECIFIED,UNSPECIFIED,UNSPECIFIED,12/27/2024,0,0,0,0,0,0,0,0,0,0,0,0,0,0,0,0,0,0,0,0,0,0,0,0,0,0,0,0,0,0,0,0,0,0,0,0,0,0,0,0,0,0,0,0,0,0,0,0,0,0,0,0,0,0,0,0,0,0,0,0,0,0,0,0,0,0,0,0,0,0,0,0,0,0,0,0,0,0,0,0,0,0,0,0,0,0,0,0,0,0,0,0,0,0,0,0,0,0,0,0,0,0,0,0,0,0,0,0,0,0,0,0,0,0,0,0,0,0,0,0,0,0,0,0,0,0,0,0,0,0,0,0,0,0,0,0,0,0,0,0,0,0,0,0,0,0,0,0,0,0,0,0,0,0,0,0,0,0,0,0,0,0,0,0
3154,NON-FINANCIAL CORPORATION,B,UNSPECIFIED,Accommodation and Food Service Activities,Active,12/27/2024,0,0,0,600469.13,0,0,1623895.25,0,69457.26,0,1,0,0,0,0,0,28,-8491971.7,-0.04,0,0.12,0.12,0.72,0.86,0.34,-0.02,-0.33,0.08,-0.05,0,0.5,0.61,-0.01,0,0.02,0.16,0.32,2.36,2,-0.01,-0.34,-0.03,0.61,0,-0.27,0.79,0.02,0.17,1,0,0,3,0,0.09,0.07,-0.17,0,0,0.38,0.56,0,0.07,0.04,-1,-0.21,1,-0.05,0.56,-0.06,-0.66,1,-0.3,0,0,0.02,0.33,-1,0,0,-1,-9240000,-1,-0.4,0,-0.28,0,0,-0.49,-0.43,-0.21,0,750000,-0.47,0,-0.29,0,-0.2,-0.08,-1,0,0,0,-0.33,-0.32,-0.17,0,-0.08,-0.2,0,0,0,0,0,0,0,0.67,-0.41,1.38,0.08,-0.14,0,0,-0.5,0,0,0,0,0,0,0,1.38,0,0,0,0,0,0,0.73,0,0,0,0,0,0,0,-0.54,0,0,0,0,0,0,0,0,0,0,0,0,0,0,0,0,0,0
5550,NON-FINANCIAL CORPORATION,UNSPECIFIED,UNSPECIFIED,UNSPECIFIED,UNSPECIFIED,12/27/2024,0,0,0,0,0,0,0,0,0,0,0,0,0,0,0,0,0,0,0,0,0,0,0,0,0,0,0,0,0,0,0,0,0,0,0,0,0,0,0,0,0,0,0,0,0,0,0,0,0,0,0,0,0,0,0,0,0,0,0,0,0,0,0,0,0,0,0,0,0,0,0,0,0,0,0,0,0,0,0,0,0,0,0,0,0,0,0,0,0,0,0,0,0,0,0,0,0,0,0,0,0,0,0,0,0,0,0,0,0,0,0,0,0,0,0,0,0,0,0,0,0,0,0,0,0,0,0,0,0,0,0,0,0,0,0,0,0,0,0,0,0,0,0,0,0,0,0,0,0,0,0,0,0,0,0,0,0,0,0,0,0,0,0,0
692,SOLE PROPRIETORSHIP,B,UNSPECIFIED,Wholesale and Retail trade; Repair of Motor Vehicles and Motorcycles,Active,12/27/2024,0,0,0,432589.99,0,0,2.81E+07,0,0,0,1,0,0,0,0,0,33,0,0.53,0,1.98,0.27,-0.06,20.03,0.95,0.57,0.49,0.25,-0.01,0,-0.06,0.23,0.51,0,0.22,3.86,3.44,0.67,1,0.12,-0.3,0.09,0.5,0,0.12,32.38,0.28,0.04,0,0,0,0,0,0.95,-0.24,-0.02,0,0,0.22,0.94,0,-0.24,0.06,0,0.47,0,0.7,0.94,0.71,0.11,0,0.41,0,0,0.13,0.05,0,0,0,0,0,0,49.78,0,2.61,0,0,6.24,2.5,2.62,0,0,1.85,0,6.78,0,0.31,50.06,0,0,0,0,0.05,0.06,-0.02,0,0.03,0.75,0,0,0,0,0.78,0,0,3,-0.24,0.11,0,1.87,0,0,0,0,0,0,0,0,0,0,6.06,0,0,0,0,0,0,1.24,0,0,0,0,0,0,0,-0.01,0,0,0,0,0,0,0,0,0,0,0,0,0,0,0,0,0,0
9774,SOLE PROPRIETORSHIP,B,Retail/BBG Commercial,UNSPECIFIED,UNSPECIFIED,12/27/2024,0,0,0,337.95,0,0,0,0,153846.15,0,0,1,0,0,0,0,90,0,0,0,0,0,-0.91,0,0,-0.2,-0.96,-0.19,-0.27,0,-0.99,-0.51,0,0,-0.24,-0.3,-0.07,0,0,-0.42,0,-0.28,-0.21,0,0,-0.99,0,-0.39,0,0.17,0,0,0,0,-0.51,-0.3,0,0,0,0,0,-0.81,0,0,0,0,0,0,0,0,0,0,0,0,0,0,0,0,0,0,0,0,-0.9,0,0,0,0,0,0,0,0,0,0,0,0,0,0,0,0,0,0,0,0,0,-0.36,0,0,0,0,0,0,0,0,0,0,0,-0.81,0,0,0,0,0,0,0,0,0,0,0,0,0,0,0,0,0,0,0,0,0,0,0,0,0,0,0,0,0,0,0,0,0,0,0,0,0,0,0,0,0,0,0,0,0,0,0
3564,SOLE PROPRIETORSHIP,B,Retail/BBG Commercial,Manufacturing,Active,12/27/2024,0,0,0,3172.04,0,0,0,0,153846.15,0,0,0,0,0,0,0,3,0,0,0,0,0,-1,-1,-1,0,0,1.71,0.16,0,0,-0.1,0,0,0,0,1.71,-1,1,0,0,0,3.43,0,-1,0,0,0,0,0,0,0,0,0,-0.1,-0.25,0,0,0,-1,0,-1,0,0,0,0,0,-1,0,-1,0,0,0,0,0,-1,0,-1,0,0,0,-1,0,0,0,0,0,0,0,0,0,5000,0,0,0,0,0,0,-1,0,0,0,0,0,-0.25,0,0,0,0,0,0,0,0,0,0,-1,-1,0,0.25,0,0,0,-1,0,0,0,0,0,0,0,0,0,0,0,0,0,0.33,0,0,0,0,0,0,0,0,0,0,0,0,0,0,0,0,0,0,0,0,0,0,0,0,0,0,0
8178,NON-FINANCIAL CORPORATION,B,Retail/BBG Commercial,UNSPECIFIED,UNSPECIFIED,12/27/2024,0,0,0,0,0,0,0,0,0,0,0,0,0,0,0,0,0,0,0,0,0,0,0,0,0,0,0,0,0,0,0,0,0,0,0,0,0,0,0,0,0,0,0,0,0,0,0,0,0,0,0,0,0,0,0,0,0,0,0,0,0,0,0,0,0,0,0,0,0,0,0,0,0,0,0,0,0,0,0,0,0,0,0,0,0,0,0,0,0,0,0,0,0,0,0,0,0,0,0,0,0,0,0,0,0,0,0,0,0,0,0,0,0,0,0,0,0,0,0,0,0,0,0,0,0,0,0,0,0,0,0,0,0,0,0,0,0,0,0,0,0,0,0,0,0,0,0,0,0,0,0,0,0,0,0,0,0,0,0,0,0,0,0,0
821,SOLE PROPRIETORSHIP,B,Retail/BBG Commercial,Wholesale and Retail trade; Repair of Motor Vehicles and Motorcycles,Active,12/27/2024,0,0,0,0,0,0,0,0,0,0,0,0,0,0,0,0,0,0,0,0,0,0,0,0,0,0,0,0,0,0,0,0,0,0,0,0,-0.27,0,1,0,0,0,0,0,0,0,0,0,0,0,0,0,0,0,0,0,0,0,0,0,0,0,0,0,0,0,0,0,0,0,0,0,0,0,0,0,0,0,0,0,0,0,0,0,0,0,0,0,0,0,0,0,0,0,0,0,0,0,0,0,0,0,0,0,0,0,0,0,0,0,0,0,0,0,0,0,0,0,0,0,0,0,0,0,0,0,0,1,0,0,0,0,0,0,0,0,0,0,0,0,0,0,0,0,0,0,0,0,0,0,0,0,0,0,0,0,0,0,0,0,0,0,0,0
4412,NON-FINANCIAL CORPORATION,B,UNSPECIFIED,Wholesale and Retail trade; Repair of Motor Vehicles and Motorcycles,Active,12/27/2024,0,0,0,499991.99,0,0,66.83,0,0,0,0,0,0,0,0,0,18,0,0,0,0,0,0,49999,49999,0,0,0.01,0,0,0,0,0,0,0,0,0.01,0,1,0,-1,0,0.03,0,-1,0,0,0,0,0,0,0,0,-1,0,0,0,0,0,0,0,0,0,0,-1,-1,0,-1,0,-1,0,-1,0,0,0,0,0,-1,0,0,-500000,-1,0,0,0,0,0,0,0,-1,0,10,0,0,0,0,0,-1,-1,0,0,0,0,0,0,0,0,0,0,0,0,0,0,0,0,-1,-0.03,-1,0,-1,0,0,0,0,0,0,0,0,0,0,-1,0,0,0,0,0,0,0,0,0,0,0,0,0,0,-1,0,0,0,0,0,0,0,0,0,0,0,0,0,0,0,0,0,0
6896,NON-FINANCIAL CORPORATION,B,UNSPECIFIED,Wholesale and Retail trade; Repair of Motor Vehicles and Motorcycles,Active,12/27/2024,0,0,0,6382479.1,0,0,2.67E+07,0,1307692.31,0,1,0,0,759325.5,8.02E+07,0,32,-2.56E+08,0.06,316,0.13,0.19,-0.25,0.25,0.25,-0.08,-0.55,-0.12,-0.18,0,-0.84,-0.13,0.07,0,-0.14,-0.12,0.09,0.2,2,-0.15,-0.2,-0.2,-0.08,0,-0.03,-0.8,0.13,-0.2,1.89,0,0,6,0,0.25,-0.14,-0.27,0,0.33,-0.04,0.21,0,-0.14,0.07,0.24,0.02,1,0.04,0.5,0.14,-0.26,0,-0.04,0,0,-0.04,-0.09,-0.12,0,0,0.14,-4470000,0,0.19,0,0.45,0,0,0.18,0.6,-0.06,0,0,0.06,0,0.3,0,-0.11,-0.14,-1,0,0,0,-0.27,-0.12,-0.27,0,-0.15,-0.27,0,0,0,0,0,0,0,1.2,-0.21,-0.18,0,0.28,0,0,-0.2,0,0,0,0,0,0,0,-0.23,0,0,0,0,0,0,-0.23,0,0,0,0,0,0,0,-0.23,0,0,0,0,0,0,0,0,0,0,0,0,0,0,0,0,0,0
6651,NON-FINANCIAL CORPORATION,UNSPECIFIED,UNSPECIFIED,UNSPECIFIED,UNSPECIFIED,12/27/2024,0,0,0,0,0,0,0,0,0,0,0,0,0,0,0,0,0,0,0,0,0,0,0,0,0,0,0,0,0,0,0,0,0,0,0,0,0,0,0,0,0,0,0,0,0,0,0,0,0,0,0,0,0,0,0,0,0,0,0,0,0,0,0,0,0,0,0,0,0,0,0,0,0,0,0,0,0,0,0,0,0,0,0,0,0,0,0,0,0,0,0,0,0,0,0,0,0,0,0,0,0,0,0,0,0,0,0,0,0,0,0,0,0,0,0,0,0,0,0,0,0,0,0,0,0,0,0,0,0,0,0,0,0,0,0,0,0,0,0,0,0,0,0,0,0,0,0,0,0,0,0,0,0,0,0,0,0,0,0,0,0,0,0,0
3109,SOLE PROPRIETORSHIP,UNSPECIFIED,UNSPECIFIED,UNSPECIFIED,UNSPECIFIED,12/27/2024,0,0,0,0,0,0,0,0,0,0,0,0,0,0,0,0,0,0,0,0,0,0,0,0,0,0,0,0,0,0,0,0,0,0,0,0,0,0,0,0,0,0,0,0,0,0,0,0,0,0,0,0,0,0,0,0,0,0,0,0,0,0,0,0,0,0,0,0,0,0,0,0,0,0,0,0,0,0,0,0,0,0,0,0,0,0,0,0,0,0,0,0,0,0,0,0,0,0,0,0,0,0,0,0,0,0,0,0,0,0,0,0,0,0,0,0,0,0,0,0,0,0,0,0,0,0,0,0,0,0,0,0,0,0,0,0,0,0,0,0,0,0,0,0,0,0,0,0,0,0,0,0,0,0,0,0,0,0,0,0,0,0,0,0
3624,SOLE PROPRIETORSHIP,B,Retail/BBG Commercial,Wholesale and Retail trade; Repair of Motor Vehicles and Motorcycles,Active,12/27/2024,0,0,0,22375.48,0,0,100570.13,20504.42,0,0,0,0,25000,25000,0,0,2,0,0,0,0,0,6.21,1.08,1.08,0,0,1.23,1.23,-1,0,2.45,0,-1,0,0,1.23,1,0,0,0.5,0,2.45,0,0.02,0,0,0,0,0,0,0,0,1.08,2.45,0.75,0,0,0,0.52,1,1.09,0,0,0.02,0,0.13,0.52,0.55,-0.26,4,1,0,0,0,1,0,0,0,0,0,0,0,1.02,0,0,0,0,0,0,0,164440,0.13,0,0,0,0,0,1.02,0,0,0,2,0.75,0.75,0,0.75,0,0,0,0,0,0,0,0,1,1.09,0,2,1.13,0,0,0.5,0,0,0,0,0,0,0,0,0,0,0,0,0,2,0,0,0,0,0,0,0,0,2,0,0,0,0,0,0,0,0,0,0,0,0,0,0,0,0,0,0
725,NON-FINANCIAL CORPORATION,B,UNSPECIFIED,Wholesale and Retail trade; Repair of Motor Vehicles and Motorcycles,Active,12/27/2024,0,0,0,24665.38,0,0,666666.67,885714.29,0,0,1,0,0,0,0,-6196280,5,0,0,0,0,0,-0.94,-1,-1,0,0,-0.12,-0.12,-1,0,0,0,-1,0,0,-0.12,-1,2,0,-1,0,0,0,-1,0,0,0,0,0,0,0,0,-1,-0.94,-0.16,0,0,0,-1,0,-0.94,0,0,-1,0,0,-1,0,-1,0,-1,0,0,0,-1,0,0,0,0,0,0,0,0,0,0,0,-1,0,0,0,0,-1,0,-1,0,0,0,0,0,0,0,-1,0,-0.16,0,0,-1,0,0,0,0,0,0,0,-1,-0.94,0,0,-1,0,0,-1,0,0,0,0,0,0,0,0,0,0,0,0,0,0,-1,0,0,0,0,0,0,0,-1,0,0,0,0,0,0,0,0,0,0,0,0,0,0,0,0,0,0
189,NON-FINANCIAL CORPORATION,B,UNSPECIFIED,Wholesale and Retail trade; Repair of Motor Vehicles and Motorcycles,UNSPECIFIED,12/27/2024,0,0,0,273956.32,0,0,130245.28,1624.89,7692307.69,0,1,0,0,0,0,-154378.21,89,0,0,0,0,0,0.94,14.67,0.79,0.09,0.25,0.05,0.05,0,0.24,0.72,0,0,0.03,0.19,0.38,0.5,2,0.1,0,-0.04,0.72,0,-0.14,2.42,0,0.06,0,0,0,0,0,0.79,0.13,-0.06,0,0,0,-1,0,0.13,0,0,-0.14,0,-1,0.4,0.32,-1,7,0.5,0.5,0,0,2,0,0.5,0,0,0,0.5,-1,0.85,0,0,0,0,-1,0,0,420699.8,-1,0,0,0,0,4.56,0.85,0,0,0,-1,0.25,-0.13,0,0.5,0,0,0,0,0,0.11,0,0,8,-0.32,0,0,0.54,0,-0.33,-1,0,0,0,0,0,0,0,5,0,0,0,0,0,0,0,0,0,0,0,0,0,0,0.5,0,0,0,0,0,0,0,0,0,0,0,0,0,0,0,0,0,0
7053,SOLE PROPRIETORSHIP,B,UNSPECIFIED,Manufacturing,UNSPECIFIED,12/27/2024,0,0,0,503996.51,0,0,115244.58,38888.89,38461.54,0,1,0,0,0,0,0,82,-1300000,0,0,48.08,66.31,-0.22,1.54,0.91,0.05,-0.43,0.11,-0.05,0,-0.28,0.09,0.39,-1,0.04,0.04,0.13,1,0,-0.09,-0.5,0,0.1,0,-1,0.19,0.26,-0.02,2,0,0,0,0,0.91,-0.28,-0.08,1,1,0,1.04,1,-0.28,0.36,-1,-0.67,-1,0.12,1.97,0.12,-0.8,0,1,0,0,0.18,0.5,-1,0,0,-1,-600000,0,0.87,0,391.22,0,0,-0.58,2,-0.55,0,0,-0.6,0,-0.95,0,2,-0.62,0,0,0,0,-0.25,0.25,-0.08,0,0,0,0,0,0,0,0,0,1,2,-0.33,-0.25,0.08,-0.37,0,0,-0.5,0,0,1,0,0,0,0,-0.4,0,0,0,0,0,0.33,-0.5,0,0,0,0,0,0,0,0,0,0,0,0,0,0,0,0,0,0,0,0,0,0,0,0,0,0
7909,SOLE PROPRIETORSHIP,B,UNSPECIFIED,Wholesale and Retail trade; Repair of Motor Vehicles and Motorcycles,Active,12/27/2024,0,0,0,28390.09,0,0,0,0,769230.77,0,1,0,0,0,0,0,21,0,0,0,0,0,0,-1,0,-0.14,0,0,0,0,0,0,0,0,-0.15,-0.11,0,0,1,0,0,-0.06,0,0,0,-0.85,0,0,0,0,0,0,0,0,0,0,0,0,0,0,0,0,0,0,0,0,0,0,0,0,0,0,0,0,0,0,0,0,0,0,0,0,-1,0,0,0,0,0,-1,0,0,0,0,0,0,0,0,-1,-1,0,0,0,0,0,-0.32,0,0,0,0,0,0,0,0,0,0,0,0,0,0,0,0,0,0,0,0,0,0,0,0,0,-1,0,0,0,0,0,0,0,0,0,0,0,0,0,0,0,0,0,0,0,0,0,0,0,0,0,0,0,0,0,0,0,0,0
6773,SOLE PROPRIETORSHIP,UNSPECIFIED,UNSPECIFIED,UNSPECIFIED,UNSPECIFIED,12/27/2024,0,0,0,0,0,0,0,0,0,0,0,0,0,0,0,0,0,0,0,0,0,0,0,0,0,0,0,0,0,0,0,0,0,0,0,0,0,0,0,0,0,0,0,0,0,0,0,0,0,0,0,0,0,0,0,0,0,0,0,0,0,0,0,0,0,0,0,0,0,0,0,0,0,0,0,0,0,0,0,0,0,0,0,0,0,0,0,0,0,0,0,0,0,0,0,0,0,0,0,0,0,0,0,0,0,0,0,0,0,0,0,0,0,0,0,0,0,0,0,0,0,0,0,0,0,0,0,0,0,0,0,0,0,0,0,0,0,0,0,0,0,0,0,0,0,0,0,0,0,0,0,0,0,0,0,0,0,0,0,0,0,0,0,0
7480,NON-FINANCIAL CORPORATION,B,UNSPECIFIED,Education,UNSPECIFIED,12/27/2024,0,0,0,267339.53,0,0,33293.59,69166.67,76923.08,0,1,0,0,0,0,0,61,-3037856.51,0.01,0,0.31,-0.08,-0.63,1.69,1.34,-0.04,-0.74,-0.01,-0.1,-1,-0.88,-0.19,0.06,0,-0.08,-0.08,0.05,0.64,2,-0.19,-0.64,-0.11,0.28,0,-0.92,-0.79,0.12,-0.18,2.94,0,0,13,0,-0.49,-0.19,-0.22,0,6,-0.16,0.72,0,-0.54,0.01,2.94,-0.56,1.13,-0.14,1.19,-0.53,-1,6,0.38,1,0,0.21,-0.38,-1,1,0,0,-652092.51,1,-1,-0.87,-1,0,0,-1,-1,-0.98,0,1482703.13,-1,0,-0.93,0,-1,-0.99,4.06,0,0,0,-1,-0.13,-0.22,0,-0.69,-1,0,0,0,0,0,0,0,3.17,-0.54,-0.86,0,-0.78,0,-1,-1,0,0,0,0,0,0,0,-0.9,0,0,0,0,0,0,-0.78,0,0,0,0,0,0,0,-0.5,0,0,0,0,0,0,0,0,0,0,0,0,0,0,0,0,0,0
9493,NON-FINANCIAL CORPORATION,UNSPECIFIED,UNSPECIFIED,UNSPECIFIED,UNSPECIFIED,12/27/2024,0,0,0,0,0,0,0,0,0,0,0,0,0,0,0,0,0,0,0,0,0,0,0,0,0,0,0,0,0,0,0,0,0,0,0,0,0,0,0,0,0,0,0,0,0,0,0,0,0,0,0,0,0,0,0,0,0,0,0,0,0,0,0,0,0,0,0,0,0,0,0,0,0,0,0,0,0,0,0,0,0,0,0,0,0,0,0,0,0,0,0,0,0,0,0,0,0,0,0,0,0,0,0,0,0,0,0,0,0,0,0,0,0,0,0,0,0,0,0,0,0,0,0,0,0,0,0,0,0,0,0,0,0,0,0,0,0,0,0,0,0,0,0,0,0,0,0,0,0,0,0,0,0,0,0,0,0,0,0,0,0,0,0,0
8758,NON-FINANCIAL CORPORATION,B,UNSPECIFIED,Administrative and Support Service Activities,Active,12/27/2024,0,0,0,96921.6,0,1,0,0,115384.62,0,1,0,0,0,0,0,19,0,0,0,0,0,0,-1,-1,0.03,0.28,0.05,0.04,0,0.28,0,0,0,0.02,0.03,0.05,-1,1,0.05,0,0.03,0.14,0,-1,0.3,0,0.03,0,0,0,0,0,0,0,0.04,0,0,0,0,0,-0.01,0,0,0,0,0,-1,0,-1,0,0,0,0,0,0,0,0,0,0,0,0,0,0,0,0,0,0,0,0,0,0,0,0,0,0,0,0,0,0,0,0,0,0,0,0,0,0,0,0,0,0,0,0,0,-1,-0.02,0,0,0,0,0,0,0,0,0,0,0,0,0,0,0,0,0,0,0,0,0,0,0,0,0,0,0,0,0,0,0,0,0,0,0,0,0,0,0,0,0,0,0,0,0,0,0
2094,NON-FINANCIAL CORPORATION,B,UNSPECIFIED,Wholesale and Retail trade; Repair of Motor Vehicles and Motorcycles,Active,12/27/2024,0,0,0,10798.92,0,0,30466.67,0,384615.38,0,0,0,0,0,0,0,3,-116000,0,0,0,0,-0.97,2.58,2.58,0,0,0.45,-0.24,0,0,0,0,0,0,0,0.45,2,1,0,-1,0,0.89,0,-1,0,0,0,-1,0,0,0,0,-1,-0.97,-0.32,0,-1,0,-1,0,-0.97,0,-1,-1,0,0,-1,0,-1,1,-1,-1,0,0,-1,-1,0,0,-1,0,0,0,-1,0,0,0,0,0,0,0,35500,-1,0,0,0,0,0,-0.61,0,0,0,-1,0,-0.32,0,0,0,0,0,0,0,0,0,0,-1,-0.97,0,0,-1,0,-1,-1,0,0,0,0,0,0,0,0,0,0,0,0,0,0,0,0,0,0,0,0,0,0,-1,0,0,0,0,0,0,0,0,0,0,0,0,0,0,0,0,0,0
354,NON-FINANCIAL CORPORATION,C,UNSPECIFIED,Construction,Active,12/27/2024,0,0,0,108030.84,0,0,391597.03,446803.83,119230.77,0,1,0,0,40000,0,0,17,-818330.75,0.95,0,1.14,0.84,0.28,6.61,6.61,0.06,-0.31,0.08,0.08,3,1.38,0.28,0.47,3,0.11,0.38,0.37,2,1,0.08,-0.25,0.03,1.07,0,-0.85,0.97,0.36,0.37,7.96,0,0,2,0,-0.12,0,-0.07,0,1,-0.04,0.42,0,0,0.11,2.7,-0.3,0,0.04,3.65,-0.21,-0.82,0,0,0,0,0.08,0.8,0.38,0,0,1,-1227500,0,4.25,0,1.14,0,0,-0.67,3.5,0.64,0,0,-0.07,0,-0.7,0,0,2.39,-1,0,0,0,0.5,-0.13,-0.07,0,0.32,-0.18,0,0,0,0,0,0,0,2.5,-0.59,0.5,0.58,-0.38,0,0,-0.17,0,0,0,0,0,0,0,0.5,0,0,0,0,0,0.33,-0.57,0,0,0,0,0,0,0,-0.25,0,0,0,0,0,0,0,0,0,0,0,0,0,0,0,0,0,0
1614,NON-FINANCIAL CORPORATION,B,UNSPECIFIED,Administrative and Support Service Activities,Active,12/27/2024,0,0,0,26803.59,0,0,16333.33,0,76923.08,0,1,0,0,0,0,0,2,0,0,0,0,0,29.38,-0.04,-0.04,0,0,8.74,8.74,0,0,17.48,0,0,0,0,8.74,0,1,0,-1,0,17.48,0,-1,0,0,0,0,0,0,0,0,-0.04,17.48,0.71,0,0,0,0,0,0.64,0,0,-1,0,0,0,-0.52,0,0,0,0,0,0,0,0,0,0,0,0,0,0,0,0,0,0,0,0,0,0,0,0,0,0,0,0,0,0,0,0,0,0,-0.5,0.71,0,0,0,0,0,0,0,0.33,0,0,0,0.64,0,0,-1,0,0,0,0,8333.33,0,0,0,0,0,0,0,0,0,0,8333.33,0,0,0,0,0,0,0,0,0,-1,0,0,0,0,0,0,0,0,0,0,0,0,0,0,0,0,0,0
4776,FINANCIAL CORPORATION (NON-BANK),B,UNSPECIFIED,Financial and Insurance Activities,Active,12/27/2024,0,0,0,263487.35,0,0,232192.98,0,384615.38,0,1,0,0,0,0,-5540,27,0,3.76,0,0,0,1.41,19,19,0.05,0.72,0.36,0.36,0,3.51,2.04,0,0,0.08,0.4,0.36,1,1,0.35,-0.33,0.12,2.04,0,-0.93,1.9,0,0.37,0,0,0,5,0,1.28,2.04,0.13,0,0,0.1,1.3,0,-0.21,0,0,-0.91,1,0.62,3.03,0.18,-1,5,0.5,0.5,0,0,0.5,0,1,0,0,-1423110,1,0.22,1.28,0,0,0,5.14,-0.25,-0.59,0,1295890,1.16,0,-0.59,0,0,-0.59,19,0,0,0,0,0.08,-0.05,0,0.08,2,0,0,0,0,0,0,0,1,-0.51,1,0.17,-0.79,0,-1,-0.33,0,0,0,0,0,0,0,1,0,0,0,0,0,0.67,-0.33,0,0,0,0,0,0,0,0,0,0,0,0,0,0,0,0,0,0,0,0,0,0,0,0,0,0
2257,NON-FINANCIAL CORPORATION,B,UNSPECIFIED,Wholesale and Retail trade; Repair of Motor Vehicles and Motorcycles,UNSPECIFIED,12/27/2024,0,0,0,1.09E+07,0,0,2250486.45,4578492.59,5384615.38,0,1,0,0,0,0,0,54,-1.65E+07,1.65,0,0.77,0.94,-0.43,6.83,6.83,0.22,10.93,1.36,0.31,3,1.85,-0.04,1.47,3,0.32,1.04,1.36,0.36,1,1.58,-0.06,0.49,4.97,0,-0.88,10.37,0.06,1.19,6.56,0,0,58,0,1.17,-0.04,0.09,0,0.38,0.18,0.2,0,-0.41,0.04,0.36,-0.32,0.86,-0.08,8.16,0.43,-0.43,20,0.29,3.5,0,0.06,-0.09,-0.61,3.5,0,0.17,-1.61E+07,3.5,0.28,0.92,-0.24,0,0,2.21,0.52,-0.13,0,1932675.77,-0.24,0,2.33,0,0.1,0.64,194.7,0,0,0,-0.3,0.12,0.09,0,-0.16,0.19,0,0,0,0,0,0,0,0.48,-0.41,0.47,0,0.48,0,-0.78,-0.24,0,0,0,0,0,0,0,0.16,0,0,0,0,0,0,1.2,0,0,0,0,0,0,0,0.22,0,0,0,0,0,0,0,0,0,0,0,0,0,0,0,0,0,0
6012,PARTNERSHIP,B,Retail/BBG Commercial,Transportation and Storage,Active,12/27/2024,0,0,0,19680.8,0,0,30833.33,10000,1153846.15,0,0,0,0,0,0,0,4,-36603.72,0,0,0,0,-0.77,3.5,3.5,0,0,2.88,-0.13,-1,0,-0.3,0,-1,0,0,2.88,1,0,0,0,0,5.75,0,-1,0,0,0,0,0,0,4,0,0,-0.67,-0.15,0,0,0,2.02,0,-0.67,0,0,0,0,0,5.2,0,-1,0,0,0,0,0,1,0,0,0,0,-59000,0,0,0,0,0,0,0,0,0,0,60000,0,0,0,0,0,0,1,0,0,0,0,0,-0.15,0,0,0,0,0,0,0,0,0,0,1,-0.67,0,0,0,0,0,1,0,0,0,0,0,0,0,0,0,0,0,0,0,0,0,0,0,0,0,0,0,0,0,0,0,0,0,0,0,0,0,0,0,0,0,0,0,0,0,0,0
5050,NON-FINANCIAL CORPORATION,B,UNSPECIFIED,Financial and Insurance Activities,UNSPECIFIED,12/27/2024,0,0,0,666135.59,0,0,501186.19,512107.12,8841384.41,0,1,0,0,0,0,0,52,-1.11E+07,305.24,0,1.8,2.62,-0.62,1526.34,1526.34,-0.06,-0.86,-0.06,-0.18,0.5,-0.94,-0.11,0.41,3,-0.13,-0.17,0.15,5,1,-0.26,-0.33,-0.16,0.2,0,-1,-0.94,-0.01,-0.24,41.22,0,0,0,0,0.77,-0.57,-0.2,0,0.25,0.89,-0.64,0,-0.57,0.02,-1,-0.83,-1,-0.75,3.55,-0.03,-0.85,3,0.25,-1,0,-0.09,-0.08,-1,4,0,-1,-189867.64,4,-0.98,-1,-0.34,0,0,-0.82,-0.36,-0.78,0,1486279.7,-0.95,0,-0.66,0,-0.1,-0.62,159.9,0,0,0,-0.25,-0.04,-0.24,0,-0.13,-0.4,0,0,0,0,0,0,0,0.6,-0.65,0.67,0,-0.69,0,-1,-0.18,0,0,0,0,0,0,0,-0.17,0,0,0,0,0,0,0,0,0,0,0,0,0,0,-0.17,0,0,0,0,0,0,0,0,0,0,0,0,0,0,0,0,0,0
490,SOLE PROPRIETORSHIP,B,UNSPECIFIED,UNSPECIFIED,UNSPECIFIED,12/27/2024,0,0,0,27472.61,0,0,1.37,0,38461.54,0,1,1,0,0,0,0,99,0,0,0,0,0,0,0.23,-1,0.06,0,0.13,0,0,-0.47,0,0,0,0.05,0.28,0.41,-1,0,0,0,0,0,0,-1,1.19,0,-0.07,0,0.42,0,0,0,0,0,-0.05,0,0,0,0,0,0,0,0,0,0,0,-1,0,-1,0,0,0,0,0,0,0,0,0,0,0,-1,-1,0,0,0,0,-1,-1,-1,0,32000,0,0,0,0,0,0,0.23,0,0,0,0,0,-0.12,0,0,-1,0,0,0,0,0,0,0,-1,0,0,0,0,0,0,0,0,0,0,0,0,0,0,0,0,0,0,0,0,0,0,0,0,0,0,0,0,0,0,0,0,0,0,0,0,0,0,0,0,0,0,0,0,0,0,0,0
9019,NON-FINANCIAL CORPORATION,B,Retail/BBG Commercial,Construction,Active,12/27/2024,0,0,0,28984.99,0,0,16666.67,0,769230.77,0,1,0,0,0,0,0,35,0,0,0,0,0,2.53,23,0,-0.18,1.74,0.32,0.32,0,-0.29,3.32,0.31,0,-0.2,0.13,0.32,0,1,0.58,0,-0.18,3.32,0,0,-0.68,0,0.24,0,0,0,0,0,0,-0.18,-0.3,0,0,0,0,0,-0.18,0,0,0,0,-0.37,2.88,0,-0.74,0,0,0,0,0.27,0,0,0,0,0,0,0,-1,0,-0.99,0,0,-0.57,0,0,0,0,-0.74,0,0,0,-0.67,9,0,0,0,0,-0.67,0,-0.38,0,-0.33,0,0,0,0,0,0,0,0,2,-0.18,0,0,0,0,0,-0.67,0,0,0,0,0,0,0,1,0,0,0,0,0,0,0,0,0,0,0,0,0,0,0,0,0,0,0,0,0,0,0,0,0,0,0,0,0,0,0,0,0
1827,SOLE PROPRIETORSHIP,UNSPECIFIED,UNSPECIFIED,UNSPECIFIED,UNSPECIFIED,12/27/2024,0,0,0,0,0,0,0,0,0,0,0,0,0,0,0,0,0,0,0,0,0,0,0,0,0,0,0,0,0,0,0,0,0,0,0,0,0,0,0,0,0,0,0,0,0,0,0,0,0,0,0,0,0,0,0,0,0,0,0,0,0,0,0,0,0,0,0,0,0,0,0,0,0,0,0,0,0,0,0,0,0,0,0,0,0,0,0,0,0,0,0,0,0,0,0,0,0,0,0,0,0,0,0,0,0,0,0,0,0,0,0,0,0,0,0,0,0,0,0,0,0,0,0,0,0,0,0,0,0,0,0,0,0,0,0,0,0,0,0,0,0,0,0,0,0,0,0,0,0,0,0,0,0,0,0,0,0,0,0,0,0,0,0,0
3015,SOLE PROPRIETORSHIP,UNSPECIFIED,UNSPECIFIED,UNSPECIFIED,UNSPECIFIED,12/27/2024,0,0,0,0,0,0,0,0,0,0,0,0,0,0,0,0,0,0,0,0,0,0,0,0,0,0,0,0,0,0,0,0,0,0,0,0,0,0,0,0,0,0,0,0,0,0,0,0,0,0,0,0,0,0,0,0,0,0,0,0,0,0,0,0,0,0,0,0,0,0,0,0,0,0,0,0,0,0,0,0,0,0,0,0,0,0,0,0,0,0,0,0,0,0,0,0,0,0,0,0,0,0,0,0,0,0,0,0,0,0,0,0,0,0,0,0,0,0,0,0,0,0,0,0,0,0,0,0,0,0,0,0,0,0,0,0,0,0,0,0,0,0,0,0,0,0,0,0,0,0,0,0,0,0,0,0,0,0,0,0,0,0,0,0
327,SOLE PROPRIETORSHIP,B,UNSPECIFIED,"Agriculture, Forestry and Fishing",Active,12/27/2024,0,0,0,37763.35,0,0,136834.75,45611.11,0,0,1,1,0,0,0,0,20,0,0,0,0,0,-0.87,-1,-1,0.1,0.17,1.35,0.51,-1,0.17,-0.09,0,-1,0.21,0.65,1.35,-1,0,1.43,-1,0.37,8.09,0,-1,0.17,0,0.89,0,0,0,0,0,-1,-0.09,0.01,0,0,0,4.57,0,-0.86,0,0,-1,0,1.79,4.57,0,-1,0,-1,0,0,0,-0.5,0,0,0,0,0,0,0,0,0,0,0,0,0,0,0,0,-1,0,0,0,0,0,0,0,0,0,-1,0,0,0,-0.75,0,0,0,0,0,0,0,0,-0.5,-0.86,0,0.25,-0.97,0,0,-1,0,0,0,0,0,0,0,0,0,0,0,0,0,1,0,0,0,0,0,0,0,0,1,0,0,0,0,0,0,0,0,0,0,0,0,0,0,0,0,0,0
5373,SOLE PROPRIETORSHIP,B,UNSPECIFIED,Wholesale and Retail trade; Repair of Motor Vehicles and Motorcycles,Active,12/27/2024,0,0,0,50142.59,0,0,0,0,0,0,1,0,0,0,0,0,44,0,0,0,0,0,0,0,0,0,0,0,0,0,0,0,0,0,0,0,0,0,1,0,0,0,0,0,0,0,0,0,0,0,0,0,0,0,0,0,0,0,0,0,0,0,0,0,0,0,0,0,0,0,0,0,0,0,0,0,0,0,0,0,0,0,0,0,0,0,0,0,0,0,0,0,0,0,0,0,0,0,0,0,0,0,0,0,0,0,0,0,0,0,0,0,0,0,0,0,0,0,0,0,0,0,0,0,0,0,0,0,0,0,0,0,0,0,0,0,0,0,0,0,0,0,0,0,0,0,0,0,0,0,0,0,0,0,0,0,0,0,0,0,0,0,0,0
6003,SOLE PROPRIETORSHIP,B,UNSPECIFIED,Wholesale and Retail trade; Repair of Motor Vehicles and Motorcycles,Active,12/27/2024,0,0,0,101108.41,0,0,250005.48,0,0,0,1,0,0,0,0,0,1,-475000,0,0,0,0,0,-1,-1,0,0,-0.43,-0.43,0,0,-0.86,0,0,0,0,-0.43,0,1,0,0,0,-0.86,0,-1,0,0,0,-0.94,0,0,0,0,-1,0,-0.43,0,0,0,-0.94,0,-0.86,0,-0.94,-1,0,0,-0.94,0,-0.94,1,0,-1,0,0,1,-0.94,-1,0,0,0,-1,0,-1,0,0,0,0,0,0,0,500000,0,0,0,0,0,0,-1,0,0,0,0,0,-0.43,0,0,0,0,0,0,0,0,0,0,1,-0.86,0,0,0,0,-1,1,0,0,0,0,0,0,0,0,0,0,0,0,0,0,0,0,0,0,0,0,0,0,0,0,0,0,0,0,0,0,0,0,0,0,0,0,0,0,0,0,0
8914,NON-FINANCIAL CORPORATION,B,UNSPECIFIED,Real Estate Activities,UNSPECIFIED,12/27/2024,0,0,0,485490.86,0,0,20846.53,9183.97,38461.54,0,1,0,29807,29807,0,0,132,-512771.7,0,0,0,0,0.08,-0.36,-0.36,-0.1,0.18,-0.05,-0.05,0,-0.35,0.06,0,0,-0.09,-0.05,-0.05,-0.33,1,0.03,-1,-0.09,0.1,0,-1,-0.46,0,-0.04,2.81,0,0,0,0,-1,0.02,-0.07,1,-0.89,0,-1,0,0.02,0,-1,-1,-1,0,-1,0,-1,0,-1,0,0,0,-1,-1,0,0,-1,-32461.68,0,0,0,-1,0,0,-1,0,0,0,0,-1,0,0,0,-1,0,0,0,0,0,-1,0,-0.13,0,0,-1,0,0,0,0,0,0,0,4,-0.06,0,0,-0.06,0,0,-1,0,0,0,0,0,0,0,0,0,0,0,0,0,0,0,0,0,0,0,0,0,0,0.5,0,0,0,0,0,0,0,0,0,0,0,0,0,0,0,0,0,0
5266,NON-FINANCIAL CORPORATION,B,UNSPECIFIED,"Professional, Scientific & Technical Activities",UNSPECIFIED,12/27/2024,0,0,0,1208060.68,0,0,152602.31,85948.9,384615.38,0,1,0,0,500000,0,0,383,-1109276.01,0,0,2.8,3.89,0.2,633.23,633.23,-0.01,0.17,0.05,0.05,1,0.36,0.18,3.2,4,0.04,0.03,0.05,5,0,0.04,-0.5,0.03,0.18,0,-1,0.35,0.55,0.04,9.92,0,0,0,0,2.65,0.18,0.04,1,4,0,9.92,0,0.01,0.87,9.92,-1,0,5.24,9.92,0.83,-0.96,0,1,0,0,0.59,4,0.56,0,0,4,0,0,2.46,0,162.73,0,0,1.18,0.67,-1,0,0,16.02,0,0,0,4,-0.97,0,0,0,0,4,0.25,0.02,0,2,0,0,0,0,0,0,0,0,4,-0.11,-0.5,0,-1,0,0,0,0,0,0,0,0,0,0,0,0,0,0,0,0,0,0,0,0,0,0,0,0,0,0,0,0,0,0,0,0,0,0,0,0,0,0,0,0,0,0,0,0
2302,NON-FINANCIAL CORPORATION,B,Retail/BBG Commercial,Education,UNSPECIFIED,12/27/2024,0,0,0,1385.52,0,0,166.67,0,1153846.15,0,0,0,0,0,0,0,60,0,0,0,1.45,0.64,-0.65,-1,-1,0.06,-0.96,-0.12,-0.12,0,-0.98,-0.33,-0.42,0,-0.19,0.06,1.53,-1,1,-0.48,-1,-0.3,-0.33,0,-1,-0.97,0.11,-0.12,0,0,0,0,0,-1,-0.47,-0.23,0,0,0,0,0,-0.47,0.08,0,-1,0,0,0,0,-0.85,0,-1,0,0,-0.17,0,0,0,0,0,-150000,0,-0.62,0,-0.97,0,0,-0.98,-0.5,-1,0,0,0,0,-1,0,-0.5,0,-1,0,0,0,0,0,-0.45,0,0,-0.67,0,0,0,0,0,0,0,2,-0.59,-1,0,0,0,0,0,0,0,0,0,0,0,0,0,0,0,0,0,0,0,-1,0,0,0,0,0,0,0,0,0,0,0,0,0,0,0,0,0,0,0,0,0,0,0,0,0,0
8158,SOLE PROPRIETORSHIP,B,UNSPECIFIED,Real Estate Activities,UNSPECIFIED,12/27/2024,0,0,0,131984.19,0,0,84649.9,84644.97,0,0,1,0,0,253934.91,0,0,221,-211685.72,0,0,4.06,3.53,-0.48,13571.15,13571.15,-0.03,0.19,0.19,0.07,0,-0.36,-0.17,5.75,0,0.02,0.12,0.19,0,0,0.27,-1,0.08,2.1,0,-1,-0.33,0.06,0.14,5.16,0,0,2,0,-1,-0.37,0.04,2,1,0,-0.11,0,-0.37,-0.03,0,-1,1,-0.52,19.46,0,-0.94,0,-1,0,0,0.08,-0.33,-0.17,0,0,0,-69457.74,0,-0.85,0,-0.96,0,0,-0.1,-0.6,-1,0,0,-0.94,0,-1,0,-0.75,-1,0,0,0,1,-0.6,0,0.04,0,-0.37,-0.33,0,0,0,0,0.67,-12711.42,0,1.33,-0.39,0,0,-1,0,0,-0.4,0,0,0,0,0,0,0,0,0,0,0,0,0,0,-0.5,0,0,0,0,0,0,0,0,0,0,0,0,0,0,0,0,0,0,0,0,0,0,0,0,0,0
1018,NON-FINANCIAL CORPORATION,B,UNSPECIFIED,Wholesale and Retail trade; Repair of Motor Vehicles and Motorcycles,Active,12/27/2024,0,0,0,184223.16,0,0,0,0,769230.77,0,1,0,0,0,0,0,41,0,0,0,0,0,0,-1,-1,-0.01,0,0,0,0,0,0,0,0,0,0,0,-1,1,0,0,0,0,0,-1,0,0,0,0,0,0,0,0,0,0,0,0,0,0,0,0,0,0,0,0,0,0,0,0,0,0,0,0,0,0,0,0,0,0,0,0,0,0,0,0,0,0,0,0,0,0,0,0,0,0,0,0,0,0,0,0,0,0,0,0,0,0,0,0,0,0,0,0,0,0,0,0,0,0,0,0,0,0,0,0,0,0,0,0,0,0,0,0,0,0,0,0,0,0,0,0,0,0,0,0,0,0,0,0,0,0,0,0,0,0,0,0,0,0,0,0,0,0,0
6524,SOLE PROPRIETORSHIP,UNSPECIFIED,UNSPECIFIED,UNSPECIFIED,UNSPECIFIED,12/27/2024,0,0,0,0,0,0,0,0,0,0,0,0,0,0,0,0,0,0,0,0,0,0,0,0,0,0,0,0,0,0,0,0,0,0,0,0,0,0,0,0,0,0,0,0,0,0,0,0,0,0,0,0,0,0,0,0,0,0,0,0,0,0,0,0,0,0,0,0,0,0,0,0,0,0,0,0,0,0,0,0,0,0,0,0,0,0,0,0,0,0,0,0,0,0,0,0,0,0,0,0,0,0,0,0,0,0,0,0,0,0,0,0,0,0,0,0,0,0,0,0,0,0,0,0,0,0,0,0,0,0,0,0,0,0,0,0,0,0,0,0,0,0,0,0,0,0,0,0,0,0,0,0,0,0,0,0,0,0,0,0,0,0,0,0
9156,NON-FINANCIAL CORPORATION,UNSPECIFIED,UNSPECIFIED,UNSPECIFIED,UNSPECIFIED,12/27/2024,0,0,0,0,0,0,0,0,0,0,0,0,0,0,0,0,0,0,0,0,0,0,0,0,0,0,0,0,0,0,0,0,0,0,0,0,0,0,0,0,0,0,0,0,0,0,0,0,0,0,0,0,0,0,0,0,0,0,0,0,0,0,0,0,0,0,0,0,0,0,0,0,0,0,0,0,0,0,0,0,0,0,0,0,0,0,0,0,0,0,0,0,0,0,0,0,0,0,0,0,0,0,0,0,0,0,0,0,0,0,0,0,0,0,0,0,0,0,0,0,0,0,0,0,0,0,0,0,0,0,0,0,0,0,0,0,0,0,0,0,0,0,0,0,0,0,0,0,0,0,0,0,0,0,0,0,0,0,0,0,0,0,0,0
3941,SOLE PROPRIETORSHIP,UNSPECIFIED,UNSPECIFIED,UNSPECIFIED,UNSPECIFIED,12/27/2024,0,0,0,0,0,0,0,0,0,0,0,0,0,0,0,0,0,0,0,0,0,0,0,0,0,0,0,0,0,0,0,0,0,0,0,0,0,0,0,0,0,0,0,0,0,0,0,0,0,0,0,0,0,0,0,0,0,0,0,0,0,0,0,0,0,0,0,0,0,0,0,0,0,0,0,0,0,0,0,0,0,0,0,0,0,0,0,0,0,0,0,0,0,0,0,0,0,0,0,0,0,0,0,0,0,0,0,0,0,0,0,0,0,0,0,0,0,0,0,0,0,0,0,0,0,0,0,0,0,0,0,0,0,0,0,0,0,0,0,0,0,0,0,0,0,0,0,0,0,0,0,0,0,0,0,0,0,0,0,0,0,0,0,0
8436,SOLE PROPRIETORSHIP,B,Retail/BBG Commercial,Wholesale and Retail trade; Repair of Motor Vehicles and Motorcycles,UNSPECIFIED,12/27/2024,0,0,0,374610.98,0,0,1897683.93,1154898.63,76923.08,0,1,0,536805.34,915227.55,0,0,62,-5247634.04,0.13,0,0.08,0.11,0.32,0.64,0.6,0,0.09,0.13,0.04,1.29,0.36,0.46,0.12,4,0.03,0.1,0.13,0.67,0,0.05,-0.32,0.05,0.46,0,-0.23,0.85,0.12,0.07,0.75,0,0,37,0,0.6,-0.1,0.03,1,0.48,0.05,0.23,1,-0.1,0.09,0.05,0.27,0.44,0.22,0.23,0.44,-0.2,25,0.17,2.25,0,0.05,0.26,-0.29,2.25,0,0.15,-8820455.75,2.25,0.14,10.79,0.87,0,0,0.64,-0.05,0.95,0,1502516.76,0.48,0,0.56,0,0.22,0.35,14.55,0,0,0,-0.22,-0.08,0,0,-0.06,0.07,0,0,0,0,0,0,0,1.43,-0.25,1.11,0,1.04,0,-0.38,-0.38,0,0,0,0,1,0,0,0.58,0,0,0,0,0,0,0.06,0,0,0,0,0,0,0,-0.21,0,0,0,0,0,0,0,0,0,0,0,0,0,0,0,0,0,0
4085,SOLE PROPRIETORSHIP,M,Banking Center,UNSPECIFIED,UNSPECIFIED,12/27/2024,0,0,0,402537.39,0,0,120518.18,103289.11,0,0,0,0,0,22185,0,0,37,-295900,0.07,0,0,-0.14,0.24,6.29,0.52,0,0.4,0.06,0.06,0.25,0.22,0.15,0,1.25,-0.05,-0.02,0.21,0.43,0,0.07,-0.3,-0.03,0.15,0,-0.35,-0.32,0,0.03,-0.82,0,0,0,0,0.49,0.15,0.04,0,0,0.04,0,1,0.08,-0.11,0,-0.35,0,0,0.17,0.07,-0.14,10,0.43,0.33,0,0.03,0,0,1,0,0,0,1,0,0.69,-0.82,0,0,0,0,-0.74,0,483960.66,0,0,-0.01,0,-0.71,0,2.5,0,0,1,0,0.06,-0.13,0,0,0,0,0,0,0,0,0,0,2.5,-0.04,-0.42,0,-0.04,0,-0.25,0,0,0,0,0,0,0,0,0.4,0,0,0,0,0,0,0,0,0,0,0,0,0,0,0,0,0,0,0,0,0,0,0,0,0,0,0,0,0,0,0,0,0
3400,SOLE PROPRIETORSHIP,B,UNSPECIFIED,Wholesale and Retail trade; Repair of Motor Vehicles and Motorcycles,Active,12/27/2024,0,0,0,50774.72,0,0,174734.82,95706.61,76923.08,0,0,0,0,0,0,0,9,0,0,0,0,12.9,8.33,1348.21,-1,0,-0.67,0.18,0.18,-1,-0.66,17.08,18,-1,-0.08,0,0.18,1,1,2.95,-1,-0.08,17.08,0,-1,0,0,2.09,0,1.9,0,0,0,-1,17.08,0.03,0,0,0,86,0,-0.48,0.66,0,-1,0,42.57,86,0,-0.99,0,-1,0,1.2,0.78,3,0,-1,0,0,0,0,0,0,-0.45,0,0,-0.89,0,-1,0,217000,11,0,-1,0,-0.57,0,7.82,0,0,0,2,0,-0.32,0,1.38,0.5,0,0,0,0,0,0,0,6,-0.8,-1,0.9,0,0,0,-0.25,0,0,0,0,0,0,0,0,0,0,0,0,0,0.67,-1,0,0,0,0,0,0,0,0,0,0,0,0,0,0,0,0,0,0,0,0,0,0,0,0,0,0
2458,SOLE PROPRIETORSHIP,B,UNSPECIFIED,Wholesale and Retail trade; Repair of Motor Vehicles and Motorcycles,Active,12/27/2024,0,0,0,4044.09,0,0,0,0,0,0,1,0,0,0,0,0,5,0,0,0,0,0,-0.39,-1,-1,0,-0.1,0.24,-0.02,0,0,-0.18,0,0,0,0,0.24,-1,1,0.01,0,0.05,0.48,0,-1,0,0,0,0,0,0,0,0,0,-0.18,-0.05,0,0,0,0,0,-0.26,0,0,0,0,0,0,0,0,0,0,0,0,0,0,0,-1,0,0,0,-1,0,0,0,0,0,0,0,0,0,5000,0,0,-1,0,0,0,-1,0,0,0,0,0,-0.05,0,0,0,0,0,0,0,0,0,0,0,-0.26,0,0,0,0,0,0,0,0,0,0,0,0,0,0,0,0,0,0,0,0,-1,0,0,0,0,0,0,0,0,0,0,0,0,0,0,0,0,0,0,0,0,0,0,0,0,0,0
4887,NON-FINANCIAL CORPORATION,UNSPECIFIED,UNSPECIFIED,UNSPECIFIED,UNSPECIFIED,12/27/2024,0,0,0,0,0,0,0,0,0,0,0,0,0,0,0,0,0,0,0,0,0,0,0,0,0,0,0,0,0,0,0,0,0,0,0,0,0,0,0,0,0,0,0,0,0,0,0,0,0,0,0,0,0,0,0,0,0,0,0,0,0,0,0,0,0,0,0,0,0,0,0,0,0,0,0,0,0,0,0,0,0,0,0,0,0,0,0,0,0,0,0,0,0,0,0,0,0,0,0,0,0,0,0,0,0,0,0,0,0,0,0,0,0,0,0,0,0,0,0,0,0,0,0,0,0,0,0,0,0,0,0,0,0,0,0,0,0,0,0,0,0,0,0,0,0,0,0,0,0,0,0,0,0,0,0,0,0,0,0,0,0,0,0,0
3563,NON-FINANCIAL CORPORATION,B,UNSPECIFIED,Information and Communication,Active,12/27/2024,0,0,0,13783.48,0,2,0,11111.11,1.38E+07,0,1,0,0,5000000,0,0,36,-2266477.1,0,0,0,0,0,5.71,-1,-0.3,-0.39,-0.23,-0.55,0,-1,0,0,-1,-0.37,-0.18,-0.1,0.14,2,-0.08,0,-0.49,0,0,-1,-1,0,-0.21,0.75,0,0,0,0,0,0,-0.99,0,0,0,0,0,0,0,0,0,4,0,-1,0,-1,0,0,0,0,0,0,0,-1,0,0,-1.63E+07,0.75,-1,0,-1,0,0,-1,-1,-1,0,1639351.5,0,0,-1,0,-1,-1,2.1,1739119.31,0,0,0,0,-0.99,0,0,-1,0,0,0,0,0,0,0,0.28,-0.39,-1,0,0,0,0,0,0,0,1,0,0,0,0,-1,0,0,0,0,0,0,-1,0,0,0,0,0,0,0,0,0,0,0,0,0,0,0,0,0,0,0,0,0,0,0,0,0,0
2351,NON-FINANCIAL CORPORATION,UNSPECIFIED,UNSPECIFIED,UNSPECIFIED,UNSPECIFIED,12/27/2024,0,0,0,0,0,0,0,0,0,0,0,0,0,0,0,0,0,0,0,0,0,0,0,0,0,0,0,0,0,0,0,0,0,0,0,0,0,0,0,0,0,0,0,0,0,0,0,0,0,0,0,0,0,0,0,0,0,0,0,0,0,0,0,0,0,0,0,0,0,0,0,0,0,0,0,0,0,0,0,0,0,0,0,0,0,0,0,0,0,0,0,0,0,0,0,0,0,0,0,0,0,0,0,0,0,0,0,0,0,0,0,0,0,0,0,0,0,0,0,0,0,0,0,0,0,0,0,0,0,0,0,0,0,0,0,0,0,0,0,0,0,0,0,0,0,0,0,0,0,0,0,0,0,0,0,0,0,0,0,0,0,0,0,0
4046,SOLE PROPRIETORSHIP,UNSPECIFIED,UNSPECIFIED,UNSPECIFIED,UNSPECIFIED,12/27/2024,0,0,0,0,0,0,0,0,0,0,0,0,0,0,0,0,0,0,0,0,0,0,0,0,0,0,0,0,0,0,0,0,0,0,0,0,0,0,0,0,0,0,0,0,0,0,0,0,0,0,0,0,0,0,0,0,0,0,0,0,0,0,0,0,0,0,0,0,0,0,0,0,0,0,0,0,0,0,0,0,0,0,0,0,0,0,0,0,0,0,0,0,0,0,0,0,0,0,0,0,0,0,0,0,0,0,0,0,0,0,0,0,0,0,0,0,0,0,0,0,0,0,0,0,0,0,0,0,0,0,0,0,0,0,0,0,0,0,0,0,0,0,0,0,0,0,0,0,0,0,0,0,0,0,0,0,0,0,0,0,0,0,0,0
7330,SOLE PROPRIETORSHIP,B,UNSPECIFIED,Wholesale and Retail trade; Repair of Motor Vehicles and Motorcycles,Active,12/27/2024,0,0,0,156823.49,0,0,60008.3,0,0,0,1,0,0,0,0,0,15,0,0,0,0.01,0.02,-0.32,1,-0.2,0.06,-0.62,0.06,-0.08,0,-0.43,-0.12,0.03,0,0.04,-0.02,0.18,0.5,1,-0.17,-0.33,-0.02,-0.05,0,-1,-0.34,0.05,-0.05,0,0,0,0,0,-0.62,-0.24,-0.11,0,0,0,0.4,0,-0.24,0.06,0,-0.62,0,0.07,0.4,0,-0.27,4,-0.33,-0.67,0,0.1,0.5,0,0,0,0,0,0,0.03,-0.62,0.03,0,-36370,0.03,0.5,-0.64,0,770000,0.03,0,-0.5,-36370,0.5,-0.5,1,0,-36370,0,0.5,0,-0.11,0,0.25,0.5,0,0,0,0,0,0,1,0.5,-0.33,0,0,0,0,-0.67,0,0,0,1,0,0,0,0,0,0,0,0,0,0,0,1,0,0,0,0,0,0,0,0,0,0,0,0,0,0,0,0,0,0,0,0,0,0,0,0,0,0
9436,NON-FINANCIAL CORPORATION,B,UNSPECIFIED,Wholesale and Retail trade; Repair of Motor Vehicles and Motorcycles,UNSPECIFIED,12/27/2024,0,0,0,1022456.01,0,0,210781.1,0,3846153.85,0,1,0,0,0,0,0,87,-367272.28,0,0,0,0,0.42,-1,-1,-0.02,0.18,0.06,0.06,0,0.11,0.67,0,0,-0.05,-0.03,0.11,0,1,0.07,0,-0.01,0.67,0,-1,-0.46,0,0.04,7.94,0,0,2,0,-1,0.67,0.03,0,3,0,0.72,0,-0.15,0,7.94,-1,0,0.24,0.72,0,-1,0,0,0,0,0,1,-0.5,0,0,3,-232891.72,0,-0.16,0,3,0,0,4.72,-0.43,0,0,0,0.31,0,0,0,3,0,0,0,0,0,0.33,0,-0.08,0,0.33,1,0,0,0,0,0,0,0,2,-0.15,0,0,0,0,0,-0.33,0,0,0,0,0,0,0,0,0,0,0,0,0,0,0,0,0,0,0,0,0,0,0,0,0,0,0,0,0,0,0,0,0,0,0,0,0,0,0,0,0
7589,SOLE PROPRIETORSHIP,B,Retail/BBG Commercial,Human Health and Social Work Activities,Active,12/27/2024,0,0,0,15833.33,0,0,0,3571.43,0,0,0,0,0,0,0,0,6,0,0,0,0,0,-1,-1,0,0,-1,0.18,0.01,0,0,-0.1,0,-1,0,0,1.17,-1,1,-0.22,0,0.05,0,0,0,0,0,0,0,0.43,0,0,0,0,-0.1,-0.06,0,0,0,-1,0,-1,0,0,0,0,0,-1,0,-1,0,0,0,0,0,-1,0,0,0,0,0,0,0,0,0,0,0,0,0,0,0,0,0,0,0,0,0,0,0,0,0,0,0,0,-0.06,0,0,0,0,0,0,0,0,0,0,-1,-1,0,0,0,0,0,-1,0,0,0,0,0,0,0,0,0,0,0,0,0,0,0,0,0,0,0,0,0,0,0,0,0,0,0,0,0,0,0,0,0,0,0,0,0,0,0,0,0
5693,PARTNERSHIP,B,Retail/BBG Commercial,"Professional, Scientific & Technical Activities",UNSPECIFIED,12/27/2024,0,0,0,1310179.57,0,1,980858.18,282885.82,76923.08,0,1,1,127899,391333.31,0,0,94,-401723.57,0.27,0,0.32,0.41,-0.01,1.27,1.27,0.04,0.15,0.05,0.05,0.78,0.19,0.06,0.68,2,0.03,0.02,0.07,0.56,1,0.04,0,0.03,0.32,0,-0.37,0.23,0.03,0.03,5.1,0,0,19,0,1.27,0.06,0.04,1,0.67,0.07,3.49,0,-0.06,-0.05,1.15,-0.37,1,1.45,3.49,0.45,-0.6,16,0.29,1.67,0,-0.03,-0.05,-0.92,1.67,0,0.67,-638684.5,1.67,1.16,6.07,0.85,0,-25167.16,1.32,-0.33,1.42,0,3019809.7,0.81,0,1.07,-9886.44,-0.42,0.55,7.25,0,-16765.32,0,-0.25,0.14,-0.01,0,-0.13,-0.18,0,0,0,19803,0,0,0,1.21,-0.07,0.13,2.75,0.43,0,-0.4,-0.21,0,0,1,0,0,0,0,-0.05,0,0,1,0,0,2.67,0.13,0,0,0,0,0,0,0,0.29,0,0,0,0,0,0,0,0,0,0,0,0,0,0,0,0,0,0
5015,SOLE PROPRIETORSHIP,B,Retail/BBG Commercial,Wholesale and Retail trade; Repair of Motor Vehicles and Motorcycles,UNSPECIFIED,12/27/2024,0,0,0,14238.07,0,0,0.71,0,384615.38,0,1,1,0,0,0,0,65,0,0,0,0,0,0,-1,-1,0,0,0,0,0,0,0,0,0,0,0,0,-1,0,0,0,0,0,0,-1,0,0,0,0,0,0,0,0,0,0,0,0,0,0,0,0,0,0,0,0,0,0,0,0,0,0,0,0,0,0,0,0,0,0,0,0,0,0,0,0,0,0,0,0,0,0,0,0,0,0,0,0,0,0,0,0,0,0,0,0,0,0,0,0,0,0,0,0,0,0,0,0,0,0,0,0,0,0,0,0,0,0,0,0,0,0,0,0,0,0,0,0,0,0,0,0,0,0,0,0,0,0,0,0,0,0,0,0,0,0,0,0,0,0,0,0,0,0,0
4290,FINANCIAL CORPORATION (NON-BANK),UNSPECIFIED,UNSPECIFIED,UNSPECIFIED,UNSPECIFIED,12/27/2024,0,0,0,0,0,0,0,0,0,0,0,0,0,0,0,0,0,0,0,0,0,0,0,0,0,0,0,0,0,0,0,0,0,0,0,0,0,0,0,0,0,0,0,0,0,0,0,0,0,0,0,0,0,0,0,0,0,0,0,0,0,0,0,0,0,0,0,0,0,0,0,0,0,0,0,0,0,0,0,0,0,0,0,0,0,0,0,0,0,0,0,0,0,0,0,0,0,0,0,0,0,0,0,0,0,0,0,0,0,0,0,0,0,0,0,0,0,0,0,0,0,0,0,0,0,0,0,0,0,0,0,0,0,0,0,0,0,0,0,0,0,0,0,0,0,0,0,0,0,0,0,0,0,0,0,0,0,0,0,0,0,0,0,0
804,PARTNERSHIP,UNSPECIFIED,UNSPECIFIED,UNSPECIFIED,UNSPECIFIED,12/27/2024,0,0,0,0,0,0,0,0,0,0,0,0,0,0,0,0,0,0,0,0,0,0,0,0,0,0,0,0,0,0,0,0,0,0,0,0,0,0,0,0,0,0,0,0,0,0,0,0,0,0,0,0,0,0,0,0,0,0,0,0,0,0,0,0,0,0,0,0,0,0,0,0,0,0,0,0,0,0,0,0,0,0,0,0,0,0,0,0,0,0,0,0,0,0,0,0,0,0,0,0,0,0,0,0,0,0,0,0,0,0,0,0,0,0,0,0,0,0,0,0,0,0,0,0,0,0,0,0,0,0,0,0,0,0,0,0,0,0,0,0,0,0,0,0,0,0,0,0,0,0,0,0,0,0,0,0,0,0,0,0,0,0,0,0
7359,SOLE PROPRIETORSHIP,B,UNSPECIFIED,Accommodation and Food Service Activities,Active,12/27/2024,0,0,0,99251.19,0,0,250157.96,0,307692.31,0,1,0,29464.29,29464.29,0,0,16,0,0.01,0,0.03,-0.05,-0.48,0.53,0.53,-0.01,-0.25,0.13,-0.15,0,0.56,0.32,-0.22,0,0,0.18,0.21,0.86,1,0.07,-0.36,-0.06,0.67,0,-0.64,-0.52,0.24,0.34,0,0,0,0,0,0.53,-0.61,-0.18,0,0,0.07,0.01,0,-0.61,0.12,0,-0.64,-1,-0.36,0.04,-0.05,-0.73,1,0.86,0,0,-0.23,-0.13,0,0,0,0,-120000,-0.5,-0.92,0,-0.84,0,0,-0.83,-0.88,-0.5,0,231694,-0.73,0,-0.41,0,-0.86,-0.81,-0.11,0,0,0,-0.75,0.25,-0.18,0,-0.42,-0.83,0,0,0,10524.6,3.33,0,0,3,-0.61,0.04,0,-0.44,0,0,-0.71,0,0,0,0,0,0,0,0.37,0,0,0,0,0,0,-0.07,0,0,0,0,0,0,0,0.18,0,0,0,0,0,0,0,0,0,0,0,0,0,0,0,0,0,0
6103,NON-FINANCIAL CORPORATION,UNSPECIFIED,UNSPECIFIED,UNSPECIFIED,UNSPECIFIED,12/27/2024,0,0,0,0,0,0,0,0,0,0,0,0,0,0,0,0,0,0,0,0,0,0,0,0,0,0,0,0,0,0,0,0,0,0,0,0,0,0,0,0,0,0,0,0,0,0,0,0,0,0,0,0,0,0,0,0,0,0,0,0,0,0,0,0,0,0,0,0,0,0,0,0,0,0,0,0,0,0,0,0,0,0,0,0,0,0,0,0,0,0,0,0,0,0,0,0,0,0,0,0,0,0,0,0,0,0,0,0,0,0,0,0,0,0,0,0,0,0,0,0,0,0,0,0,0,0,0,0,0,0,0,0,0,0,0,0,0,0,0,0,0,0,0,0,0,0,0,0,0,0,0,0,0,0,0,0,0,0,0,0,0,0,0,0
9615,SOLE PROPRIETORSHIP,B,UNSPECIFIED,Wholesale and Retail trade; Repair of Motor Vehicles and Motorcycles,Active,12/27/2024,0,0,0,5000,0,0,0,0,76923.08,0,0,0,0,0,0,0,3,0,0,0,0,0,0,-1,-1,0,0,1.38,0.19,0,0,0,0,0,0,0,1.38,-1,0,0,0,0,2.75,0,-1,0,0,0,0,0,0,0,0,0,0,0.08,0,0,0,0,0,0,0,0,0,0,0,0,0,0,0,0,0,0,0,0,0,-1,0,0,0,-1,0,0,0,0,0,0,0,0,0,5000,0,0,0,0,0,0,-1,0,0,0,0,0,0.08,0,0,0,0,0,0,0,0,0,0,0,0,0,0,0,0,0,0,0,0,0,0,0,0,0,0,0,0,0,0,0,0,0,0,0,0,0,0,0,0,0,0,0,0,0,0,0,0,0,0,0,0,0,0,0,0,0,0,0
8643,NON-FINANCIAL CORPORATION,UNSPECIFIED,UNSPECIFIED,UNSPECIFIED,UNSPECIFIED,12/27/2024,0,0,0,0,0,0,0,0,0,0,0,0,0,0,0,0,0,0,0,0,0,0,0,0,0,0,0,0,0,0,0,0,0,0,0,0,0,0,0,0,0,0,0,0,0,0,0,0,0,0,0,0,0,0,0,0,0,0,0,0,0,0,0,0,0,0,0,0,0,0,0,0,0,0,0,0,0,0,0,0,0,0,0,0,0,0,0,0,0,0,0,0,0,0,0,0,0,0,0,0,0,0,0,0,0,0,0,0,0,0,0,0,0,0,0,0,0,0,0,0,0,0,0,0,0,0,0,0,0,0,0,0,0,0,0,0,0,0,0,0,0,0,0,0,0,0,0,0,0,0,0,0,0,0,0,0,0,0,0,0,0,0,0,0
4228,PARTNERSHIP,B,Retail/BBG Commercial,Manufacturing,Active,12/27/2024,0,0,0,3209.75,0,0,2766.67,0,0,0,0,0,0,0,0,0,8,-52000,0,0,0,0,0.89,0.77,0.77,0,-0.33,-0.15,-0.42,0,-0.89,1.58,2.57,0,-0.21,0,0.26,2,1,0.09,-1,-0.31,1.58,0,-1,0,0,-0.04,-0.55,0,0,0,0,-1,1.58,-0.53,0,-1,0,9.6,0,-0.27,0,0,-1,0,4.8,9.6,0,-0.82,0,-1,0,0,2.45,10,0,0,0,0,0,-1,0,0,0,0,0,4.89,0,-0.94,0,50000,9.6,0,0,0,0,0,-1,0,0,0,10,0,-0.53,0,5,10,0,0,0,0,0,0,0,10,-0.45,0,0,-0.43,0,0,0,0,0,0,0,0,0,0,0,0,0,0,0,0,0,0,0,0,0,0,0,0,0,-0.33,0,0,0,0,0,0,0,0,0,0,0,0,0,0,0,0,0,0
772,SOLE PROPRIETORSHIP,UNSPECIFIED,UNSPECIFIED,UNSPECIFIED,UNSPECIFIED,12/27/2024,0,0,0,0,0,0,0,0,0,0,0,0,0,0,0,0,0,0,0,0,0,0,0,0,0,0,0,0,0,0,0,0,0,0,0,0,0,0,0,0,0,0,0,0,0,0,0,0,0,0,0,0,0,0,0,0,0,0,0,0,0,0,0,0,0,0,0,0,0,0,0,0,0,0,0,0,0,0,0,0,0,0,0,0,0,0,0,0,0,0,0,0,0,0,0,0,0,0,0,0,0,0,0,0,0,0,0,0,0,0,0,0,0,0,0,0,0,0,0,0,0,0,0,0,0,0,0,0,0,0,0,0,0,0,0,0,0,0,0,0,0,0,0,0,0,0,0,0,0,0,0,0,0,0,0,0,0,0,0,0,0,0,0,0
8644,NON-FINANCIAL CORPORATION,B,Retail/BBG Commercial,Construction,UNSPECIFIED,12/27/2024,0,0,0,7071.72,0,0,1569640,564983.69,461538.46,0,0,0,2269900,1.72E+07,0,0,28,-452780,2.62,0,1.76,2.38,34.55,10.5,10.5,0.26,-0.91,0.06,0.06,-1,0.38,12.22,2.75,-1,0.44,5.93,3.64,3,0,2.42,2,-0.01,12.22,0,-0.97,1.86,0.23,8.04,-1,0,0,2,0,10.5,12.22,0,0,0,0.71,10.29,0,1.69,0.24,0,4.74,0,7.52,10.29,7.62,-0.98,7,3,2,0,0.36,1.5,0,4,0,0,-541000,4,4.67,8.92,6.57,0,0,-0.57,0,6.69,0,9047391,63.92,0,-0.72,0,-0.43,4.67,52.12,0,0,0,5,2.5,-0.05,0,1.45,-0.29,0,0,0,0,0,0,0,1.5,-0.97,0.71,4.5,64.98,0,0,1.4,0,0,0,0,0,0,0,1.4,0,0,0,0,0,4.33,-0.14,0,0,0,0,0,0,0,11,0,0,0,0,0,0,0,0,0,0,0,0,0,0,0,0,0,0
9215,PARTNERSHIP,B,Retail/BBG Commercial,Wholesale and Retail trade; Repair of Motor Vehicles and Motorcycles,UNSPECIFIED,12/27/2024,0,0,0,98593.22,0,0,166.67,0,76923.08,0,1,0,0,0,0,0,47,0,0,0,0,0,0.01,-1,-1,-0.1,0.01,0,0,0,0.01,0,0,0,0,0,0.03,-1,1,0,-1,0,0,0,-1,0.01,0,0,0,0,0,0,0,-1,0,0,0,0,0,0,0,0,0,0,-1,0,0,0,0,0,1,-1,-1,0,0,0,0,-1,0,0,0,-1,0,-1,0,0,0,0,0,0,0,500,0,0,0,0,0,0,-1,0,0,0,0,0,0,0,0,0,0,0,0,0,0,0,0,0,0,0,0,0,0,-1,0,0,0,0,0,0,0,0,0,0,0,0,0,0,0,0,0,0,0,0,0,0,0,0,0,0,0,0,0,0,0,0,0,0,0,0,0,0,0,0,0,0
2579,NON-FINANCIAL CORPORATION,B,UNSPECIFIED,Wholesale and Retail trade; Repair of Motor Vehicles and Motorcycles,Active,12/27/2024,0,0,0,152773.03,0,0,8.54,0,769230.77,0,1,0,0,0,0,0,37,0,0,0,0,0,0,-1,-1,-0.14,0,0,0,0,0,0,0,-1,-0.13,-0.07,0,-1,1,0,0,0,0,0,-1,-0.81,0,0,0,0,0,0,0,0,0,0,0,0,0,0,0,0,0,0,0,0,0,0,0,0,0,0,0,0,0,0,0,0,0,0,0,0,-1,0,0,0,0,0,-1,0,0,0,0,0,0,0,0,-1,0,0,0,0,0,0,0,0,0,0,0,0,0,0,0,0,0,-1,0,0,0,0,0,0,0,0,0,0,0,0,0,0,0,0,0,0,0,0,0,0,0,0,0,0,0,0,0,0,0,0,0,0,0,0,0,0,0,0,0,0,0,0,0,0,0,0
5208,SOLE PROPRIETORSHIP,B,Retail/BBG Commercial,Wholesale and Retail trade; Repair of Motor Vehicles and Motorcycles,Active,12/27/2024,0,0,0,1032.62,0,0,0,5555.56,0,0,0,0,0,0,0,0,8,-45000,0,0,0,0,-0.97,-1,0,0,-0.99,-0.13,-0.24,0,-1,-0.51,0,-1,-0.28,0,-0.13,-1,1,-0.44,0,-0.31,-0.17,0,0,0,0,-0.43,-1,0,0,0,0,0,-0.51,-0.54,0,0,0,0,0,-0.94,0,0,0,0,0,0,0,0,0,0,0,0,0,0,0,0,0,0,0,0,0,0,0,0,0,0,0,-1,0,0,0,0,0,0,0,0,0,0,0,0,0,0,-0.54,0,0,0,0,0,0,0,0,0,0,0,-0.94,-1,0,0,0,0,0,0,0,0,0,0,0,0,0,0,0,0,0,0,0,0,0,0,0,0,0,0,0,0,0,0,0,0,0,0,0,0,0,0,0,0,0,0,0,0,0,0
3903,NON-FINANCIAL CORPORATION,B,Retail/BBG Commercial,Financial and Insurance Activities,UNSPECIFIED,12/27/2024,0,0,0,306996.36,0,0,0,0,384615.38,0,1,0,0,0,0,0,160,0,0,0,0,0,0,-1,-1,0,0,0,0,0,0,0,0,0,0,0,0,-1,0,0,0,0,0,0,-1,0,0,0,0,0,0,0,0,0,0,0,1,0,0,0,0,0,0,0,0,0,0,0,0,0,0,0,0,0,0,0,0,0,0,0,0,0,0,0,0,0,0,0,0,0,0,0,0,0,0,0,0,0,0,0,0,0,0,0,0,0,0,0,0,0,0,0,0,0,0,0,0,0,0,0,0,0,0,0,0,0,0,0,0,0,0,0,0,0,0,0,0,0,0,0,0,0,0,0,0,0,0,0,0,0,0,0,0,0,0,0,0,0,0,0,0,0,0,0
4238,SOLE PROPRIETORSHIP,B,Retail/BBG Commercial,Transportation and Storage,UNSPECIFIED,12/27/2024,0,0,0,19785.1,0,0,58659.93,0,76923.08,0,0,0,175971.2,1139479.52,0,0,10,0,0,0,0,0,-1,-0.32,-0.32,0,-1,0.12,-0.16,0,-1,-0.54,-0.13,0,0.1,0,0.52,2,0,-0.57,-1,-0.07,-0.1,0,-1,0,0,0.11,0,0,0,0,0,-0.32,-0.54,-0.34,1,0,0,0.01,1,-1,0,0,-1,0,-0.49,0.75,-0.66,-1,0,2,0,0,0.1,1,0,0,0,0,0,0,0,0,-1,0,0,-1,0,-1,0,0,-1,0,0,0,-1,0,0,0,0,0,-1,0.5,-0.34,0,0,-1,0,0,0,0,0,0,0,1,-1,-1,0.91,-1,0,0,-1,0,0,0,0,0,0,0,0,0,0,0,0,0,1,0,0,0,0,0,0,0,0,-1,0,0,0,0,0,0,0,0,0,0,0,0,0,0,0,0,0,0
7345,NON-FINANCIAL CORPORATION,UNSPECIFIED,UNSPECIFIED,UNSPECIFIED,UNSPECIFIED,12/27/2024,0,0,0,0,0,0,0,0,0,0,0,0,0,0,0,0,0,0,0,0,0,0,0,0,0,0,0,0,0,0,0,0,0,0,0,0,0,0,0,0,0,0,0,0,0,0,0,0,0,0,0,0,0,0,0,0,0,0,0,0,0,0,0,0,0,0,0,0,0,0,0,0,0,0,0,0,0,0,0,0,0,0,0,0,0,0,0,0,0,0,0,0,0,0,0,0,0,0,0,0,0,0,0,0,0,0,0,0,0,0,0,0,0,0,0,0,0,0,0,0,0,0,0,0,0,0,0,0,0,0,0,0,0,0,0,0,0,0,0,0,0,0,0,0,0,0,0,0,0,0,0,0,0,0,0,0,0,0,0,0,0,0,0,0
5410,SOLE PROPRIETORSHIP,B,UNSPECIFIED,Manufacturing,Active,12/27/2024,0,0,0,25403.23,0,0,61250,0,0,0,1,0,0,0,0,0,2,0,0,0,0,0,2.87,-1,-1,0,0,1.44,1.44,0,0,2.87,0,0,0,0,1.44,-1,1,0,-1,0,2.87,0,-1,0,0,0,0,0,0,0,0,-1,2.87,0.2,0,0,0,-1,0,0,0,0,-1,0,0,-1,0,-1,0,-1,0,0,0,-1,0,0,0,0,0,0,0,0,0,0,0,0,0,0,0,0,-1,0,0,0,0,0,0,0,0,0,-1,0,0.2,0,0,0,0,0,0,0,0,0,0,-1,0,0,0.33,-1,0,0,-1,0,0,0,0,0,0,0,0,0,0,0,0,0,0.33,0,0,0,0,0,0,0,0,-1,0,0,0,0,0,0,0,0,0,0,0,0,0,0,0,0,0,0
5401,PARTNERSHIP,B,Retail/BBG Commercial,"Professional, Scientific & Technical Activities",Active,12/27/2024,0,0,0,17209.79,0,0,0,0,76923.08,0,0,0,0,0,0,0,27,0,0,0,0,0,-0.98,0,0,-0.06,-0.98,0,-0.09,0,-0.98,-0.54,0,0,-0.04,-0.14,0,0,1,-0.3,0,-0.05,0,0,0,-0.98,0,-0.19,0,0,0,1,0,0,-0.54,-0.18,0,0,0,-1,0,-0.95,0,0,0,-1,0,-1,0,-1,0,0,0,0,0,-1,0,0,0,0,-34000,0,0,0,0,0,0,0,0,0,0,0,0,0,0,0,0,0,0,0,0,0,0,0,-0.18,0,0,0,0,0,0,0,0,0,0,-1,-0.95,0,0,0,0,0,-1,0,0,0,0,0,0,0,0,0,0,0,0,0,0,0,0,0,0,0,0,0,0,0,0,0,0,0,0,0,0,0,0,0,0,0,0,0,0,0,0,0
7055,SOLE PROPRIETORSHIP,B,Retail/BBG Commercial,Wholesale and Retail trade; Repair of Motor Vehicles and Motorcycles,Active,12/27/2024,0,0,0,100767.9,0,0,32336.03,21111.11,384615.38,0,1,0,0,0,0,0,45,0,0,0,0.02,0.02,0.66,22462.77,-1,0.05,0.19,0.11,0.11,-1,0.31,0.39,-0.02,-1,0.02,0.12,0.16,0,1,0.06,0,0.01,0.39,0,-1,1.16,0,0.07,0,0,0,0,0,-1,0.2,0.02,0,0,0,-0.03,0,0.2,0,0,-1,0,-0.08,0.07,0,-0.13,0,0,0,0,0,0,0,0,0,0,0,0,0.17,0,0.11,0,0,-0.1,0,0,0,0,-0.15,0,-1,0,0,0,0,0,0,0,0,0,-0.04,0,0,0,0,0,0,0,0,0,0,0,-0.2,0,0,0,0,0,0,0,0,0,0,0,0,0,0,0,0,0,0,0,0,0,0,0,0,0,0,0,0,0,0,0,0,0,0,0,0,0,0,0,0,0,0,0,0,0,0,0
7166,NON-FINANCIAL CORPORATION,B,UNSPECIFIED,Wholesale and Retail trade; Repair of Motor Vehicles and Motorcycles,UNSPECIFIED,12/27/2024,0,0,0,2813933.55,0,1,5217247.55,2412064.63,3846153.85,0,1,0,1600000,2111675,0,0,76,-3.03E+07,0.14,0,0.2,0.25,0.22,3.22,1.43,-0.01,0.99,0.26,0.1,2,1.42,0.47,0.2,2.14,0.01,0.29,0.26,0.8,1,0.3,-0.26,0.11,1.58,0,-0.6,-0.38,-0.03,0.48,2.12,0,0,2,0,-0.27,-0.17,0.02,0,0.23,0.19,0.44,0,-0.17,-0.02,0.92,-0.3,-1,-0.11,0.68,-0.29,-0.66,4,0.31,-1,0,-0.06,-0.13,-0.66,-1,0,0,-161708.45,-0.29,-0.56,-1,-0.09,0,0,0.35,-0.45,-0.12,0,205866.5,-0.51,0,-0.28,0,-0.3,-0.08,-0.59,0,0,0,-0.28,0.03,0.02,0,-0.15,-0.38,0,0,0,0,0,0,0,0.32,-0.27,-0.36,0,-0.49,0,-1,-0.17,0,0,0,0,0,0,0,0,0,0,0,0,0,0,0.35,0,0,0,0,0,0,0,-0.02,0,0,0,0,0,0,0,0,0,0,0,0,0,0,0,0,0,0
9823,NON-FINANCIAL CORPORATION,M,UNSPECIFIED,Mining and Quarrying,UNSPECIFIED,12/27/2024,1.03E+07,1,1,3.89E+07,0,0,4539434.29,7019126.05,7692307.69,0,1,0,0,500,0,0,138,-1.64E+07,-0.32,0,0.41,0.35,-0.12,93.73,0.16,0.02,0.34,0.11,0.08,0,1.29,0.02,-0.07,0,0.04,0.05,0.11,1,0,0.07,0,0.09,0.28,0,-0.79,0.39,0.06,0.12,4.1,0,0,1,0,0.16,-0.14,0.06,1,0.73,0.2,-0.59,0,-0.14,0.16,0.21,-0.79,-1,-0.67,1.45,-0.32,-0.76,0,0.5,0,0,0.01,-0.04,-0.48,0,0,0.14,-372000,0,-0.74,0,-0.58,0,0,-0.89,0.05,46.69,0,0,-0.9,0,-0.93,0,1.2,47.1,0,0,0,0,-0.12,0.25,0.06,0,-0.06,-0.08,0,0,0,0,0,0,0,1,-0.14,2,0,-0.76,0,0,-0.08,0,0,0,0,0,0,0,2,0,0,0,0,0,0,0.5,0,0,0,0,0,0,0,0.5,0,0,0,0,0,0,0,0,0,0,0,0,0,0,0,0,0,0
3680,NON-FINANCIAL CORPORATION,UNSPECIFIED,UNSPECIFIED,UNSPECIFIED,UNSPECIFIED,12/27/2024,0,0,0,0,0,0,0,0,0,0,0,0,0,0,0,0,0,0,0,0,0,0,0,0,0,0,0,0,0,0,0,0,0,0,0,0,0,0,0,0,0,0,0,0,0,0,0,0,0,0,0,0,0,0,0,0,0,0,0,0,0,0,0,0,0,0,0,0,0,0,0,0,0,0,0,0,0,0,0,0,0,0,0,0,0,0,0,0,0,0,0,0,0,0,0,0,0,0,0,0,0,0,0,0,0,0,0,0,0,0,0,0,0,0,0,0,0,0,0,0,0,0,0,0,0,0,0,0,0,0,0,0,0,0,0,0,0,0,0,0,0,0,0,0,0,0,0,0,0,0,0,0,0,0,0,0,0,0,0,0,0,0,0,0
2242,SOLE PROPRIETORSHIP,B,UNSPECIFIED,Wholesale and Retail trade; Repair of Motor Vehicles and Motorcycles,Active,12/27/2024,0,0,0,14015.37,0,0,257125.78,0,0,0,1,0,0,0,0,0,10,-1757257.55,-0.04,0,0,0.59,0.21,4.6,0.17,0,0.61,0.29,-0.01,0,1.58,0.37,0.02,0,0.16,0,0.68,2.5,1,0.24,-0.36,0.08,1.24,0,-0.4,0,0,0.34,2.74,0,0,0,0,0.13,0.37,-0.02,0,0.29,0,0.06,0,-0.11,0.71,0.01,-0.19,0,-0.07,0.36,-0.03,-0.2,2,0.25,0,0,0,0.42,-0.2,0,0,0.29,0,1.5,0,0.04,10.96,0,0,0.02,0,14.93,0,240600,-0.15,0,-0.29,0,12.5,0,3.41,0,0,0,0.04,-0.06,-0.02,0,0.08,-0.13,0,0,0,0,0,0,0,4,-0.5,9,0,-0.09,0,-1,-0.27,0,0,0,0,0,0,0,0,0,0,0,0,0,0,-0.23,0,0,0,0,0,0,0,-0.2,0,0,0,0,0,0,0,0,0,0,0,0,0,0,0,0,0,0
1109,SOLE PROPRIETORSHIP,B,UNSPECIFIED,"Professional, Scientific & Technical Activities",UNSPECIFIED,12/27/2024,0,0,0,65978.62,0,0,0,0,153846.15,0,1,0,0,0,0,0,65,0,0,0,0,0,0,0,0,-0.03,0,0,0,0,-0.23,0,0,0,-0.03,-0.02,0,0,0,0,0,-0.03,0,0,0,-0.23,0,-0.03,0,0,0,0,0,0,0,0,1,0,0,0,1,0,0,0,0,0,0,0,0,0,0,0,0,0.17,0,0,0,0,0,0,0,0,0,0,-1,0,0,0,0,0,0,0,0,0,0,0,-1,0,0,0,0,0,0,0,-0.05,0,0,0,0,0,0,0,0,0,0,0,0,0,0,0,0,0,0,0,0,0,0,0,0,0,0,0,0,0,0,0,0,0,0,0,0,0,0,0,0,0,0,0,0,0,0,0,0,0,0,0,0,0,0,0,0,0,0,0
6430,NON-FINANCIAL CORPORATION,B,UNSPECIFIED,"Electricity, Gas, Steam and Air Conditioning supply",Active,12/27/2024,0,0,0,1219635.55,0,0,68.17,60361.75,76923.08,0,1,0,0,0,0,0,16,-1.84E+07,0,0,0,0,0,57.69,-1,-0.07,-0.81,-0.21,-0.32,0,-0.92,0,0,-1,-0.2,-0.2,0.43,2,1,-0.23,0,-0.29,0,0,-1,-0.95,0,-0.23,162.48,0,0,0,0,0,0,-0.35,0,-0.6,0,0,0,0,0,0,0,1,0,-0.47,0,-1,0,0,0,0,0,0,0,0,0,0,-1056702.08,1,-1,0,-1,0,0,-1,-1,-1,0,86281.58,0,0,-1,0,-1,-0.99,25.94,0,0,0,0,0,-0.35,0,0,-1,0,0,0,0,0,0,0,0.29,-0.59,-0.5,0,0,0,0,0,0,0,0,0,0,0,0,-0.5,0,0,0,0,0,0,-0.5,0,0,0,0,0,0,0,0,0,0,0,0,0,0,0,0,0,0,0,0,0,0,0,0,0,0
5564,SOLE PROPRIETORSHIP,UNSPECIFIED,UNSPECIFIED,UNSPECIFIED,UNSPECIFIED,12/27/2024,0,0,0,0,0,0,0,0,0,0,0,0,0,0,0,0,0,0,0,0,0,0,0,0,0,0,0,0,0,0,0,0,0,0,0,0,0,0,0,0,0,0,0,0,0,0,0,0,0,0,0,0,0,0,0,0,0,0,0,0,0,0,0,0,0,0,0,0,0,0,0,0,0,0,0,0,0,0,0,0,0,0,0,0,0,0,0,0,0,0,0,0,0,0,0,0,0,0,0,0,0,0,0,0,0,0,0,0,0,0,0,0,0,0,0,0,0,0,0,0,0,0,0,0,0,0,0,0,0,0,0,0,0,0,0,0,0,0,0,0,0,0,0,0,0,0,0,0,0,0,0,0,0,0,0,0,0,0,0,0,0,0,0,0
1795,NON-FINANCIAL CORPORATION,UNSPECIFIED,UNSPECIFIED,UNSPECIFIED,UNSPECIFIED,12/27/2024,0,0,0,0,0,0,0,0,0,0,0,0,0,0,0,0,0,0,0,0,0,0,0,0,0,0,0,0,0,0,0,0,0,0,0,0,0,0,0,0,0,0,0,0,0,0,0,0,0,0,0,0,0,0,0,0,0,0,0,0,0,0,0,0,0,0,0,0,0,0,0,0,0,0,0,0,0,0,0,0,0,0,0,0,0,0,0,0,0,0,0,0,0,0,0,0,0,0,0,0,0,0,0,0,0,0,0,0,0,0,0,0,0,0,0,0,0,0,0,0,0,0,0,0,0,0,0,0,0,0,0,0,0,0,0,0,0,0,0,0,0,0,0,0,0,0,0,0,0,0,0,0,0,0,0,0,0,0,0,0,0,0,0,0
2097,NON-FINANCIAL CORPORATION,B,Retail/BBG Commercial,Construction,UNSPECIFIED,12/27/2024,0,0,0,489845.03,0,0,249195.17,934774.3,1153846.15,0,1,0,0,0,0,0,96,0,2.21,0,0.35,0.5,-0.49,11.33,11.33,0.11,-0.13,0.23,0.08,1,0.63,-0.22,0.82,1,0.08,0.07,0.42,1.5,1,0.05,0,0.05,0.69,0,-0.96,-0.2,0.01,0.16,0,0,0,0,0,11.33,-0.34,-0.06,0,0,0.23,4.16,0,-0.34,0.05,0,0.09,0,2.6,4.16,5.71,-0.91,0,1.5,0,0,0.14,0.6,0,0,0,0,0,-1,-0.73,0,-0.45,0,0,-0.28,-0.27,-0.51,0,22404.62,9.47,0,-0.01,0,0.14,-0.79,-1,0,0,0,0.6,0.75,-0.09,0,0.3,0.6,0,0,0,0,0,0,0,0.6,-0.34,0.67,0,12.44,0,0,0,0,0,0,0,0,0,0,-0.17,0,0,0,0,0,0,0.25,0,0,0,0,0,0,0,1.5,0,0,0,0,0,0,0,0,0,0,0,0,0,0,0,0,0,0
3458,SOLE PROPRIETORSHIP,B,UNSPECIFIED,Accommodation and Food Service Activities,Active,12/27/2024,0,0,0,25000,0,0,0,0,38461.54,0,1,0,0,0,0,0,21,0,0,0,0,0,0,0,0,0,0,0,0,0,0,0,0,0,0,0,0,0,1,0,0,0,0,0,0,0,0,0,0,0,0,0,0,0,0,0,0,0,0,0,0,0,0,0,0,0,0,0,0,0,0,0,0,0,0,0,0,0,0,0,0,0,0,0,0,0,0,0,0,0,0,0,0,0,0,0,0,0,0,0,0,0,0,0,0,0,0,0,0,0,0,0,0,0,0,0,0,0,0,0,0,0,0,0,0,0,0,0,0,0,0,0,0,0,0,0,0,0,0,0,0,0,0,0,0,0,0,0,0,0,0,0,0,0,0,0,0,0,0,0,0,0,0,0
8570,NON-FINANCIAL CORPORATION,B,UNSPECIFIED,Wholesale and Retail trade; Repair of Motor Vehicles and Motorcycles,UNSPECIFIED,12/27/2024,0,0,0,1748343.48,0,0,4317733.8,1606161.78,192307.69,0,1,1,0,0,0,-6649310.57,65,-3500000,0.57,0,0.1,0.11,-0.17,2.63,2.63,0.02,-0.12,0.1,0.02,10,0.47,0.12,0.16,10,0.04,0.1,0.11,1.25,2,0.02,0.14,0.02,0.42,0,-0.6,0.62,0.15,0.09,11,0,0,0,0,2.63,-0.26,-0.01,0,0,0.23,0.95,0,-0.26,0.12,0,-0.6,0,0.34,0.95,1.01,-0.28,0,1.25,0,0,0.23,1.19,0,0,0,0,-2941039.83,1,0.17,0,0.23,0,0,0.51,-0.03,0.18,0,96701,0.41,0,1.41,0,-0.08,0.25,-0.07,0,0,0,1.06,0.7,-0.05,0,0.56,0.75,0,0,0,0,0,0,0,1.24,-0.37,-0.18,0,0.45,0,0,-0.06,0,0,0,0,0,0,0,-0.59,0,0,0,0,0,0,0.5,0,0,0,0,0,0,0,1.57,0,0,0,0,0,0,0,0,0,0,0,0,0,0,0,0,0,0
426,SOLE PROPRIETORSHIP,UNSPECIFIED,UNSPECIFIED,UNSPECIFIED,UNSPECIFIED,12/27/2024,0,0,0,0,0,0,0,0,0,0,0,0,0,0,0,0,0,0,0,0,0,0,0,0,0,0,0,0,0,0,0,0,0,0,0,0,0,0,0,0,0,0,0,0,0,0,0,0,0,0,0,0,0,0,0,0,0,0,0,0,0,0,0,0,0,0,0,0,0,0,0,0,0,0,0,0,0,0,0,0,0,0,0,0,0,0,0,0,0,0,0,0,0,0,0,0,0,0,0,0,0,0,0,0,0,0,0,0,0,0,0,0,0,0,0,0,0,0,0,0,0,0,0,0,0,0,0,0,0,0,0,0,0,0,0,0,0,0,0,0,0,0,0,0,0,0,0,0,0,0,0,0,0,0,0,0,0,0,0,0,0,0,0,0
4932,NON-FINANCIAL CORPORATION,B,UNSPECIFIED,Wholesale and Retail trade; Repair of Motor Vehicles and Motorcycles,Active,12/27/2024,0,0,0,48113.26,0,0,306176.37,28477.4,0,0,1,0,0,0,0,0,8,-676787.81,0.01,0,0,0,-0.99,1.55,1.55,0,-1,0.18,0.18,0,-0.95,5.25,-0.11,0,0.93,0,6.27,1,1,0.69,-0.67,-0.08,5.25,0,-1,0,0,2.15,-0.07,0,0,1,0,1.55,5.25,-0.47,0,-0.2,0.04,1.02,0,-1,0,-0.58,-1,-0.17,0.01,1.02,0.28,-1,3,0,-0.5,0,-0.08,0.11,-1,1,0,-0.75,-1682342,1,0,0.16,0,0,0,-1,0,-1,0,2567411,-1,0,-1,0,0,0,0.16,0,0,0,-1,-0.33,-0.47,0,-0.44,-1,0,0,0,0,0,0,0,1.25,-1,0,0,-1,0,-1,-1,0,0,0,0,0,0,0,0,0,0,0,0,0,0,-0.5,0,0,0,0,0,0,0,-0.67,0,0,0,0,0,0,0,0,0,0,0,0,0,0,0,0,0,0
9787,NON-FINANCIAL CORPORATION,B,Retail/BBG Commercial,Financial and Insurance Activities,UNSPECIFIED,12/27/2024,0,0,0,1776368.52,0,0,2.57E+07,8556789.89,769230.77,0,1,0,0,0,0,0,102,0,0,0,0,0,0,-1,-1,1.2,0,13.16,13.16,-1,0,78.98,0,-1,1.64,7.09,13.16,0,1,15.6,0,2.63,78.98,0,-1,-0.01,0,9.75,0,0,0,0,0,-1,78.98,0,0,0,0,-1,0,-0.99,0,0,-1,0,0,-1,0,-1,0,0,0,0,0,-1,0,0,0,0,0,0,-1,0,0,0,0,0,-1,0,0,0,0,0,0,0,0,0,0,0,0,0,0,0,0,0,0,0,0,0,0,0,0,0,0,-1,-0.99,0,0,0,0,0,-1,0,0,0,0,0,0,0,0,0,0,0,0,0,0,0,0,0,0,0,0,0,0,0,0,0,0,0,0,0,0,0,0,0,0,0,0,0,0,0,0,0
544,NON-FINANCIAL CORPORATION,B,Retail/BBG Commercial,Construction,UNSPECIFIED,12/27/2024,0,0,0,150435.28,0,0,0,0,0,0,0,0,0,0,0,0,165,0,0,0,0,0,0,0,0,0,0,0,0,0,0,0,0,0,0,0,0,0,0,0,0,0,0,0,0,0,0,0,0,0,0,0,0,0,0,0,0,0,0,0,0,0,0,0,0,0,0,0,0,0,0,0,0,0,0,0,0,0,0,0,0,0,0,0,0,0,0,0,0,0,0,0,0,0,0,0,0,0,0,0,0,0,0,0,0,0,0,0,0,0,0,0,0,0,0,0,0,0,0,0,0,0,0,0,0,0,0,0,0,0,0,0,0,0,0,0,0,0,0,0,0,0,0,0,0,0,0,0,0,0,0,0,0,0,0,0,0,0,0,0,0,0,0,0
6069,SOLE PROPRIETORSHIP,B,Retail/BBG Commercial,Wholesale and Retail trade; Repair of Motor Vehicles and Motorcycles,UNSPECIFIED,12/27/2024,0,0,0,1087.51,0,0,0,0,0,0,0,0,0,0,0,0,8,-108000,0,0,0,0,-0.97,0.6,-1,0,-1,0.04,-0.11,0,-0.9,-0.43,-0.36,0,0.53,0,3.44,0,0,-0.55,0,-0.08,-0.33,0,-1,0,0,0.81,-1,0,0,0,0,0,-0.43,-0.15,0,-1,0,0,0,-0.94,0,0,0,-1,0,0,0,-0.92,0,0,0,0,-0.1,0,0,-1,0,0,-6650,0,0,0,0,0,0,-0.99,0,-1,0,119650,0,0,-1,0,0,0,0.6,0,0,1,0,0,-0.15,0,0,-0.5,0,0,0,0,0,0,0,0,-0.94,-1,0,0,0,0,0,0,0,0,0,0,0,0,0,0,0,0,0,0,0,-1,0,0,0,0,0,0,0,0,0,0,0,0,0,0,0,0,0,0,0,0,0,0,0,0,0,0
7942,SOLE PROPRIETORSHIP,B,Retail/BBG Commercial,Wholesale and Retail trade; Repair of Motor Vehicles and Motorcycles,UNSPECIFIED,12/27/2024,0,0,0,405095.19,0,0,42.15,0,153846.15,0,0,0,0,0,0,0,46,-590000,0,0,0,0,-0.92,-1,-1,-0.02,-0.92,0.04,-0.03,0,-0.92,-0.18,0,0,-0.01,-0.08,0.04,-1,0,-0.22,-1,-0.02,0,0,-1,-0.91,0,-0.13,-1,0,0,0,0,-1,-0.18,-0.16,0,-1,0,-1,0,-0.9,0,-1,-1,0,0,-1,0,-1,0,-1,0,0,0,-1,-1,0,0,-1,0,0,-1,0,0,0,0,0,-1,-1,0,0,0,0,-1,0,0,-1,0,0,0,0,0,0,-0.16,0,0,0,0,0,0,0,0,0,0,-0.5,-0.9,-1,0,-1,0,0,-1,0,0,0,0,0,0,0,-1,0,0,0,0,0,0,-1,0,0,0,0,0,0,0,-1,0,0,0,0,0,0,0,0,0,0,0,0,0,0,0,0,0,0
1497,NON-FINANCIAL CORPORATION,UNSPECIFIED,UNSPECIFIED,UNSPECIFIED,UNSPECIFIED,12/27/2024,0,0,0,0,0,0,0,0,0,0,0,0,0,0,0,0,0,0,0,0,0,0,0,0,0,0,0,0,0,0,0,0,0,0,0,0,0,0,0,0,0,0,0,0,0,0,0,0,0,0,0,0,0,0,0,0,0,0,0,0,0,0,0,0,0,0,0,0,0,0,0,0,0,0,0,0,0,0,0,0,0,0,0,0,0,0,0,0,0,0,0,0,0,0,0,0,0,0,0,0,0,0,0,0,0,0,0,0,0,0,0,0,0,0,0,0,0,0,0,0,0,0,0,0,0,0,0,0,0,0,0,0,0,0,0,0,0,0,0,0,0,0,0,0,0,0,0,0,0,0,0,0,0,0,0,0,0,0,0,0,0,0,0,0
1086,NON-FINANCIAL CORPORATION,B,UNSPECIFIED,Human Health and Social Work Activities,Active,12/27/2024,0,0,0,496369,0,1,334117.57,0,76923.08,0,1,0,0,0,0,0,27,0,0,0,668.53,134.29,5.68,5.05,5.05,0.23,21.77,1.81,1.81,0,19.56,4.85,214.17,0,0.31,0.54,1.81,1,1,1.3,-0.67,0.58,4.85,0,-1,8.57,0.93,0.8,0,0,0,2,0,1.32,4.85,0.74,0,0,0,1030.4,0,0.14,0.27,0,-1,0,514.87,1030.4,0.16,-0.99,2,0.5,0,0,0.23,2,0,0,0,0,-2070000,0,354.63,0.72,346.77,0,0,76.55,1,0,0,790000,343.46,0,0,0,1,0,0.72,0,0,0,1,-0.08,-0.12,0,0.83,0,0,0,0,0,0,0,0,9,0.14,0,0.08,-1,0,-1,-0.33,0,0,0,0,0,0,0,0,0,0,0,0,0,0.33,0,0,0,0,0,0,0,0,-0.5,0,0,0,0,0,0,0,0,0,0,0,0,0,0,0,0,0,0
1690,SOLE PROPRIETORSHIP,UNSPECIFIED,UNSPECIFIED,UNSPECIFIED,UNSPECIFIED,12/27/2024,0,0,0,0,0,0,0,0,0,0,0,0,0,0,0,0,0,0,0,0,0,0,0,0,0,0,0,0,0,0,0,0,0,0,0,0,0,0,0,0,0,0,0,0,0,0,0,0,0,0,0,0,0,0,0,0,0,0,0,0,0,0,0,0,0,0,0,0,0,0,0,0,0,0,0,0,0,0,0,0,0,0,0,0,0,0,0,0,0,0,0,0,0,0,0,0,0,0,0,0,0,0,0,0,0,0,0,0,0,0,0,0,0,0,0,0,0,0,0,0,0,0,0,0,0,0,0,0,0,0,0,0,0,0,0,0,0,0,0,0,0,0,0,0,0,0,0,0,0,0,0,0,0,0,0,0,0,0,0,0,0,0,0,0
9663,NON-FINANCIAL CORPORATION,B,UNSPECIFIED,Construction,Active,12/27/2024,0,0,0,75250.19,0,0,0,0,0,0,1,0,0,0,0,0,17,-865000,0,0,0,0,0,1.06,-1,0.39,-0.83,0.02,-0.06,0,1.92,0,0,0,0.56,1.13,3.82,0,1,0.11,0,-0.14,0.95,0,-1,1.1,0,1.59,4.92,0,0,0,0,0,0,-0.64,0,-1,0,0,0,0,0,0,0,7,0,-1,0,-1,0,0,0,0,0,0,0,0,0,0,-818500,-1,-1,0,0,0,0,-1,-1,0,0,2300000,0,0,0,0,0,-1,1.06,0,0,0,0,0,-0.64,0,0,-1,0,0,0,0,0,0,0,2,-0.94,0,0,0,0,0,0,0,0,0,0,0,0,0,-1,0,0,0,0,0,0,0,0,0,0,0,0,0,0,0,0,0,0,0,0,0,0,0,0,0,0,0,0,0,0,0,0,0
3982,SOLE PROPRIETORSHIP,UNSPECIFIED,UNSPECIFIED,UNSPECIFIED,UNSPECIFIED,12/27/2024,0,0,0,0,0,0,0,0,0,0,0,0,0,0,0,0,0,0,0,0,0,0,0,0,0,0,0,0,0,0,0,0,0,0,0,0,0,0,0,0,0,0,0,0,0,0,0,0,0,0,0,0,0,0,0,0,0,0,0,0,0,0,0,0,0,0,0,0,0,0,0,0,0,0,0,0,0,0,0,0,0,0,0,0,0,0,0,0,0,0,0,0,0,0,0,0,0,0,0,0,0,0,0,0,0,0,0,0,0,0,0,0,0,0,0,0,0,0,0,0,0,0,0,0,0,0,0,0,0,0,0,0,0,0,0,0,0,0,0,0,0,0,0,0,0,0,0,0,0,0,0,0,0,0,0,0,0,0,0,0,0,0,0,0
7181,SOLE PROPRIETORSHIP,UNSPECIFIED,UNSPECIFIED,UNSPECIFIED,UNSPECIFIED,12/27/2024,0,0,0,0,0,0,0,0,0,0,0,0,0,0,0,0,0,0,0,0,0,0,0,0,0,0,0,0,0,0,0,0,0,0,0,0,0,0,0,0,0,0,0,0,0,0,0,0,0,0,0,0,0,0,0,0,0,0,0,0,0,0,0,0,0,0,0,0,0,0,0,0,0,0,0,0,0,0,0,0,0,0,0,0,0,0,0,0,0,0,0,0,0,0,0,0,0,0,0,0,0,0,0,0,0,0,0,0,0,0,0,0,0,0,0,0,0,0,0,0,0,0,0,0,0,0,0,0,0,0,0,0,0,0,0,0,0,0,0,0,0,0,0,0,0,0,0,0,0,0,0,0,0,0,0,0,0,0,0,0,0,0,0,0
6167,SOLE PROPRIETORSHIP,B,Retail/BBG Commercial,UNSPECIFIED,UNSPECIFIED,12/27/2024,0,0,0,21422.31,0,0,0,0,0,0,0,0,0,0,0,0,84,0,0,0,0,0,0,0,0,0.02,0,0,0,0,0,0,0,0,0,0,0.17,0,0,0,0,0,0,0,0,0,0,0,0,0,0,0,0,0,0,0,0,0,0,0,0,0,0,0,0,0,0,0,0,0,0,0,0,0,0,0,0,0,0,0,0,0,0,0,0,0,0,0,0,0,0,0,0,0,0,0,0,0,0,0,0,0,0,0,0,0,0,0,0,0,0,0,0,0,0,0,0,0,0,0,0,0,0,0,0,0,0,0,0,0,0,1,0,0,0,0,0,0,0,0,0,0,0,0,0,0,0,0,0,0,0,0,0,0,0,0,0,0,0,0,0,0,0,0
8647,NON-FINANCIAL CORPORATION,B,UNSPECIFIED,Accommodation and Food Service Activities,UNSPECIFIED,12/27/2024,0,0,0,1576007.26,0,0,71.5,36866.7,384615.38,0,1,0,0,0,0,0,244,-403981.18,0,0,15.17,19.21,-0.01,1485.56,-1,-0.01,-0.02,-0.01,-0.01,0,-0.18,0,2.86,-1,-0.01,0,0.03,-1,0,0,0,-0.02,0,0,-1,-0.06,0.39,-0.02,3.1,0,0,0,0,0,0,-0.04,2,0,0,2.68,0,-0.01,0.38,3.1,0,0,1.11,12.93,0,-0.87,0,0,0,0,0.23,0,0,0,0,0,0,0,-0.25,0,-0.11,0,0,2.68,-0.5,-1,0,0,0.97,0,0,0,-0.33,0,0,0,0,0,-0.33,0,-0.04,0,-0.17,0,0,0,0,0,0,0,0,3,-0.01,1,0,0,0,0,-0.33,0,0,0,0,0,0,0,0,0,0,0,0,0,0,0,0,0,0,0,0,0,0,0,0,0,0,0,0,0,0,0,0,0,0,0,0,0,0,0,0,0
2460,SOLE PROPRIETORSHIP,UNSPECIFIED,UNSPECIFIED,UNSPECIFIED,UNSPECIFIED,12/27/2024,0,0,0,0,0,0,0,0,0,0,0,0,0,0,0,0,0,0,0,0,0,0,0,0,0,0,0,0,0,0,0,0,0,0,0,0,0,0,0,0,0,0,0,0,0,0,0,0,0,0,0,0,0,0,0,0,0,0,0,0,0,0,0,0,0,0,0,0,0,0,0,0,0,0,0,0,0,0,0,0,0,0,0,0,0,0,0,0,0,0,0,0,0,0,0,0,0,0,0,0,0,0,0,0,0,0,0,0,0,0,0,0,0,0,0,0,0,0,0,0,0,0,0,0,0,0,0,0,0,0,0,0,0,0,0,0,0,0,0,0,0,0,0,0,0,0,0,0,0,0,0,0,0,0,0,0,0,0,0,0,0,0,0,0
3801,SOLE PROPRIETORSHIP,B,UNSPECIFIED,Administrative and Support Service Activities,Active,12/27/2024,0,0,0,2072.27,0,1,0,0,0,0,1,0,0,0,0,0,16,0,0,0,0,0,-0.27,0,0,-0.17,-0.46,-0.07,-0.1,0,-0.57,-0.13,0,0,-0.08,-0.09,-0.06,0,1,-0.11,0,-0.09,-0.06,0,0,-0.64,0,-0.1,0,0,0,0,0,0,-0.13,-0.11,0,0,0,0.01,0,-0.16,0,0,0,0,0,0.04,0,-0.04,0,0,0,0,0,0,0,0,0,0,0,0,0.03,0,0.01,0,0,-0.01,0,0,0,0,0,0,0,0,0,0,0,0,0,0,0,0,-0.11,0,0,0,0,0,0,0,0,0,0,0,-0.16,0,0,0,0,0,0,0,0,0,0,0,0,0,0,0,0,0,0,0,0,0,0,0,0,0,0,0,0,0,0,0,0,0,0,0,0,0,0,0,0,0,0,0,0,0,0,0
907,NON-FINANCIAL CORPORATION,B,Retail/BBG Commercial,"Water supply; Sewerage, Waste Management and Remediation Activities",Active,12/27/2024,0,0,0,100633.04,0,0,0,0,7692307.69,0,1,0,0,0,0,0,33,0,0,0,0,0,0,0,0,0,0,0,0,0,0,0,0,0,0,0,0,0,1,0,0,0,0,0,0,0,0,0,0,0,0,0,0,0,0,0,0,0,0,0,0,0,0,0,0,0,0,0,0,0,0,0,0,0,0,0,0,0,0,0,0,0,0,0,0,0,0,0,0,0,0,0,0,0,0,0,0,0,0,0,0,0,0,0,0,0,0,0,0,0,0,0,0,0,0,0,0,0,0,0,0,0,0,0,0,0,0,0,0,0,0,0,0,0,0,0,0,0,0,0,0,0,0,0,0,0,0,0,0,0,0,0,0,0,0,0,0,0,0,0,0,0,0,0
3313,SOLE PROPRIETORSHIP,B,UNSPECIFIED,Wholesale and Retail trade; Repair of Motor Vehicles and Motorcycles,UNSPECIFIED,12/27/2024,0,0,0,8858.13,0,0,1666.89,0,76923.08,0,0,0,0,0,0,0,44,0,0,0,0,2.98,-0.49,7574.76,7574.76,0.08,21.66,1.02,0.31,0,4.43,-0.19,4.76,0,0.19,0.68,1.02,0,0,1.81,0,0.45,6.81,0,-1,2.07,0,0.99,0,0.33,0,0,0,7574.76,-0.37,0.2,0,0,0,-0.35,0,-0.37,0.13,0,7574.76,0,-0.68,25,0,-1,1,0,0,0,0.2,0,0,-0.5,0,0,0,-0.5,0,0,-1,0,0,-1,0,0,0,24000,-1,0,0,0,0,0,1.45,0,0,0,-0.5,0,0.06,0,-0.25,0,0,0,0,0,0,0,0,1,-0.37,0,0,0,0,0,-0.5,0,0,0,0,0,0,0,0,0,0,0,0,0,0,0,0,0,0,0,0,0,0,0,0,0,0,0,0,0,0,0,0,0,0,0,0,0,0,0,0,0
5163,SOLE PROPRIETORSHIP,B,UNSPECIFIED,Wholesale and Retail trade; Repair of Motor Vehicles and Motorcycles,Active,12/27/2024,0,0,0,29000,0,0,0,0,92307.69,0,1,0,0,0,0,0,7,0,0,0,0,0,0,-1,0,0,0,0.14,0.14,0,0,0,0,0,0,0,1.44,-1,1,0,0,0.06,0,0,0,0,0,0,0,0,0,0,0,0,0,0,0,0,0,0,0,0,0,0,0,0,0,0,0,0,0,0,0,0,0,0,0,0,0,0,0,-1,0,0,0,0,0,0,0,0,0,29000,0,0,0,0,0,0,-1,0,0,0,0,0,0,0,0,0,0,0,0,0,0,0,0,0,0,0,0,0,0,0,0,0,0,0,0,0,0,0,0,0,0,0,0,0,0,0,0,0,0,0,0,0,0,0,0,0,0,0,0,0,0,0,0,0,0,0,0,0,0,0,0,0
6409,NON-FINANCIAL CORPORATION,UNSPECIFIED,UNSPECIFIED,UNSPECIFIED,UNSPECIFIED,12/27/2024,0,0,0,0,0,0,0,0,0,0,0,0,0,0,0,0,0,0,0,0,0,0,0,0,0,0,0,0,0,0,0,0,0,0,0,0,0,0,0,0,0,0,0,0,0,0,0,0,0,0,0,0,0,0,0,0,0,0,0,0,0,0,0,0,0,0,0,0,0,0,0,0,0,0,0,0,0,0,0,0,0,0,0,0,0,0,0,0,0,0,0,0,0,0,0,0,0,0,0,0,0,0,0,0,0,0,0,0,0,0,0,0,0,0,0,0,0,0,0,0,0,0,0,0,0,0,0,0,0,0,0,0,0,0,0,0,0,0,0,0,0,0,0,0,0,0,0,0,0,0,0,0,0,0,0,0,0,0,0,0,0,0,0,0
1889,SOLE PROPRIETORSHIP,B,Retail/BBG Commercial,Wholesale and Retail trade; Repair of Motor Vehicles and Motorcycles,Active,12/27/2024,0,0,0,301443.54,0,0,43016.79,0,0,0,1,0,0,0,0,0,29,-396207.76,1.43,0,0.32,0.07,0.03,7,7,0,0,0.01,0,0,0.08,0.02,0.02,0,0,0,0.02,2,1,0,0,0,0.04,0,-0.76,0.02,0.18,0.01,0.55,0.17,0,0,0,1.67,0.02,0,0,0.5,0.72,0.17,0,0.02,0.19,0.17,-0.76,0,-0.01,0.35,0.45,-0.19,3,2,1,0,0.23,0.5,-0.19,1,0,0,0,1,3.18,1,0.26,0,0,-0.02,0.5,0.27,0,310000,-0.06,0,0.91,0,0,0.36,1,0,0,0,0.5,1,-0.01,0,0.25,0.5,0,0,0,0,0,0,0,1,-0.04,0.5,0,-0.36,0,-1,0,0,0,0,0,0,0,0,2,0,0,0,0,0,0,2,0,0,0,0,0,0,0,2,0,0,0,0,0,0,0,0,0,0,0,0,0,0,0,0,0,0
4923,NON-FINANCIAL CORPORATION,B,UNSPECIFIED,Administrative and Support Service Activities,UNSPECIFIED,12/27/2024,0,0,0,1306382.5,0,2,191480.16,276799.41,384615.38,0,1,0,325000,3025000,0,-112154,21,-1105888.39,0.5,0,0.94,0.1,-0.13,8.28,2.86,0,-0.17,0.02,-0.05,3,-0.33,-0.04,0.33,3,0,-0.01,0.06,3.75,2,-0.04,-0.17,-0.03,0.06,0,-0.83,-0.18,0.02,-0.05,27.24,0,0,10,0,1.56,-0.09,-0.06,1,0.5,0.68,1.4,0,-0.09,-0.05,1.05,-0.83,1.5,0.29,1.72,0.36,-0.83,5,1,0,0,-0.04,0.2,-0.9,3,0,0.5,-1322373.16,3,-0.86,0,-0.93,0,0,-0.68,-0.5,-0.94,0,2988186.11,-0.6,0,-0.78,0,-0.54,-0.9,5.87,0,0,0,-0.4,0.42,-0.06,0,-0.15,-0.4,0,0,0,0,0,0,0,1.17,-0.09,-0.23,0.67,-0.55,0,0,-0.5,0,0,0,0,0,0,0,-0.41,0,0,0,0,0,0,0.25,0,0,0,0,0,0,0,0.67,0,0,0,0,0,0,0,0,0,0,0,0,0,0,0,0,0,0
4879,SOLE PROPRIETORSHIP,B,Retail/BBG Commercial,Wholesale and Retail trade; Repair of Motor Vehicles and Motorcycles,Active,12/27/2024,0,0,0,50750.6,0,0,1093651.32,37382.44,0,0,0,0,0,0,0,0,20,-1461907,-0.34,0,1.57,2.21,-1,8.23,0.2,-0.04,-1,0.24,-0.06,0.75,-1,-0.88,-0.32,0.75,-0.04,-0.04,0.24,3.6,0,-0.14,-1,-0.03,1.34,0,-1,-1,0.58,0.04,1.18,0.5,0,1,0,-0.78,-0.88,-0.18,0,4,-0.26,-0.78,1,-1,0.78,-0.53,-1,-1,-0.89,0.38,-0.89,-1,29,-0.78,-0.84,0,-0.23,-0.75,-1,0.04,0,-0.67,-29897,4.5,-1,-0.83,-1,0,0,-1,-1,-1,0,1.24E+07,-1,0,-1,0,-1,-1,8.2,0,0,0,-1,-0.89,-0.19,0,-0.88,-1,0,0,0,0,0,0,0,8,-1,-1,0.08,-1,0,-1,-1,0,14275,0,0,0,0,0,-1,0,0,0,0,57100,0.33,-1,0,0,0,0,0,0,0,-1,0,0,0,0,0,0,0,0,0,0,0,0,0,0,0,0,0,0
8514,NON-FINANCIAL CORPORATION,B,Retail/BBG Commercial,Information and Communication,UNSPECIFIED,12/27/2024,0,0,0,35547.49,0,0,0,0,1153846.15,0,1,0,0,0,0,0,67,0,0,0,0,0,0,0,0,0,0,0,0,0,0,0,0,0,0,0,0,0,1,0,0,0,0,0,0,0,0,0,0,0,0,0,0,0,0,0,0,0,0,0,0,0,0,0,0,0,0,0,0,0,0,0,0,0,0,0,0,0,0,0,0,0,0,0,0,0,0,0,0,0,0,0,0,0,0,0,0,0,0,0,0,0,0,0,0,0,0,0,0,0,0,0,0,0,0,0,0,0,0,0,0,0,0,0,0,0,0,0,0,0,0,0,0,0,0,0,0,0,0,0,0,0,0,0,0,0,0,0,0,0,0,0,0,0,0,0,0,0,0,0,0,0,0,0
5359,NON-FINANCIAL CORPORATION,M,UNSPECIFIED,Wholesale and Retail trade; Repair of Motor Vehicles and Motorcycles,UNSPECIFIED,12/27/2024,0,0,0,95344.2,0,0,833.33,277.78,384615.38,0,1,1,0,0,0,0,154,0,0,0,0,0,0.03,-1,-1,-0.16,0.03,0,0,-1,-0.84,0.02,0,-1,-0.2,-0.09,0,-1,0,0.01,-1,-0.24,0.02,0,-1,-0.84,0,-0.13,0,0,0,0,0,-1,0.02,-0.37,1,0,0,0,0,0.01,0,0,-1,0,0,0,0,0,0,-1,0,0,0,0,0,0,0,0,0,0,0,0,0,0,0,0,0,0,0,0,0,0,0,0,0,0,0,0,0,0,0,0,-0.37,0,0,0,0,0,0,0,0,0,0,-1,0,0,0,0,0,0,0,0,0,0,0,0,0,0,0,0,0,0,0,0,0,0,0,0,0,0,0,0,0,0,0,0,0,0,0,0,0,0,0,0,0,0,0,0,0,0,0,0
2370,NON-FINANCIAL CORPORATION,UNSPECIFIED,UNSPECIFIED,UNSPECIFIED,UNSPECIFIED,12/27/2024,0,0,0,0,0,0,0,0,0,0,0,0,0,0,0,0,0,0,0,0,0,0,0,0,0,0,0,0,0,0,0,0,0,0,0,0,0,0,0,0,0,0,0,0,0,0,0,0,0,0,0,0,0,0,0,0,0,0,0,0,0,0,0,0,0,0,0,0,0,0,0,0,0,0,0,0,0,0,0,0,0,0,0,0,0,0,0,0,0,0,0,0,0,0,0,0,0,0,0,0,0,0,0,0,0,0,0,0,0,0,0,0,0,0,0,0,0,0,0,0,0,0,0,0,0,0,0,0,0,0,0,0,0,0,0,0,0,0,0,0,0,0,0,0,0,0,0,0,0,0,0,0,0,0,0,0,0,0,0,0,0,0,0,0
9802,SOLE PROPRIETORSHIP,B,UNSPECIFIED,Wholesale and Retail trade; Repair of Motor Vehicles and Motorcycles,UNSPECIFIED,12/27/2024,0,0,0,19660.44,0,0,29666.67,0,0,0,0,0,0,0,0,0,5,-96306,0,0,0,0,-0.61,3.67,3.67,0,-0.66,0.1,0.06,0,0,0.02,0.38,0,0,0,0.1,2,1,-0.02,-0.67,-0.07,0.93,0,-1,0,0,0,2.89,0,0,1,0,-0.1,0.02,-0.09,0,1,0,2.26,0,-0.62,0,1.74,-0.86,-1,0.9,2.26,-0.48,-0.67,1,0,-1,0,0.67,2,-0.62,-1,0,1,-43000,-1,0,-1,0,0,0,0.01,0,0,0,100000,0.77,0,-0.82,0,0,0,-1,0,0,0,3,-0.33,-0.31,0,1.17,7,0,0,0,0,0,0,0,2,-0.62,0,0,-0.87,0,-1,0.33,0,0,0,0,0,0,0,0,0,0,0,0,0,0,0,0,0,0,0,0,0,0,-0.67,0,0,0,0,0,0,0,0,0,0,0,0,0,0,0,0,0,0
6108,NON-FINANCIAL CORPORATION,B,UNSPECIFIED,"Professional, Scientific & Technical Activities",UNSPECIFIED,12/27/2024,0,0,0,35354.74,0,0,0,0,307692.31,0,1,0,0,0,0,0,66,0,0,0,0,0,-0.19,-1,0,-0.06,-0.41,-0.09,-0.11,0,-0.55,-0.03,0.03,0,-0.11,-0.12,0.08,0,1,-0.1,0,-0.1,-0.03,0,0,-0.77,0,-0.09,0,0,0,3,0,0,-0.17,-0.12,0,0,0,1,0,-0.17,0,0,0,1,0,1,0,-1,0,0,0,0,0,1,0,0,0,0,-67994,0,-1,0,-1,0,0,-1,-1,0,0,0,-1,0,0,0,-1,0,0,0,0,0,-1,0,-0.12,0,0,-1,0,0,0,0,0,0,0,1,-0.17,0,0,0,0,0,-1,0,0,0,0,0,0,0,0,0,0,0,0,0,0,0,0,0,0,0,0,0,0,0,0,0,0,0,0,0,0,0,0,0,0,0,0,0,0,0,0,0
2797,NON-FINANCIAL CORPORATION,B,Retail/BBG Commercial,Real Estate Activities,UNSPECIFIED,12/27/2024,0,0,0,48611.13,0,0,90245.63,91993.16,76923.08,0,1,0,0,0,0,0,65,-820400,0.04,0,0,0,-0.41,0.48,0.48,-0.03,-0.64,0,-0.1,2,-0.4,0.01,0.76,2,-0.04,0.04,0.09,3,1,-0.13,0,-0.07,0.15,0,-0.29,-0.6,0,0.02,0.11,0,0,2,0,0,-0.42,-0.15,0,0,0.65,-0.07,0,-0.42,0,0.11,0,0,-0.12,4.06,0,-0.36,0,1,0,0,0.63,0.5,-0.25,0,0,0,-155099.47,0,0.62,0,-0.48,0,0,2.36,-0.4,0.05,0,0,-0.22,0,0.05,0,-0.4,0.04,-0.66,0,0,0,0,0.5,-0.15,0,0.08,2,0,0,0,0,0,0,0,4,-0.52,1,0,0,0,0,-0.33,0,0,0,0,0,0,0,0,0,0,0,0,0,0,1,0,0,0,0,0,0,0,1,0,0,0,0,0,0,0,0,0,0,0,0,0,0,0,0,0,0
5096,SOLE PROPRIETORSHIP,B,UNSPECIFIED,"Water supply; Sewerage, Waste Management and Remediation Activities",Active,12/27/2024,0,0,0,0,0,0,0,0,0,0,0,0,0,0,0,0,3,0,0,0,0,0,0,0,0,0,0,0,0,0,0,0,0,0,0,0,0,0,1,0,0,0,0,0,0,0,0,0,0,0,0,0,0,0,0,0,0,0,0,0,0,0,0,0,0,0,0,0,0,0,0,0,0,0,0,0,0,0,0,0,0,0,0,0,0,0,0,0,0,0,0,0,0,0,0,0,0,0,0,0,0,0,0,0,0,0,0,0,0,0,0,0,0,0,0,0,0,0,0,0,0,0,0,0,0,0,0,0,0,0,0,0,0,0,0,0,0,0,0,0,0,0,0,0,0,0,0,0,0,0,0,0,0,0,0,0,0,0,0,0,0,0,0,0
8438,PARTNERSHIP,M,UNSPECIFIED,Wholesale and Retail trade; Repair of Motor Vehicles and Motorcycles,UNSPECIFIED,12/27/2024,0,0,0,3335291.57,0,0,151.37,163026.93,384615.38,0,0,0,0,0,0,0,197,-1152505.86,0,0,0,0,0,2.99,-1,0.05,0,0.03,0.01,0,0.2,0,0,1,0.03,0.04,0.16,0,0,0,-1,0.01,0,0,-1,0.43,0,0.02,0.23,0,0,0,0,-1,0,0,1,-1,0,-1,0,0,0,-1,-1,0,0,-1,0,-1,0,-1,0,0,0,-1,-1,0,0,-1,0,0,-1,0,-1,0,0,-1,-1,-1,0,0,-1,0,-1,0,-1,-1,0,0,0,0,-1,0,0,0,0,-1,0,0,0,0,0,0,0,0.75,0,-1,0,-1,0,0,-1,0,0,0,0,0,0,0,-1,0,0,0,0,0,0,-1,0,0,0,0,0,0,0,-1,0,0,0,0,0,0,0,0,0,0,0,0,0,0,0,0,0,0
4991,SOLE PROPRIETORSHIP,B,UNSPECIFIED,UNSPECIFIED,UNSPECIFIED,12/27/2024,0,0,0,22463.8,0,0,5700,0,38461.54,0,0,0,0,0,0,0,43,-38000,0,0,0,0,0.05,-1,-1,0.05,0.01,0.03,-0.03,0,0.25,0.18,0,0,0.03,0,0.16,-1,0,0.01,0,0,0.18,0,-1,-0.16,0,0.04,1,0,0,0,0,0,-0.11,-0.03,1,1,0,1,1,-0.11,0,1,0,0,0.03,1,0,-1,1,0,0,0,0,1,-1,-1,0,1,0,-1,-0.9,0,-0.89,0,0,-0.89,-0.5,0,0,40314.13,-0.89,0,0,0,0,0,-1,0,0,0,0,0,-0.03,0,0.25,0,0,0,0,0,0,0,0,1,-0.17,0,0,0,0,0,-0.5,0,0,0,0,0,0,0,0,0,0,0,0,0,0,0,0,0,0,0,0,0,0,0,0,0,0,0,0,0,0,0,0,0,0,0,0,0,0,0,0,0
3590,NON-FINANCIAL CORPORATION,B,UNSPECIFIED,"Professional, Scientific & Technical Activities",Active,12/27/2024,0,0,0,1793.1,0,0,0,5555.56,0,0,0,0,0,0,0,0,17,0,0,0,0,0,-0.71,5.83,-0.82,-0.16,-0.97,-0.08,-0.35,-1,-0.96,-0.31,0,-1,-0.18,-0.17,0.02,1,1,-0.46,0,-0.24,-0.26,0,-1,-0.99,0,-0.2,0,0,0,0,0,0,-0.31,-0.41,0,0,0,0,0,-0.58,0,0,0,0,0,1.32,0,-1,0,0,0,0,0,0,0,0,0,0,0,0,-0.99,0,-0.93,0,0,-0.95,-0.96,0,0,0,0,0,-1,0,-0.67,-1,0,0,0,0,0,0,-0.41,0,0,-0.83,0,0,0,0,3.44,0,0,0.67,-0.8,0,0,0,0,0,0,0,0,0,0,0,0,0,-1,0,0,0,0,0,0,-1,0,0,0,0,0,0,0,0,0,0,0,0,0,0,0,0,0,0,0,0,0,0,0,0,0,0
4636,SOLE PROPRIETORSHIP,B,Retail/BBG Commercial,UNSPECIFIED,UNSPECIFIED,12/27/2024,0,0,0,1071.43,0,0,0,0,0,0,0,0,0,0,0,0,3,-10000,0,0,0,0,-1,-1,-1,0,0,0.33,-0.25,0,0,-1,0,0,0,0,0.33,-1,1,0,0,0,0.66,0,-1,0,0,0,-1,0,0,0,0,0,-1,-0.33,0,-1,0,-1,0,-1,0,-1,0,0,0,-1,0,-1,0,0,0,0,0,-1,-1,0,0,-1,0,0,0,0,0,0,0,0,0,0,0,0,-1,0,0,0,0,0,0,0,0,0,-1,0,-0.33,0,0,0,0,0,0,0,0,0,0,-1,-1,0,0,0,0,0,-1,0,0,0,0,0,0,0,0,0,0,0,0,0,0,0,0,0,0,0,0,0,0,0,0,0,0,0,0,0,0,0,0,0,0,0,0,0,0,0,0,0
9508,NON-FINANCIAL CORPORATION,B,Retail/BBG Commercial,Wholesale and Retail trade; Repair of Motor Vehicles and Motorcycles,UNSPECIFIED,12/27/2024,0,0,0,242.57,0,0,0,0,384615.38,0,1,0,0,0,0,0,136,0,0,0,0,0,-0.03,0,0,0,-0.04,0.01,0.01,0,0,0.02,0,0,0,0,0.01,0,0,-0.01,0,0.01,0.02,0,0,-0.04,0,0,0,0,0,0,0,0,0.02,0,0,0,0,0,0,-0.05,0,0,0,0,0,0,0,0,0,0,0,0,0,0,0,0,0,0,0,0,0,0,0,0,0,0,0,0,0,0,0,0,0,0,0,0,0,0,0,0,0,0,0,0,0,0,1,0,0,0,0,0,0,0,-0.05,0,0,0,0,0,0,0,0,0,0,0,0,0,0,0,0,0,0,0,0,0,0,0,0,0,0,0,0,0,0,0,0,0,0,0,0,0,0,0,0,0,0,0,0,0,0,0
661,NON-FINANCIAL CORPORATION,UNSPECIFIED,UNSPECIFIED,UNSPECIFIED,UNSPECIFIED,12/27/2024,0,0,0,0,0,0,0,0,0,0,0,0,0,0,0,0,0,0,0,0,0,0,0,0,0,0,0,0,0,0,0,0,0,0,0,0,0,0,0,0,0,0,0,0,0,0,0,0,0,0,0,0,0,0,0,0,0,0,0,0,0,0,0,0,0,0,0,0,0,0,0,0,0,0,0,0,0,0,0,0,0,0,0,0,0,0,0,0,0,0,0,0,0,0,0,0,0,0,0,0,0,0,0,0,0,0,0,0,0,0,0,0,0,0,0,0,0,0,0,0,0,0,0,0,0,0,0,0,0,0,0,0,0,0,0,0,0,0,0,0,0,0,0,0,0,0,0,0,0,0,0,0,0,0,0,0,0,0,0,0,0,0,0,0
5018,SOLE PROPRIETORSHIP,B,UNSPECIFIED,Wholesale and Retail trade; Repair of Motor Vehicles and Motorcycles,Active,12/27/2024,0,0,0,12334.35,0,0,11756.12,0,307692.31,0,1,0,0,0,0,0,27,-72745.15,0.9,0,0.2,0.24,2.64,6.58,6.22,-0.04,3.64,0.39,0.39,0,1.42,2.39,0.46,0,-0.04,0.2,0.39,1.13,1,0.55,-0.67,0.05,2.39,0,-0.96,0.22,0.04,0.33,0.2,2.17,0,0,0,6.22,2.39,0.2,0,0.2,0.06,4.16,0,0.07,-0.01,-1,-0.96,0,1.72,4.16,2.63,-0.73,0,-0.14,0,0,0.02,1.33,-1,0,0,-1,0,0,-0.86,0,-0.87,0,0,-0.77,-0.64,-0.95,0,0,0.39,0,-0.94,0,-0.72,-0.97,0,0,0,0,0.67,-0.4,-0.16,0,0.52,-0.62,0,0,0,0,0,0,0,1.33,-0.04,-0.67,0,-0.72,0,0,-0.29,0,0,0,0,0,0,0,-0.8,0,0,0,0,0,0,-0.75,0,0,0,0,0,0,0,-0.71,0,0,0,0,0,0,0,0,0,0,0,0,0,0,0,0,0,0
6008,NON-FINANCIAL CORPORATION,B,Retail/BBG Commercial,"Arts, Entertainment & Recreation",UNSPECIFIED,12/27/2024,0,0,0,115664.13,0,0,6.46,0,1153846.15,0,1,0,0,0,0,0,51,-800000,0,0,0,0,0,-1,-1,0.15,-0.71,0.01,-0.31,0,-0.81,0,0,0,0.07,0.56,1.15,-1,1,-0.14,0,-0.18,0,0,-1,0.51,0,-0.1,-1,0,0,0,0,0,0,-0.45,0,-1,0,0,0,0,0,0,0,0,0,-1,0,-1,0,0,0,0,0,0,0,0,0,0,0,0,0,0,-1,0,0,-1,0,-1,0,0,0,0,0,0,-1,0,0,0,0,0,0,0,-0.45,0,0,-1,0,0,0,0,0,0,0,0,-0.71,0,0,0,0,0,0,0,0,0,0,0,0,0,0,0,0,0,0,0,0,0,0,0,0,0,0,0,0,0,0,0,0,0,0,0,0,0,0,0,0,0,0,0,0,0,0,0
3459,NON-FINANCIAL CORPORATION,B,UNSPECIFIED,Accommodation and Food Service Activities,UNSPECIFIED,12/27/2024,0,0,0,797134.3,0,0,333378.08,160000,1153846.15,0,1,0,0,0,0,0,61,0,0,0,0.06,0.08,-0.23,3382.87,3382.87,0,-0.2,-0.01,-0.01,-1,-0.33,-0.1,0.02,-1,-0.01,0,0.09,0,1,-0.01,-1,-0.03,0.56,0,-1,-0.2,0.2,-0.02,0,0,0,0,0,-1,-0.15,-0.03,0,0,0,0.08,0,-0.15,0.33,0,-1,0,0.05,0.08,0,-0.06,0,-1,0,0,0,0,0,0,0,0,0,0,0.11,0,0.12,0,0,0.09,-0.3,0,0,0,0.1,0,0.67,0,0.17,0,0,0,0,0,0,0,-0.04,0,0,0,0,0,0,0,0,0,0,2.5,-0.21,0,0,0,0,0,0,0,0,0,0,0,0,0,1,0,0,0,0,0,0,1,0,0,0,0,0,0,0,1,0,0,0,0,0,0,0,0,0,0,0,0,0,0,0,0,0,0
3176,NON-FINANCIAL CORPORATION,UNSPECIFIED,UNSPECIFIED,UNSPECIFIED,UNSPECIFIED,12/27/2024,0,0,0,0,0,0,0,0,0,0,0,0,0,0,0,0,0,0,0,0,0,0,0,0,0,0,0,0,0,0,0,0,0,0,0,0,0,0,0,0,0,0,0,0,0,0,0,0,0,0,0,0,0,0,0,0,0,0,0,0,0,0,0,0,0,0,0,0,0,0,0,0,0,0,0,0,0,0,0,0,0,0,0,0,0,0,0,0,0,0,0,0,0,0,0,0,0,0,0,0,0,0,0,0,0,0,0,0,0,0,0,0,0,0,0,0,0,0,0,0,0,0,0,0,0,0,0,0,0,0,0,0,0,0,0,0,0,0,0,0,0,0,0,0,0,0,0,0,0,0,0,0,0,0,0,0,0,0,0,0,0,0,0,0
4397,NON-FINANCIAL CORPORATION,B,Retail/BBG Commercial,Wholesale and Retail trade; Repair of Motor Vehicles and Motorcycles,UNSPECIFIED,12/27/2024,0,0,0,0,0,0,0,0,0,0,0,0,0,0,0,0,0,-81309.65,0,0,0,0,0,-1,0,-0.14,0,-0.03,-0.15,0,0,0,0,-1,-0.11,0,0.08,0,1,0,0,-0.14,-0.75,0,0,0,0,0,-0.65,0,0,0,0,0,0,-0.26,0,-1,0,0,0,0,0,0,0,0,0,-1,0,-1,0,0,0,0,0,0,0,0,0,0,0,0,0,0,0,0,0,0,0,0,0,0,0,0,0,0,0,0,0,0,0,0,0,0,-0.26,0,0,0,0,0,0,0,0,0,0,1.5,-1,0,0,0,0,0,0,0,0,0,0,0,0,0,0,0,0,0,0,0,0,0,0,0,0,0,0,0,0,0,1,0,0,0,0,0,0,0,0,0,0,0,0,0,0,0,0,0
1995,SOLE PROPRIETORSHIP,B,UNSPECIFIED,Wholesale and Retail trade; Repair of Motor Vehicles and Motorcycles,Active,12/27/2024,0,0,0,16783.49,0,0,332730.75,1425,92307.69,0,0,0,0,0,0,0,1,-475986,0,0,0,0,0,11.31,11.31,0,0,1.1,1.1,0,0,2.2,0,0,0,0,1.1,7.33,1,0,7.33,0,2.2,0,11.31,0,0,0,0,0,0,0,0,11.31,0,1.1,0,0,0,0,0,2.2,0,0,11.31,0,0,0,0,0,6,7.33,4,0,0,0,0,4,0,0,0,4,0,5.42,0,0,0,0,0,0,0,185587.5,0,0,0,0,0,0,5.42,0,0,0,0,0,1.1,0,0,0,0,0,0,0,0,0,0,0,2.2,0,0,0,0,4,0,0,0,0,0,0,0,0,0,0,0,0,0,0,0,0,0,0,0,0,0,0,0,0,0,0,0,0,0,0,0,0,0,0,0,0,0,0,0,0,0,0
9201,SOLE PROPRIETORSHIP,UNSPECIFIED,UNSPECIFIED,UNSPECIFIED,UNSPECIFIED,12/27/2024,0,0,0,0,0,0,0,0,0,0,0,0,0,0,0,0,0,0,0,0,0,0,0,0,0,0,0,0,0,0,0,0,0,0,0,0,0,0,0,0,0,0,0,0,0,0,0,0,0,0,0,0,0,0,0,0,0,0,0,0,0,0,0,0,0,0,0,0,0,0,0,0,0,0,0,0,0,0,0,0,0,0,0,0,0,0,0,0,0,0,0,0,0,0,0,0,0,0,0,0,0,0,0,0,0,0,0,0,0,0,0,0,0,0,0,0,0,0,0,0,0,0,0,0,0,0,0,0,0,0,0,0,0,0,0,0,0,0,0,0,0,0,0,0,0,0,0,0,0,0,0,0,0,0,0,0,0,0,0,0,0,0,0,0
1154,SOLE PROPRIETORSHIP,B,UNSPECIFIED,Wholesale and Retail trade; Repair of Motor Vehicles and Motorcycles,UNSPECIFIED,12/27/2024,0,0,0,64653.19,0,0,3415.68,11635.52,3846.15,0,1,0,0,5880,0,-50000,26,0,0,0,0,0,-0.48,0.34,0.34,0.02,-0.26,0.19,0.12,1,-0.13,0.08,0,1,0.07,0.12,0.19,1.5,0,-0.01,0,0.1,0.32,0,-1,0.13,0,0.06,0,0,0,0,0,-0.68,0.08,0.03,1,0,0,0,1,-0.52,0,0,-0.68,0,0,-1,0,-1,0,0,0,0,0,0,0,0,0,0,0,0,2.5,0,0,0,0,0,1,0,0,0,0,0,-0.85,0,0,0,0,0,0,0,0,0,0.03,0,0,0,0,0,0,0,0,0,0,-1,-0.52,0,0.33,0,0,0,0,0,0,0,0,0,0,0,0,0,0,0,0,0,0.33,0,0,0,0,0,0,0,0,0,0,0,0,0,0,0,0,0,0,0,0,0,0,0,0,0,0,0
5351,SOLE PROPRIETORSHIP,B,UNSPECIFIED,Wholesale and Retail trade; Repair of Motor Vehicles and Motorcycles,Active,12/27/2024,0,0,0,18542.92,0,0,370065,0,7692.31,0,0,0,10200,10200,0,0,1,-434982,0,0,0,0,0,0.15,0.15,0,0,0.1,0.1,0,0,0.19,0,0,0,0,0.1,0.08,1,0,0.08,0,0.19,0,0.15,0,0,0,-0.44,0,0,1,0,0.15,0,0.1,0,-0.5,0,0.15,0,0.19,0,-0.44,0.15,0,0,0.15,0,0.15,9,0.08,-0.5,0,0,0.8,-0.44,-0.5,0,-0.5,-25000,-0.5,0,-0.04,0,0,-17338,0,0,0,0,327000,0,0,0,-17338,0,0,-0.04,0,-17338,0,0,0,0.1,0,0,0,0,0,0,0,0,0,0,0.8,0.19,0,0,0,0,-0.5,0.8,0,0,0,0,0,0,0,0,0,0,0,0,0,0,0,0,0,0,0,0,0,0,0,0,0,0,0,0,0,0,0,0,0,0,0,0,0,0,0,0,0
4305,SOLE PROPRIETORSHIP,UNSPECIFIED,UNSPECIFIED,UNSPECIFIED,UNSPECIFIED,12/27/2024,0,0,0,0,0,0,0,0,0,0,0,0,0,0,0,0,0,0,0,0,0,0,0,0,0,0,0,0,0,0,0,0,0,0,0,0,0,0,0,0,0,0,0,0,0,0,0,0,0,0,0,0,0,0,0,0,0,0,0,0,0,0,0,0,0,0,0,0,0,0,0,0,0,0,0,0,0,0,0,0,0,0,0,0,0,0,0,0,0,0,0,0,0,0,0,0,0,0,0,0,0,0,0,0,0,0,0,0,0,0,0,0,0,0,0,0,0,0,0,0,0,0,0,0,0,0,0,0,0,0,0,0,0,0,0,0,0,0,0,0,0,0,0,0,0,0,0,0,0,0,0,0,0,0,0,0,0,0,0,0,0,0,0,0
7633,SOLE PROPRIETORSHIP,B,Retail/BBG Commercial,Accommodation and Food Service Activities,UNSPECIFIED,12/27/2024,0,0,0,1076.04,0,0,1000,3571.43,0,0,0,0,0,0,0,0,6,0,0,0,0,0,-0.88,1.37,1.37,0,-0.97,-0.14,-0.15,0,0,-0.64,-0.25,-1,0,0,-0.14,0,0,0.29,-1,-0.28,4.34,0,-1,0,0,0,0,0.14,0,0,0,-1,-0.64,-0.58,1,0,0,0,1,-0.68,0,0,-1,0,-0.38,1.08,0,-0.94,1,-1,-1,0,-0.19,0,0,0,0,0,-16000,0,0,-1,0,0,0,-0.99,0,0,0,8000,-0.75,0,-1,0,0,0,-0.4,0,0,0,-0.67,0,-0.58,0,-0.33,-0.8,0,0,0,0,0,0,0,4,-0.84,0,0,-1,0,-1,-0.67,0,0,0,0,0,0,0,0,0,0,0,0,0,0,-1,0,0,0,0,0,0,0,-1,0,0,0,0,0,0,0,0,0,0,0,0,0,0,0,0,0,0
5539,NON-FINANCIAL CORPORATION,B,Retail/BBG Commercial,Wholesale and Retail trade; Repair of Motor Vehicles and Motorcycles,UNSPECIFIED,12/27/2024,0,0,0,360296.44,0,0,134057.04,149371.93,57692.31,0,1,0,0,0,0,0,113,-25000,0,0,0,0,-0.65,503.77,503.77,0.17,-0.72,0.18,-0.12,-1,-0.7,2.24,0,0,0.07,0.22,0.53,0,1,0.28,-1,-0.01,2.24,0,-1,-0.36,0,0.19,-1,0,0,0,0,-1,-0.89,-0.14,0,0,0,-1,0,-0.89,0,0,-1,0,0,2799.02,0,-1,0,-1,0,0,0,-1,0,0,0,0,0,0,-1,0,-1,0,0,-1,-1,0.62,0,0,-1,0,0,0,-1,-0.15,-1,0,0,0,-1,0,-0.14,0,0,-1,0,0,0,0,0,0,0,4,-0.89,2,0,1.26,0,0,-1,0,0,0,0,0,0,0,0,0,0,0,0,0,0,0,0,0,0,0,0,0,0,2,0,0,0,0,0,0,0,0,0,0,0,0,0,0,0,0,0,0
8203,SOLE PROPRIETORSHIP,B,UNSPECIFIED,Other Service Activities,Active,12/27/2024,0,0,0,257952.59,0,0,33347.13,0,0,0,1,0,100000,200000,0,0,11,0,0,0,0,0,0.47,3601.31,-1,0.29,1,0.18,0.13,0,1.38,0.27,0,0,0.12,0.45,1.84,0,1,0.18,0,0.12,0.6,0,-1,12.29,0,0.13,0,0,0,0,0,-1,0.16,0.1,0,0,0,0,0,0.16,0,0,-1,0,0,-1,0,-1,0,0,0,0,0,0,0,0,0,0,0,0,0,0,0,0,0,0,0,-1,0,31200,0,0,-1,0,0,-1,0.67,0,0,0,0,0,0.08,0,0,0,0,0,0,0,0,0,0,-1,-0.14,0,0.08,0,0,0,0,0,0,0,0,0,0,0,-0.5,0,0,0,0,0,0,0,0,0,0,0,0,0,0,0,0,0,0,0,0,0,0,0,0,0,0,0,0,0,0,0,0,0
2192,NON-FINANCIAL CORPORATION,B,Retail/BBG Commercial,Real Estate Activities,UNSPECIFIED,12/27/2024,0,0,0,39615.12,0,1,1.36,0,0,0,0,0,0,0,0,0,9,-31615.75,0,0,0,0,-1,44600.46,-1,0,-1,0.03,-0.17,0,-1,-0.92,1.63,0,-0.03,0,0.33,-0.5,0,-0.48,0,-0.09,-0.01,0,-1,0,0,-0.26,-1,0,0,0,0,0,-0.92,-0.22,0,-1,0,6.83,0,-1,0,0,0,0,2.91,6.83,0,-1,0,0,0,0,-0.23,-0.5,0,-1,0,0,0,-1,0,0,0,0,0,-1,0,0,0,1621709.22,-1,0,-1,0,0,0,-1,0,0,0,-1,0,-0.22,0,-0.75,-1,0,0,0,0,0,0,0,2,-1,0,0.1,0,0,0,-1,0,0,0,0,0,0,0,0,0,0,0,0,0,0.33,0,0,0,0,0,0,0,0,0,0,0,0,0,0,0,0,0,0,0,0,0,0,0,0,0,0,0
3791,SOLE PROPRIETORSHIP,B,Retail/BBG Commercial,Wholesale and Retail trade; Repair of Motor Vehicles and Motorcycles,Active,12/27/2024,0,0,0,37022.34,0,0,8666.67,0,0,0,0,0,0,0,0,0,33,0,0,0,0,0,0.01,4.43,4.43,0.02,0,-0.01,-0.02,0,-0.07,0.03,0,0,-0.01,0,0.13,1,0,0,0,-0.03,0.03,0,-1,-0.09,0,-0.01,0,0.33,0,0,0,4.43,-0.01,-0.03,1,0,0,1.42,1,-0.01,0,0,0,0,0,1.42,2.21,-1,0,1,0,0,0,0,0,0,0,0,0,0,0,0,3.85,0,0,-0.78,0,2.8,0,0,0,0,-0.73,0,1,0.21,0,0,0,0,0,0.5,-0.06,0,0,-0.6,0,0,0,0,0.22,0,0,4,-0.03,1,0,4.43,0,0,0,0,0,0,0,0,0,0,0,0,0,0,0,0,0,0,0,0,0,0,0,0,0,1,0,0,0,0,0,0,0,0,0,0,0,0,0,0,0,0,0,0
9362,PARTNERSHIP,B,Retail/BBG Commercial,Accommodation and Food Service Activities,Active,12/27/2024,0,0,0,18168.26,0,0,17634.04,0,15384.62,0,0,0,0,0,0,0,3,0,0,0,0,0,-1,-0.6,-0.6,0,0,0,-0.25,0,0,-0.83,0,0,0,0,0,0.25,1,0,-1,0,-0.01,0,-1,0,0,0,0,4.75,0,0,0,-1,-0.83,-0.28,0,0,0,-0.61,0,-1,0,0,-1,0,-0.8,1.44,-1,-1,1,-0.9,-1,0.25,0,-0.64,0,-0.83,0,0,0,-0.83,0,-1,0,0,0,0,0,0,0,79998.45,-1,0,0,0,0,0,-0.97,0,0,0,-1,-0.95,-0.28,0,-0.82,0,0,0,0,0,0,0,0,3.67,-1,0,0.25,-1,0,-1,-1,0,0,0,0,0,0,0,0,0,0,0,0,0,0,0,0,0,0,0,0,0,0,-1,0,0,0,0,0,0,0,0,0,0,0,0,0,0,0,0,0,0
6770,NON-FINANCIAL CORPORATION,UNSPECIFIED,UNSPECIFIED,UNSPECIFIED,UNSPECIFIED,12/27/2024,0,0,0,0,0,0,0,0,0,0,0,0,0,0,0,0,0,0,0,0,0,0,0,0,0,0,0,0,0,0,0,0,0,0,0,0,0,0,0,0,0,0,0,0,0,0,0,0,0,0,0,0,0,0,0,0,0,0,0,0,0,0,0,0,0,0,0,0,0,0,0,0,0,0,0,0,0,0,0,0,0,0,0,0,0,0,0,0,0,0,0,0,0,0,0,0,0,0,0,0,0,0,0,0,0,0,0,0,0,0,0,0,0,0,0,0,0,0,0,0,0,0,0,0,0,0,0,0,0,0,0,0,0,0,0,0,0,0,0,0,0,0,0,0,0,0,0,0,0,0,0,0,0,0,0,0,0,0,0,0,0,0,0,0
1717,SOLE PROPRIETORSHIP,B,UNSPECIFIED,Other Service Activities,Active,12/27/2024,0,0,0,5939.3,0,0,31750,0,0,0,1,0,0,0,0,0,1,-44927.83,0,0,0,0,0,0.54,0.54,0,11.21,0.33,0.19,0,0,-0.35,0,0,0,0,0.33,0,2,0,0,0.1,-0.35,0,0.54,0,0,0,0,0.33,0,0,0,0.54,0,-0.02,0,0,0,0.8,0,-0.35,0,0,0.54,-1,0,0.8,0,0.8,1,0,-1,0,0,0,0,-1,0,0,-24800,-1,0,-1,0,0,0,1.87,0,0,0,50500,0,0,1.64,0,0,0,-1,0,0,0,0,0,-0.02,0,0,1,0,0,0,0,0,0,0,0,-0.35,0,0.33,0,0,-1,0,0,0,0,0,0,0,0,0,0,0,0,0,0,1,0,0,0,0,0,0,0,0,0,0,0,0,0,0,0,0,0,0,0,0,0,0,0,0,0,0,0
4745,PARTNERSHIP,B,UNSPECIFIED,"Professional, Scientific & Technical Activities",Active,12/27/2024,0,0,0,544791.13,0,0,158342.09,37666.67,0,0,1,0,0,0,0,0,16,0,-0.07,0,0.74,0.22,-0.3,1.46,0.45,0.09,-0.06,0.17,0.09,1,0.56,0.02,0.23,3,0.1,0.1,0.17,0.75,1,0,0,0.11,0.15,0,-0.45,1.55,0.58,0.07,0,0,0,1,0,0.45,0.02,0.01,0,0,0.05,0.85,0,-0.32,0.67,0,-0.45,1,0.45,0.85,0,-0.15,9,0.5,0.25,0,0.15,0.57,0,0.33,0,0,-272900,1.5,2.82,-0.49,2.47,0,0,1.36,9,-0.26,0,792312.5,0.95,0,-0.49,0,4,1.65,4.73,0,0,0,0.43,0.25,0.01,0,0.24,0.67,0,0,0,0,5.67,0,0,5,-0.32,-0.25,0,-0.2,0,0.25,-0.09,0,0,0,0,0,0,0,0.5,0,0,0,0,0,0,-0.18,0,0,0,0,0,0,0,0.5,0,0,0,0,0,0,0,0,0,0,0,0,0,0,0,0,0,0
4224,SOLE PROPRIETORSHIP,UNSPECIFIED,UNSPECIFIED,UNSPECIFIED,UNSPECIFIED,12/27/2024,0,0,0,0,0,0,0,0,0,0,0,0,0,0,0,0,0,0,0,0,0,0,0,0,0,0,0,0,0,0,0,0,0,0,0,0,0,0,0,0,0,0,0,0,0,0,0,0,0,0,0,0,0,0,0,0,0,0,0,0,0,0,0,0,0,0,0,0,0,0,0,0,0,0,0,0,0,0,0,0,0,0,0,0,0,0,0,0,0,0,0,0,0,0,0,0,0,0,0,0,0,0,0,0,0,0,0,0,0,0,0,0,0,0,0,0,0,0,0,0,0,0,0,0,0,0,0,0,0,0,0,0,0,0,0,0,0,0,0,0,0,0,0,0,0,0,0,0,0,0,0,0,0,0,0,0,0,0,0,0,0,0,0,0
172,NON-FINANCIAL CORPORATION,B,UNSPECIFIED,Real Estate Activities,Active,12/27/2024,0,0,0,8264.3,0,0,198333.33,0,3846153.85,0,1,0,0,0,0,0,9,0,0,0,0,0,-0.42,-1,-1,0,-0.77,0.06,-0.12,0,-0.77,-0.1,0,0,-0.01,0,0.61,-1,1,-0.23,-1,-0.06,0,0,-1,0,0,-0.15,0,0,0,1,0,-1,-0.1,-0.17,0,0,0,-1,0,-0.35,0,0,-1,-1,0,-1,0,-1,1,-1,-1,0,0,-0.67,0,-1,0,0,-310000,-1,0,-1,0,0,0,0,0,0,0,300000,0,0,0,0,0,0,-1,0,0,0,0,0,-0.17,0,0,0,0,0,0,0,0,0,0,-0.67,-0.49,0,0,0,0,-1,-0.67,0,0,0,0,0,0,0,0,0,0,0,0,0,0,0,0,0,0,0,0,0,0,0,0,0,0,0,0,0,0,0,0,0,0,0,0,0,0,0,0,0
4254,NON-FINANCIAL CORPORATION,UNSPECIFIED,UNSPECIFIED,UNSPECIFIED,UNSPECIFIED,12/27/2024,0,0,0,0,0,0,0,0,0,0,0,0,0,0,0,0,0,0,0,0,0,0,0,0,0,0,0,0,0,0,0,0,0,0,0,0,0,0,0,0,0,0,0,0,0,0,0,0,0,0,0,0,0,0,0,0,0,0,0,0,0,0,0,0,0,0,0,0,0,0,0,0,0,0,0,0,0,0,0,0,0,0,0,0,0,0,0,0,0,0,0,0,0,0,0,0,0,0,0,0,0,0,0,0,0,0,0,0,0,0,0,0,0,0,0,0,0,0,0,0,0,0,0,0,0,0,0,0,0,0,0,0,0,0,0,0,0,0,0,0,0,0,0,0,0,0,0,0,0,0,0,0,0,0,0,0,0,0,0,0,0,0,0,0
9222,NON-FINANCIAL CORPORATION,M,UNSPECIFIED,Financial and Insurance Activities,UNSPECIFIED,12/27/2024,0,0,0,826746.6,0,1,18695.06,392309,7692307.69,0,1,0,0,0,0,0,60,0,0,0,0,0,0.04,147.23,147.23,-0.15,-0.31,0.02,-0.27,-1,-0.86,0.05,0,-1,-0.14,0.1,0.02,0,1,0.15,-1,-0.17,1.49,0,-1,-0.66,0,-0.02,0,0,0,0,0,-1,0.05,-0.3,0,0,0,-1,0,-0.01,0,0,-1,0,0,-1,0,-1,0,-1,0,0,0,-1,0,0,0,0,0,0,0,0,0,0,0,-1,0,0,0,0,-1,0,0,0,0,0,0,0,0,0,-1,0,-0.3,0,0,-1,0,0,0,0,0,0,0,0,-0.72,0,0,-1,0,0,-1,0,0,0,0,0,0,0,0,0,0,0,0,0,0,0,0,0,0,0,0,0,0,0,0,0,0,0,0,0,0,0,0,0,0,0,0,0,0,0,0,0
5714,SOLE PROPRIETORSHIP,B,Retail/BBG Commercial,"Professional, Scientific & Technical Activities",Active,12/27/2024,0,0,0,14289.43,0,0,60615.46,0,0,0,0,0,0,0,0,0,8,0,-0.11,0,0,0,-1,0.94,0.94,0,-1,0.15,-0.09,0,0,-0.61,0.04,0,0,0,0.65,1.2,1,-0.4,-1,-0.03,0.09,0,-1,0,0,0,0,0,0,0,0,-0.58,-0.61,-0.23,0,0,-0.1,-0.34,0,-0.99,0,0,-1,0,-0.67,1.78,-0.79,-1,0,-0.56,0,0,-0.05,-0.29,0,0,0,0,0,0,0,0,0,0,0,-1,0,0,0,0,-1,0,-1,0,0,0,0,0,0,0,-1,-0.78,-0.23,0,-0.64,-1,0,0,0,0,0,0,0,1.25,-0.99,0,0,-1,0,0,-1,0,0,0,0,0,0,0,0,0,0,0,0,0,0,-1,0,0,0,0,0,0,0,-1,0,0,0,0,0,0,0,0,0,0,0,0,0,0,0,0,0,0
300,SOLE PROPRIETORSHIP,B,Retail/BBG Commercial,Real Estate Activities,Active,12/27/2024,0,0,0,94527.57,0,0,0,3888.89,0,0,1,0,0,0,0,0,43,0,0,0,-0.01,0.07,-0.03,-1,-1,0.01,0.36,0.05,0.05,-1,0.27,-0.01,0.11,-1,0.01,0.02,0.05,-1,1,0.07,0,0.03,0.32,0,-1,0.16,0.13,0.04,0,0,0,0,0,0,-0.01,0.05,0,0,0,0,0,-0.02,0.28,0,0,0,0,1.05,0,-0.51,0,0,0,0,0.45,0,0,0,0,0,0,0,-0.68,0,0,0,0,0,-0.86,0,0,0,0,0,0,0,0,0,0,0,0,0,0,0,-0.02,0,0,0,0,0,0,0,0,0,0,3,-0.04,0,0,0,0,0,0,0,0,0,0,0,0,0,0,0,0,0,0,0,0,0,0,0,0,0,0,0,0,0,0,0,0,0,0,0,0,0,0,0,0,0,0,0,0,0,0,0
5481,SOLE PROPRIETORSHIP,B,Retail/BBG Commercial,UNSPECIFIED,UNSPECIFIED,12/27/2024,0,0,0,5000,0,0,0,0,0,0,1,1,0,0,0,0,90,0,0,0,0,0,0,0,0,0,0,0,0,0,0,0,0,0,0,0,0,0,0,0,0,0,0,0,0,0,0,0,0,0,0,0,0,0,0,0,0,0,0,0,0,0,0,0,0,0,0,0,0,0,0,0,0,0,0,0,0,0,0,0,0,0,0,0,0,0,0,0,0,0,0,0,0,0,0,0,0,0,0,0,0,0,0,0,0,0,0,0,0,0,0,0,0,0,0,0,0,0,0,0,0,0,0,0,0,0,0,0,0,0,0,0,0,0,0,0,0,0,0,0,0,0,0,0,0,0,0,0,0,0,0,0,0,0,0,0,0,0,0,0,0,0,0,0
7072,SOLE PROPRIETORSHIP,B,Retail/BBG Commercial,Transportation and Storage,Active,12/27/2024,0,0,0,53929.24,0,0,25333.33,0,0,0,1,0,0,0,0,0,28,0,0,0,0,0,0,-0.3,-0.3,0.01,0.08,0.02,0.02,0,0.13,0,0,0,0.02,0.02,0.02,2,0,0.02,-0.67,0.02,0.07,0,-1,0.21,0,0.02,0,0,0,0,0,-0.3,0,0.02,1,0,0,-0.23,1,0,0,0,-0.71,0,-0.48,0.67,-0.51,-1,0,2,0,0,0,4,0,0,0,0,0,-1,-0.78,0,-0.86,0,0,1.79,-0.33,-0.86,0,22000,-0.79,0,0,0,1,-0.79,-1,0,0,0,3,0.67,0.02,0,1.9,1,0,0,0,0,0,0,0,4,0,-0.75,0,-0.8,0,0,-0.2,0,0,0,0,0,0,0,-0.5,0,0,0,0,0,0,-0.5,0,0,0,0,0,0,0,0,0,0,0,0,0,0,0,0,0,0,0,0,0,0,0,0,0,0
1199,NON-FINANCIAL CORPORATION,B,UNSPECIFIED,Transportation and Storage,UNSPECIFIED,12/27/2024,0,0,0,2504851.87,0,1,2527921.19,2362210.89,0,0,1,0,0,0,0,0,23,-1.56E+07,0.07,0,0.15,0.18,-0.21,0.76,0.76,0.02,-0.04,0.08,0.03,0.6,0.12,-0.09,0.29,0.6,0.05,0.05,0.08,0.33,1,0,-0.38,0.05,0.15,0,-0.24,0.55,0.11,0.02,4.1,0,0,30,0,0.76,-0.13,0.02,0,0.7,-0.04,0.04,0,-0.13,0.13,1.48,-0.24,6,0.03,1.85,0.26,-0.63,0,0,0,0,0.03,0.6,-0.66,0,0,0.7,-7155895.42,0,-0.27,0,-0.41,0,0,0.28,-0.07,-0.59,0,0,0.06,0,0.07,0,-0.03,-0.48,0,0,0,0,0.4,-0.19,0.02,0,0.24,-0.1,0,0,0,0,0,0,0,1.58,-0.13,-0.5,0,0.34,0,0,-0.13,0,0,0,0,0,0,0,-0.17,0,0,0,0,0,0,-0.29,0,0,0,0,0,0,0,-0.38,0,0,0,0,0,0,0,0,0,0,0,0,0,0,0,0,0,0
5,NON-FINANCIAL CORPORATION,UNSPECIFIED,UNSPECIFIED,UNSPECIFIED,UNSPECIFIED,12/27/2024,0,0,0,0,0,0,0,0,0,0,0,0,0,0,0,0,0,0,0,0,0,0,0,0,0,0,0,0,0,0,0,0,0,0,0,0,0,0,0,0,0,0,0,0,0,0,0,0,0,0,0,0,0,0,0,0,0,0,0,0,0,0,0,0,0,0,0,0,0,0,0,0,0,0,0,0,0,0,0,0,0,0,0,0,0,0,0,0,0,0,0,0,0,0,0,0,0,0,0,0,0,0,0,0,0,0,0,0,0,0,0,0,0,0,0,0,0,0,0,0,0,0,0,0,0,0,0,0,0,0,0,0,0,0,0,0,0,0,0,0,0,0,0,0,0,0,0,0,0,0,0,0,0,0,0,0,0,0,0,0,0,0,0,0
7579,NON-FINANCIAL CORPORATION,B,UNSPECIFIED,Administrative and Support Service Activities,UNSPECIFIED,12/27/2024,0,0,0,593579.83,0,0,6987925.48,111111.11,769230.77,0,1,0,0,0,0,0,57,-2.29E+07,0.32,0,0.24,0.21,-0.32,1.93,1.87,-0.01,-0.46,0.04,0.04,-1,-0.56,0.84,0.39,-1,-0.04,0.13,0.16,0.67,1,0.12,-0.13,-0.08,0.94,0,-0.66,-0.39,0.02,0.06,2.58,3.08,0,32,0,1.14,0.84,-0.15,0,0.62,0.06,2.34,0,-0.63,0.02,2.58,-0.35,1.8,0.94,2.34,0.4,-0.57,21,0.07,0.75,2.92,0.04,0.11,-0.32,0.75,0,0.62,-5.80E+07,0.75,-0.36,3.99,-0.49,0,0,-0.23,-0.13,-0.44,0,2.92E+07,0.8,0,-0.19,0,0.02,-0.3,3.99,0,0,0,0.08,-0.03,-0.19,0,0.04,0.17,0,0,0,0,0,0,0,0.58,-0.63,0.67,0,0.4,0,0.43,-0.03,0,0,0,0,0,0,0,0,0,0,0,0,0,0,0.15,0,0,0,0,0,0,0,-0.06,0,0,0,0,0,0,0,0,0,0,0,0,0,0,0,0,0,0
365,SOLE PROPRIETORSHIP,B,Retail/BBG Commercial,UNSPECIFIED,UNSPECIFIED,12/27/2024,0,0,0,7459.26,0,0,0,0,0,0,0,0,0,0,0,0,4,0,0,0,0,0,-0.24,3.5,3.5,0,0,-0.09,-0.09,0,0,-0.11,0,0,0,0,-0.09,-0.67,1,0,0,0,0.13,0,-1,0,0,0,0,0,0,0,0,0,-0.11,-0.11,0,0,0,0,0,-0.15,0,0,0,0,0,3.89,0,-1,0,0,0,0,0,0,0,-1,0,0,0,-1,0,0,0,0,-4578,0,0,0,0,5105,0,0,0,0,0,0,-1,0,-4578,0,0,0,-0.35,0,0,0,0,0,0,0,0,0,0,1,-0.69,0,0.4,0,0,0,0,0,0,0,0,0,0,0,0,0,0,0,0,0,0,0,0,0,0,0,0,0,0,0,0,0,0,0,0,0,0,0,0,0,0,0,0,0,0,0,0,0
4178,SOLE PROPRIETORSHIP,B,Retail/BBG Commercial,Construction,UNSPECIFIED,12/27/2024,0,0,0,55711,0,0,0,0,76923.08,0,1,0,0,0,0,0,62,0,0,0,0,0,0,0,0,0,0,0,0,0,0,0,0,0,0,0,0,0,1,0,0,0,0,0,0,0,0,0,0,0,0,0,0,0,0,0,0,0,0,0,0,0,0,0,0,0,0,0,0,0,0,0,0,0,0,0,0,0,0,0,0,0,0,0,0,0,0,0,0,0,0,0,0,0,0,0,0,0,0,0,0,0,0,0,0,0,0,0,0,0,0,0,0,0,0,0,0,0,0,0,0,0,0,0,0,0,0,0,0,0,0,0,0,0,0,0,0,0,0,0,0,0,0,0,0,0,0,0,0,0,0,0,0,0,0,0,0,0,0,0,0,0,0,0
6291,SOLE PROPRIETORSHIP,B,UNSPECIFIED,Construction,Active,12/27/2024,0,0,0,3349.21,0,0,6666.67,0,7692.31,0,1,0,0,0,0,0,19,-22240,0,0,0,0,-0.49,4.74,-0.8,-0.08,0.07,0.02,-0.42,0,-0.98,-0.25,0,0,-0.17,1.27,0.57,1,1,2.09,-1,-0.31,12.11,0,-1,-0.95,0,1.1,-1,0,0,0,0,-1,-0.25,-0.55,0,0,0,0,0,-0.32,0,0,-1,-1,-0.48,0,0,-1,0,-1,0,0,0,0,0,0,0,0,-164500,0,-1,0,-1,0,0,-0.86,-0.67,-1,0,0,-0.95,0,-1,0,-0.89,-1,0,0,0,0,-0.5,0,-0.55,0,-0.25,0,0,0,0,0,0,0,0,3.5,-0.76,-1,1.67,-1,0,0,-0.5,0,0,0,0,0,0,0,-1,0,0,0,0,0,0,-1,0,0,0,0,0,0,0,-1,0,0,0,0,0,0,0,0,0,0,0,0,0,0,0,0,0,0
9006,SOLE PROPRIETORSHIP,B,UNSPECIFIED,Wholesale and Retail trade; Repair of Motor Vehicles and Motorcycles,Active,12/27/2024,0,0,0,17182.49,0,0,100233.33,46130.81,0,0,1,0,0,0,0,0,41,0,1.36,0,1.91,1.12,-0.28,4.55,4.55,0.04,-0.37,-0.01,-0.06,3,-0.33,0.06,1.37,3,0.01,0.28,0.25,3,1,-0.08,0,-0.04,0.06,0,-0.47,1.76,0.53,-0.04,0,0,0,1,0,4.55,-0.32,-0.07,0,0,0.53,4.15,0,-0.32,0.31,0,-0.13,-1,2.07,4.15,2.21,-0.36,1,3,0,0,0.29,1,0,-1,0,0,-48000,0,17.37,0,9.1,0,0,9.1,2,7.25,0,36980,4.15,0,7.6,0,0.8,3.57,-0.19,0,0,0,1.25,1.5,-0.07,0,0.56,0.8,0,0,0,0,2.22,0,0,4,-0.32,1.67,0,3.84,0,0,0.13,0,0,0,0,0,0,0,1,0,0,0,0,0,0,1.67,0,0,0,0,0,0,0,3,0,0,0,0,0,0,0,0,0,0,0,0,0,0,0,0,0,0
9335,NON-FINANCIAL CORPORATION,UNSPECIFIED,UNSPECIFIED,UNSPECIFIED,UNSPECIFIED,12/27/2024,0,0,0,0,0,0,0,0,0,0,0,0,0,0,0,0,0,0,0,0,0,0,0,0,0,0,0,0,0,0,0,0,0,0,0,0,0,0,0,0,0,0,0,0,0,0,0,0,0,0,0,0,0,0,0,0,0,0,0,0,0,0,0,0,0,0,0,0,0,0,0,0,0,0,0,0,0,0,0,0,0,0,0,0,0,0,0,0,0,0,0,0,0,0,0,0,0,0,0,0,0,0,0,0,0,0,0,0,0,0,0,0,0,0,0,0,0,0,0,0,0,0,0,0,0,0,0,0,0,0,0,0,0,0,0,0,0,0,0,0,0,0,0,0,0,0,0,0,0,0,0,0,0,0,0,0,0,0,0,0,0,0,0,0
9302,SOLE PROPRIETORSHIP,B,UNSPECIFIED,Construction,Active,12/27/2024,0,0,0,4500,0,0,12500,0,0,0,1,0,0,0,0,0,1,0,0,0,0,0,0,-1,-1,0,0,0.13,0.13,0,0,0.25,0,0,0,0,0.13,-1,1,0,-1,0,0.25,0,-1,0,0,0,0,0,0,0,0,-1,0,0.13,0,0,0,-1,0,0.25,0,0,-1,0,0,-1,0,-1,1,-1,-1,0,0,-1,0,-1,0,0,0,-1,0,-1,0,0,0,0,0,0,0,25000,0,0,0,0,0,0,-1,0,0,0,0,0,0.13,0,0,0,0,0,0,0,0,0,0,-1,0.25,0,1,0,0,-1,-1,0,0,0,0,0,0,0,0,0,0,0,0,0,1,0,0,0,0,0,0,0,0,0,0,0,0,0,0,0,0,0,0,0,0,0,0,0,0,0,0,0
2647,SOLE PROPRIETORSHIP,B,Retail/BBG Commercial,Wholesale and Retail trade; Repair of Motor Vehicles and Motorcycles,Active,12/27/2024,0,0,0,8434.14,0,0,0,0,0,0,1,0,0,0,0,0,32,0,0,0,0.38,0.52,-0.23,-1,-1,0.07,-0.29,0.34,0.13,0,1.91,-0.11,-0.17,0,0.13,0.21,0.41,-1,1,-0.06,0,0.17,0.11,0,-1,1.88,0.05,0.26,0,0,0,0,0,0,-0.11,0.03,0,0,0,0,0,-0.13,0.06,0,0,0,0,0,0,-0.83,0,0,0,0,-0.1,0,0,-1,0,0,0,-1,0,0,0,0,0,-0.83,0,0,0,17800,0,0,-1,0,0,0,-1,0,0,0,0,0,0.03,0,0,-0.5,0,0,0,0,0,0,0,1,-0.13,0,0,0,0,0,0,0,0,0,0,0,0,0,0,0,0,0,0,0,0,-1,0,0,0,0,0,0,0,0,0,0,0,0,0,0,0,0,0,0,0,0,0,0,0,0,0,0
7946,NON-FINANCIAL CORPORATION,B,Retail/BBG Commercial,UNSPECIFIED,UNSPECIFIED,12/27/2024,0,0,0,87222.88,0,0,0,0,0,0,0,0,0,0,0,0,210,0,0,0,0,0,0,0,0,0,0,0,0,0,0,0,0,0,0,0,0,0,0,0,0,0,0,0,0,0,0,0,0,0,0,0,0,0,0,0,1,0,0,0,0,0,0,0,0,0,0,0,0,0,0,0,0,0,0,0,0,0,0,0,0,0,0,0,0,0,0,0,0,0,0,0,0,0,0,0,0,0,0,0,0,1,0,0,0,0,0,0,0,0,0,0,0,0,0,0,0,0,0,0,0,0,0,0,0,0,0,0,0,0,0,0,0,0,0,0,0,0,0,0,0,0,0,0,0,0,0,0,0,0,0,0,0,0,0,0,0,0,0,0,0,0,0,0
7492,NON-FINANCIAL CORPORATION,UNSPECIFIED,UNSPECIFIED,UNSPECIFIED,UNSPECIFIED,12/27/2024,0,0,0,0,0,0,0,0,0,0,0,0,0,0,0,0,0,0,0,0,0,0,0,0,0,0,0,0,0,0,0,0,0,0,0,0,0,0,0,0,0,0,0,0,0,0,0,0,0,0,0,0,0,0,0,0,0,0,0,0,0,0,0,0,0,0,0,0,0,0,0,0,0,0,0,0,0,0,0,0,0,0,0,0,0,0,0,0,0,0,0,0,0,0,0,0,0,0,0,0,0,0,0,0,0,0,0,0,0,0,0,0,0,0,0,0,0,0,0,0,0,0,0,0,0,0,0,0,0,0,0,0,0,0,0,0,0,0,0,0,0,0,0,0,0,0,0,0,0,0,0,0,0,0,0,0,0,0,0,0,0,0,0,0
8565,NON-FINANCIAL CORPORATION,M,UNSPECIFIED,Manufacturing,Active,12/27/2024,0,0,0,198300,0,0,11.08,0,0,0,1,0,0,0,0,0,10,0,0,0,0,0,0,-1,-1,0,-0.01,0.12,0,0,-0.01,0,0,-1,0.03,0,0.82,-1,1,0,0,0.02,0,0,-1,0,0,0,0,0,0,0,0,0,0,0,0,0,0,0,0,0,0,0,0,0,0,-1,0,-1,0,0,0,0,0,0,0,0,0,0,0,0,0,0,0,0,0,0,0,0,0,0,0,0,0,0,0,0,0,0,0,0,0,0,0,0,0,0,0,0,0,0,0,0,0,-1,-0.01,0,0,0,0,0,0,0,0,0,0,0,0,0,0,0,0,0,0,0,0,0,0,0,0,0,0,0,0,0,0,0,0,0,0,0,0,0,0,0,0,0,0,0,0,0,0,0
4287,NON-FINANCIAL CORPORATION,B,Retail/BBG Commercial,Human Health and Social Work Activities,UNSPECIFIED,12/27/2024,0,0,0,218938.35,0,0,9079.64,39751.58,692307.69,0,0,0,0,0,0,0,52,-3792831.37,2.28,1,0.33,0.33,-0.63,11.72,11.72,-0.09,-0.7,-0.11,-0.19,2,-0.87,-0.21,0.75,2,-0.14,-0.15,0.05,3,0,-0.19,-0.5,-0.17,0.01,0,-0.85,-0.87,-0.14,-0.21,4.9,0,0,0,0,1,-0.53,-0.2,0,1,0.52,0,0,-0.53,-0.08,0,-0.85,0,-0.42,4.9,0.08,-0.83,0,1,0,0,-0.07,0,-0.83,0,0,0,0,-1,-0.95,0,-0.97,0,0,-0.32,-0.97,-0.99,0,18000,-0.83,0,1.09,0,-0.8,-1,0.5,0,0,0,-0.5,0.25,-0.2,0,-0.25,-0.67,0,0,0,0,0,0,0,1,-0.53,-0.96,0,-0.69,0,0,-0.5,0,0,0,0,0,0,0,-0.97,0,0,0,0,0,0,0,0,0,0,0,0,0,0,0,0,0,0,0,0,0,0,0,0,0,0,0,0,0,0,0,0,0
5789,NON-FINANCIAL CORPORATION,C,UNSPECIFIED,Manufacturing,UNSPECIFIED,12/27/2024,0,0,0,1903869.62,0,0,6603111.72,4538808.42,1.64E+08,0,1,0,0,0,0,-450000,292,-8050000,0.26,0,0.64,0.54,-0.41,71.33,2.07,-0.08,-0.23,0.11,0,0,-0.58,1.31,0.31,1.67,-0.09,0.3,0.11,0.77,0,0.48,0,-0.06,2.4,0,-0.81,-0.7,0.02,0.25,-0.67,0,0,0,0,-0.24,-0.75,-0.19,2,-0.67,0.12,0.06,0,-0.75,0.03,-1,-0.73,0,-0.38,2.2,-0.48,-0.81,42,0.76,0.91,0,0.02,0,-1,0.91,0,-1,0,0.91,-0.88,1.11,-0.7,0,0,-0.76,0.11,-0.77,0,1651400.5,-0.8,0,-0.76,0,0.11,-0.89,1.61,0,0,0,-0.29,0.38,-0.19,0,-0.14,0,0,0,0,0,0,0,0,0.4,-0.75,0.58,0,-0.79,0,0.1,-0.29,0,0,0,0,0,0,0,0.67,0,0,0,0,0,0,0.3,0,0,0,0,0,0,0,0.76,0,0,0,0,0,0,0,0,0,0,0,0,0,0,0,0,0,0
3390,SOLE PROPRIETORSHIP,B,UNSPECIFIED,Wholesale and Retail trade; Repair of Motor Vehicles and Motorcycles,Active,12/27/2024,0,0,0,3709.68,0,0,1666.67,0,0,0,1,0,0,0,0,0,2,0,0,0,0,0,3.43,-1,-1,0,0,1.71,1.71,0,0,3.43,0,0,0,0,1.71,-1,1,0,-1,0,3.43,0,-1,0,0,0,0,0,0,0,0,-1,3.43,0.21,0,0,0,0,0,0,0,0,-1,0,0,0,0,0,1,-1,-1,0,0,0,0,-1,0,0,0,-1,0,-1,0,0,0,0,0,0,0,5000,0,0,0,0,0,0,-1,0,0,0,0,0,0.21,0,0,0,0,0,0,0,0,0,0,0,0,0,0,-1,0,-1,0,0,0,0,0,0,0,0,0,0,0,0,0,0,0,0,0,0,0,0,0,0,0,-1,0,0,0,0,0,0,0,0,0,0,0,0,0,0,0,0,0,0
4844,SOLE PROPRIETORSHIP,B,Retail/BBG Commercial,UNSPECIFIED,UNSPECIFIED,12/27/2024,0,0,0,541.32,0,0,0,0,0,0,0,0,0,0,0,0,70,0,0,0,0,0,-0.99,0,0,-0.23,-1,-0.13,-0.22,0,-1,-0.49,0,0,-0.25,-0.32,-0.13,0,0,-0.45,0,-0.19,-0.21,0,0,-1,0,-0.33,0,0,0,0,0,0,-0.49,-0.28,1,0,0,0,1,-0.98,0,0,0,0,0,0,0,0,0,0,0,0,0,0,0,0,0,0,0,0,-0.98,0,0,0,0,0,0,0,0,0,0,0,0,0,0,0,0,0,0,0,0,0,-0.28,0,0,0,0,0,0,0,0,0,0,0,-0.98,0,0.08,0,0,0,0,0,0,0,0,0,0,0,0,0,0,0,0,0,0,0,0,0,0,0,0,0,0,0,0,0,0,0,0,0,0,0,0,0,0,0,0,0,0,0,0,0
3083,NON-FINANCIAL CORPORATION,UNSPECIFIED,UNSPECIFIED,UNSPECIFIED,UNSPECIFIED,12/27/2024,0,0,0,0,0,0,0,0,0,0,0,0,0,0,0,0,0,0,0,0,0,0,0,0,0,0,0,0,0,0,0,0,0,0,0,0,0,0,0,0,0,0,0,0,0,0,0,0,0,0,0,0,0,0,0,0,0,0,0,0,0,0,0,0,0,0,0,0,0,0,0,0,0,0,0,0,0,0,0,0,0,0,0,0,0,0,0,0,0,0,0,0,0,0,0,0,0,0,0,0,0,0,0,0,0,0,0,0,0,0,0,0,0,0,0,0,0,0,0,0,0,0,0,0,0,0,0,0,0,0,0,0,0,0,0,0,0,0,0,0,0,0,0,0,0,0,0,0,0,0,0,0,0,0,0,0,0,0,0,0,0,0,0,0
4685,NON-FINANCIAL CORPORATION,B,UNSPECIFIED,Manufacturing,Active,12/27/2024,0,0,0,1473166.35,0,0,473785.76,5697.79,0,0,1,0,0,0,0,0,18,-778496.8,0,0,0.99,1.35,-0.38,3.37,3.37,-0.04,0.89,0.48,0.15,0,13.65,-0.19,2.07,-1,0.04,0.61,0.48,2,1,0.31,-0.5,0.17,1.8,0,-0.87,0.12,0.1,1.01,9.84,0,0,17,0,3.37,-0.23,0.08,0,1,0,8.55,0,-0.23,0.14,9.84,-0.72,3,3.84,8.55,1.33,-0.86,1,1,-1,0,0.17,0.67,-0.92,-1,0,1,-1731902.34,-1,-0.72,-1,0.48,0,0,0.05,0.17,0,0,1000,0.34,0,0,0,0.75,-0.74,-1,0,0,0,0.17,0.25,-0.17,0,0.18,0.4,0,0,0,0,0,0,0,0.67,-0.24,0,0,0.2,0,-1,-0.3,0,0,0,0,0,0,0,1,0,0,0,0,0,0,0,0,0,0,0,0,0,0,0,0,0,0,0,0,0,0,0,0,0,0,0,0,0,0,0,0,0
1172,SOLE PROPRIETORSHIP,B,Retail/BBG Commercial,Real Estate Activities,UNSPECIFIED,12/27/2024,0,0,0,28337.53,0,0,20000,24104,384615.38,0,0,0,0,0,0,0,35,-1010666.64,0,0,0,0,-0.57,5.55,-1,-0.23,-0.6,-0.17,-0.31,0,-0.95,-0.27,0,0,-0.25,-0.12,-0.08,0,0,-0.15,-1,-0.31,0.13,0,-1,-0.95,0,-0.16,1.32,0,0,0,0,-1,-0.27,-0.65,1,-0.5,0,-1,1,-0.41,0,-1,-1,2,0,-0.73,0,-1,0,-1,0,0,0,-1,-1,0,0,-1,-907850,0,-1,0,-1,0,0,-1,-1,-1,0,580000,0,0,-1,0,-1,-1,1.81,0,0,0,0,0,-0.65,0,0,-1,0,0,0,0,0,0,0,1.13,-0.41,-1,0,0,0,0,-1,0,0,0,0,0,0,0,-1,0,0,0,0,0,0,-1,0,0,0,0,0,0,0,0,0,0,0,0,0,0,0,0,0,0,0,0,0,0,0,0,0,0
1017,NON-FINANCIAL CORPORATION,UNSPECIFIED,UNSPECIFIED,UNSPECIFIED,UNSPECIFIED,12/27/2024,0,0,0,0,0,0,0,0,0,0,0,0,0,0,0,0,0,0,0,0,0,0,0,0,0,0,0,0,0,0,0,0,0,0,0,0,0,0,0,0,0,0,0,0,0,0,0,0,0,0,0,0,0,0,0,0,0,0,0,0,0,0,0,0,0,0,0,0,0,0,0,0,0,0,0,0,0,0,0,0,0,0,0,0,0,0,0,0,0,0,0,0,0,0,0,0,0,0,0,0,0,0,0,0,0,0,0,0,0,0,0,0,0,0,0,0,0,0,0,0,0,0,0,0,0,0,0,0,0,0,0,0,0,0,0,0,0,0,0,0,0,0,0,0,0,0,0,0,0,0,0,0,0,0,0,0,0,0,0,0,0,0,0,0
9211,SOLE PROPRIETORSHIP,UNSPECIFIED,UNSPECIFIED,UNSPECIFIED,UNSPECIFIED,12/27/2024,0,0,0,0,0,0,0,0,0,0,0,0,0,0,0,0,0,0,0,0,0,0,0,0,0,0,0,0,0,0,0,0,0,0,0,0,0,0,0,0,0,0,0,0,0,0,0,0,0,0,0,0,0,0,0,0,0,0,0,0,0,0,0,0,0,0,0,0,0,0,0,0,0,0,0,0,0,0,0,0,0,0,0,0,0,0,0,0,0,0,0,0,0,0,0,0,0,0,0,0,0,0,0,0,0,0,0,0,0,0,0,0,0,0,0,0,0,0,0,0,0,0,0,0,0,0,0,0,0,0,0,0,0,0,0,0,0,0,0,0,0,0,0,0,0,0,0,0,0,0,0,0,0,0,0,0,0,0,0,0,0,0,0,0
2501,SOLE PROPRIETORSHIP,B,UNSPECIFIED,Wholesale and Retail trade; Repair of Motor Vehicles and Motorcycles,Active,12/27/2024,0,0,0,495634.31,0,0,869784.9,88333.33,38461.54,0,1,0,0,0,0,0,21,0,0,0,0,2.29,-0.32,1158.52,1015.42,0.21,-0.08,0.43,0.43,0,0.04,0.72,3.43,-1,0.21,1.17,0.75,4,1,0.96,-0.75,0.11,5.76,0,-1,4.92,0,1,0,13.33,0,0,0,31.11,0.72,-0.08,0,0,0,-0.36,0,-0.61,0.44,0,-1,-1,-0.46,18.64,15.05,-0.55,1,2,-1,0.67,0.62,3.13,0,-1,0,0,-250000,-1,0,-1,-0.33,0,0,1.77,0,-0.99,0,2600000,-0.71,0,0,0,2.08,0,-1,0,0,0,4,0.63,-0.08,0,1.67,1.35,0,0,0,0,0,0,0,3.13,-0.61,0.5,0.25,-1,0,-1,0.21,0,0,0,0,0,0,0,0,0,0,0,0,0,0.67,0,0,0,0,0,0,0,0,-0.25,0,0,0,0,0,0,0,0,0,0,0,0,0,0,0,0,0,0
5985,SOLE PROPRIETORSHIP,UNSPECIFIED,UNSPECIFIED,UNSPECIFIED,UNSPECIFIED,12/27/2024,0,0,0,0,0,0,0,0,0,0,0,0,0,0,0,0,0,0,0,0,0,0,0,0,0,0,0,0,0,0,0,0,0,0,0,0,0,0,0,0,0,0,0,0,0,0,0,0,0,0,0,0,0,0,0,0,0,0,0,0,0,0,0,0,0,0,0,0,0,0,0,0,0,0,0,0,0,0,0,0,0,0,0,0,0,0,0,0,0,0,0,0,0,0,0,0,0,0,0,0,0,0,0,0,0,0,0,0,0,0,0,0,0,0,0,0,0,0,0,0,0,0,0,0,0,0,0,0,0,0,0,0,0,0,0,0,0,0,0,0,0,0,0,0,0,0,0,0,0,0,0,0,0,0,0,0,0,0,0,0,0,0,0,0
177,PARTNERSHIP,UNSPECIFIED,UNSPECIFIED,UNSPECIFIED,UNSPECIFIED,12/27/2024,0,0,0,0,0,0,0,0,0,0,0,0,0,0,0,0,0,0,0,0,0,0,0,0,0,0,0,0,0,0,0,0,0,0,0,0,0,0,0,0,0,0,0,0,0,0,0,0,0,0,0,0,0,0,0,0,0,0,0,0,0,0,0,0,0,0,0,0,0,0,0,0,0,0,0,0,0,0,0,0,0,0,0,0,0,0,0,0,0,0,0,0,0,0,0,0,0,0,0,0,0,0,0,0,0,0,0,0,0,0,0,0,0,0,0,0,0,0,0,0,0,0,0,0,0,0,0,0,0,0,0,0,0,0,0,0,0,0,0,0,0,0,0,0,0,0,0,0,0,0,0,0,0,0,0,0,0,0,0,0,0,0,0,0
5100,SOLE PROPRIETORSHIP,UNSPECIFIED,UNSPECIFIED,UNSPECIFIED,UNSPECIFIED,12/27/2024,0,0,0,0,0,0,0,0,0,0,0,0,0,0,0,0,0,0,0,0,0,0,0,0,0,0,0,0,0,0,0,0,0,0,0,0,0,0,0,0,0,0,0,0,0,0,0,0,0,0,0,0,0,0,0,0,0,0,0,0,0,0,0,0,0,0,0,0,0,0,0,0,0,0,0,0,0,0,0,0,0,0,0,0,0,0,0,0,0,0,0,0,0,0,0,0,0,0,0,0,0,0,0,0,0,0,0,0,0,0,0,0,0,0,0,0,0,0,0,0,0,0,0,0,0,0,0,0,0,0,0,0,0,0,0,0,0,0,0,0,0,0,0,0,0,0,0,0,0,0,0,0,0,0,0,0,0,0,0,0,0,0,0,0
1321,NON-FINANCIAL CORPORATION,B,Retail/BBG Commercial,Wholesale and Retail trade; Repair of Motor Vehicles and Motorcycles,UNSPECIFIED,12/27/2024,0,0,0,145729.89,0,0,46673.21,45555.56,384615.38,0,1,0,0,0,0,0,137,0,0,0,0.03,0.04,-0.03,4862.81,0.25,0.01,-0.15,0.03,0,0,-0.04,-0.01,0.06,0,0.02,0.01,0.04,1,0,-0.03,0,0.01,0.02,0,-1,0.07,0,0,0,0,0,0,0,0.25,-0.02,-0.02,1,0,0,0.03,0,-0.02,-0.02,0,0,0,0.01,0.37,0.13,-0.29,0,1,0,0,0,0,0,0,0,0,0,0,0.19,0,0.17,0,0,0.19,0,-0.29,0,0,0.02,0,-0.5,0,-0.17,0,0,0,0,0,0,0.5,-0.02,0,0,0,0,0,0,0,0,0,0,0.2,-0.08,1,0,0.25,0,0,0,0,0,0,0,0,0,0,1,0,0,0,0,0,0,1,0,0,0,0,0,0,0,1,0,0,0,0,0,0,0,0,0,0,0,0,0,0,0,0,0,0
8078,NON-FINANCIAL CORPORATION,M,UNSPECIFIED,Manufacturing,UNSPECIFIED,12/27/2024,0,0,0,3733007.77,0,0,2.33E+07,555555.56,1153846.23,0,1,0,1.25E+07,1.25E+07,0,0,116,-1.50E+07,0,0,8.13,10.86,-0.16,3.35,1.19,0.06,-0.8,0.04,0.03,0,-0.41,0.37,15.45,-1,0,0.09,0.3,3,1,-0.17,0,0,0.37,0,-1,-0.52,7,0.12,-1,0,0,0,0,1.19,0.37,-0.07,0,-1,0,0.09,0,-0.39,5.65,-1,0.1,0,0.08,78.02,0.64,-0.99,0,1,0,0,9.12,46.5,-1,0,0,-1,0,0,3.51,0,0.76,0,0,-0.4,0.5,2,0,0,0.18,0,-0.4,0,-0.71,0,0,0,0,0,0.5,0.5,-0.07,0,22.77,0.5,0,0,0,0,0,0,0,46.5,-0.69,0,0,1.4,0,0,-0.97,0,0,0,0,0,0,0,0,0,0,0,0,0,0,1,0,0,0,0,0,0,0,1,0,0,0,0,0,0,0,0,0,0,0,0,0,0,0,0,0,0
1359,SOLE PROPRIETORSHIP,B,Retail/BBG Commercial,Wholesale and Retail trade; Repair of Motor Vehicles and Motorcycles,UNSPECIFIED,12/27/2024,0,0,0,363007.32,0,0,224972.31,72923.96,153846.15,0,1,0,10668,156397.89,0,0,48,-1221709.71,2.15,1,1.53,2.1,-0.14,35.23,12.66,0.49,-0.73,0.33,0.05,0,5.86,0.02,1.6,0.33,0.69,0.91,4.24,2.5,0,-0.21,-0.29,0.07,0.02,0,-0.77,7.41,0.58,1.21,6.63,0,0,0,0,12.66,0.02,-0.23,2,1,0.23,8.74,1,-0.15,0.73,6.63,-0.69,2,4.01,8.74,5.99,-0.78,14,2.5,3.5,0,0.23,1.13,-0.35,3.5,0,1,-246000,3.5,10.82,8.2,10.82,0,0,-0.09,16,1.84,0,778500,1.67,0,-0.6,0,16,1.41,8.2,0,0,0,1.83,1.11,-0.23,0,0.73,0.06,0,0,0,0,0,0,0,2.2,-0.46,2.33,0.25,3.26,0,-0.67,0.33,0,0,0,0,0,0,0,4,0,0,0,0,0,0,-0.44,0,0,0,0,0,0,0,1.5,0,0,0,0,0,0,0,0,0,0,0,0,0,0,0,0,0,0
3839,NON-FINANCIAL CORPORATION,UNSPECIFIED,UNSPECIFIED,UNSPECIFIED,UNSPECIFIED,12/27/2024,0,0,0,0,0,0,0,0,0,0,0,0,0,0,0,0,0,0,0,0,0,0,0,0,0,0,0,0,0,0,0,0,0,0,0,0,0,0,0,0,0,0,0,0,0,0,0,0,0,0,0,0,0,0,0,0,0,0,0,0,0,0,0,0,0,0,0,0,0,0,0,0,0,0,0,0,0,0,0,0,0,0,0,0,0,0,0,0,0,0,0,0,0,0,0,0,0,0,0,0,0,0,0,0,0,0,0,0,0,0,0,0,0,0,0,0,0,0,0,0,0,0,0,0,0,0,0,0,0,0,0,0,0,0,0,0,0,0,0,0,0,0,0,0,0,0,0,0,0,0,0,0,0,0,0,0,0,0,0,0,0,0,0,0
3373,SOLE PROPRIETORSHIP,B,UNSPECIFIED,Accommodation and Food Service Activities,Active,12/27/2024,0,0,0,12177.02,0,0,272432.87,21941.44,0,0,0,0,0,0,0,0,14,-623774.81,-0.05,0,0.23,-0.02,-0.99,2.78,0.86,-0.1,-0.96,0.13,-0.02,-1,-1,-0.55,-0.02,2,-0.12,0.24,0.13,7.33,0,0.32,-1,-0.05,3.6,0,-1,-1,0.13,0.15,8.82,6.25,0,0,0,0.02,-0.55,-0.03,1,2,-0.13,-0.05,1,-0.97,0.12,-1,-1,9,-0.52,0.98,-0.49,-0.99,37,-0.67,-0.77,0,0.2,-0.34,-1,2.75,0,-1,-346912.85,10,-0.98,-0.66,-1,0,0,-0.99,-0.93,-1,0,1432673.7,-0.99,0,-1,0,-0.94,0,2.94,0,0,0,-0.97,-0.83,-0.26,0,-0.65,-0.86,0,0,0,0,0,0,0,1.19,-0.97,-1,2.42,-1,0,-1,-0.96,0,1350,0,0,0,0,0,0,0,0,0,0,333.33,0.67,-1,0,0,0,0,0,0,0,-1,0,0,0,0,0,0,0,0,0,0,0,0,0,0,0,0,0,0
5726,SOLE PROPRIETORSHIP,B,UNSPECIFIED,Wholesale and Retail trade; Repair of Motor Vehicles and Motorcycles,Active,12/27/2024,0,0,0,6677.02,0,0,666.67,1266.67,0,0,1,0,0,0,0,0,30,0,0,0,0,1.51,-0.81,-1,-1,-0.14,-0.62,0.08,-0.1,-1,-0.73,0.44,2.41,-1,-0.07,0.03,0.08,-1,1,0.16,0,-0.03,1.39,0,-1,-0.77,0,0.06,0,0,0,1,0,0,-0.87,-0.12,0,0,0,0,0,-0.87,0.06,0,0,-1,-0.46,13,0,-0.93,0,0,0,0,0.1,0,0,0,0,0,-13000,0,0,0,0,0,0,0,0,0,0,0,-0.93,0,0,0,0,0,0,0,0,0,-0.5,0,-0.12,0,-0.25,0,0,0,0,0,0,0,0,1,-0.87,0,0,0,0,0,-0.5,0,0,0,0,0,0,0,0,0,0,0,0,0,0,0,0,0,0,0,0,0,0,0,0,0,0,0,0,0,0,0,0,0,0,0,0,0,0,0,0,0
8674,SOLE PROPRIETORSHIP,B,UNSPECIFIED,Wholesale and Retail trade; Repair of Motor Vehicles and Motorcycles,UNSPECIFIED,12/27/2024,0,0,0,181332.02,0,0,68628.97,223965.89,384615.38,0,0,0,0,0,0,0,16,-1890613.33,0.41,0,2.03,2.79,-0.85,35.52,4.49,0.03,-0.97,0.19,-0.17,2,-0.94,-0.46,3.9,2,0.06,0.06,0.36,1.5,0,-0.47,-0.75,-0.03,-0.23,0,-0.88,-0.78,0.53,-0.18,21.26,0,0,1,0,-0.74,-0.73,-0.21,1,4,0.08,-0.7,0,-0.73,0.73,-0.7,-0.88,-0.5,-0.75,21.26,-0.81,-0.81,0,-0.2,0,0,0.93,-0.25,-0.72,-1,0,-0.25,-560000,-1,0.99,0,0.99,0,0,-0.11,2,-1,0,91600,-0.94,0,-0.96,0,2,-0.73,2.05,0,0,0,-0.73,-0.48,-0.21,0,-0.44,2,0,0,0,0,0,0,0,4,-0.73,-0.67,0,-0.97,0,0,-0.64,0,0,0,0,0,0,0,0,0,0,0,0,0,0,-0.67,0,0,0,0,0,0,0,-0.8,0,0,0,0,0,0,0,0,0,0,0,0,0,0,0,0,0,0
8720,PARTNERSHIP,B,Retail/BBG Commercial,"Professional, Scientific & Technical Activities",UNSPECIFIED,12/27/2024,0,0,0,96999.03,0,0,29.25,110522.22,15384.62,0,0,0,0,0,0,0,55,-613209.45,0,0,0,0,-1,340.26,-1,-0.13,-1,-0.04,-0.22,0,-1,0,0,1,-0.17,-0.13,0.04,-1,1,-0.29,-1,-0.18,0,0,-1,-1,0,-0.28,-1,0,0,0,0,-1,-1,-0.22,0,-1,0,-1,0,-1,0,-1,-1,0,0,-1,0,-1,0,-1,0,0,0,-1,-1,0,0,-1,-54435.27,0,-1,0,0,0,0,0,-1,-1,0,0,-1,0,-1,0,0,-1,-1,0,0,0,-1,0,-0.33,0,0,0,0,0,0,0,0,0,0,3.5,-1,-1,0,-1,0,0,-1,0,0,0,0,0,0,0,-1,0,0,0,0,0,0,-1,0,0,0,0,0,0,0,-1,0,0,0,0,0,0,0,0,0,0,0,0,0,0,0,0,0,0
8898,SOLE PROPRIETORSHIP,M,UNSPECIFIED,UNSPECIFIED,UNSPECIFIED,12/27/2024,0,0,0,8348036.07,0,1,9.76E+07,1.69E+07,0,0,1,0,6.99E+07,1.42E+08,0,0,244,-2.55E+08,1.58,0,0.69,0.95,0.54,5.1,5.1,0.1,4.45,0.2,0.2,2,1.22,6.1,1.67,2.33,0.02,0.71,0.52,0.55,0,1.48,-0.21,0.02,6.1,0,-0.78,0.99,0.06,0.94,6.09,0,0,11,0,3.4,-0.78,-0.04,1,0.33,0.07,3.71,0,-0.78,0.14,4.83,-0.78,0.5,1.45,5.44,1.31,-0.82,0,-0.13,0,0,0.05,0.11,-0.89,-1,0,0.28,-1.80E+07,-1,0.06,0,1.21,0,0,4.58,0.24,10.85,0,3200000,-0.14,0,6.09,0,1.37,0.18,-1,0,0,0,-0.06,-0.17,-0.08,0,-0.02,0.14,0,0,0,0,0,0,0,0.69,-0.78,-0.32,0,-0.03,0,0,-0.15,0,0,0,0,0,0,0,0.63,0,0,0,0,0,0,0.18,0,0,0,0,0,0,0,-0.32,0,0,0,0,0,0,0,0,0,0,0,0,0,0,0,0,0,0
4772,SOLE PROPRIETORSHIP,B,Retail/BBG Commercial,Transportation and Storage,Active,12/27/2024,0,0,0,280.96,0,0,1.57,58932.46,0,0,0,0,0,20000,0,0,4,-417314.32,0,0,0,0,0.02,8,5.77,0,2.42,1.8,0,-1,-0.36,0.02,0,-1,0.6,0,1.8,4,2,71.84,-1,0.67,358.55,0,-1,0,0,47.9,-1,0,0,0,0,-1,0.02,-0.09,0,-1,0,0,0,0,0,0,-1,7,0,4.77,0,-1,0,-1,0,0,0,0,0,-1,0,0,-331300,0,0,0,0,0,0,-1,0,0,0,929500,0,0,-1,0,0,0,8,0,0,0,0,0,-0.09,0,0,-1,0,0,0,0,1.33,0,0,11,-1,0,0.09,-1,0,0,0,0,0,0,0,0,0,0,0,0,0,0,0,0,0,-1,0,0,0,0,0,0,0,-1,0,0,0,0,0,0,0,0,0,0,0,0,0,0,0,0,0,0
4072,SOLE PROPRIETORSHIP,B,Retail/BBG Commercial,Other Service Activities,Active,12/27/2024,0,0,0,58233.66,0,0,76605.19,0,0,0,1,0,0,0,0,0,43,-648720,-0.1,0,0.32,0.34,-0.27,1.02,1.02,-0.08,-0.41,-0.05,-0.09,0,-0.46,0.81,-0.02,0,-0.09,0,-0.01,1.1,1,0.03,-0.22,-0.12,0.81,0,-0.52,-0.6,0.4,0.01,3.84,0,0,2,0,-0.39,-0.6,-0.18,0,4,0.04,0.05,0,-0.6,0.51,0,-0.4,0.5,-0.36,1.05,-0.4,-0.76,2,-0.1,0,0,0.14,0,-0.57,0,0,0,-1189000,0,-0.82,-0.32,-0.91,0,-202050,-0.83,-0.75,-0.86,0,238000,-0.75,0,-0.71,0,-0.8,-0.8,-0.32,0,0,0,-0.67,-0.16,-0.18,0,-0.33,-0.8,0,0,0,0,0,0,0,4,-0.6,-0.53,0,-0.64,0,-1,-0.67,0,0,0,0,0,0,0,-0.42,0,0,0,0,0,0,-0.3,0,0,0,0,0,0,0,-0.3,0,0,0,0,0,0,0,0,0,0,0,0,0,0,0,0,0,0
7522,NON-FINANCIAL CORPORATION,B,Retail/BBG Commercial,Other Service Activities,UNSPECIFIED,12/27/2024,0,0,0,133503.56,0,0,15429.17,5854.17,384615.38,0,1,0,0,0,0,0,240,-406042.61,0,0,0,0,-0.48,19.11,2.65,-0.08,-0.64,-0.02,-0.15,1,-0.68,-0.16,0,1,-0.06,-0.05,0.04,0.67,0,-0.16,0,-0.1,0.16,0,-0.98,-0.62,0,-0.1,-0.57,0,0,0,0,0.71,-0.16,-0.22,1,0,0,-0.57,0,-0.38,0,-0.57,-0.98,-1,0,-0.57,-0.14,-1,0,0,0,0,0,0,-0.57,-1,0,0,-14000,-1,-0.59,0,-0.44,0,0,-0.85,0.33,-0.99,0,203500,0,0,0,0,1,0,-1,0,0,0,0,0,-0.22,0,0,0.33,0,0,0,0,0,0,0,2,-0.38,0,0,-0.96,0,0,0,0,0,0,0,0,0,0,0,0,0,0,0,0,0,0,0,0,0,0,0,0,0,0,0,0,0,0,0,0,0,0,0,0,0,0,0,0,0,0,0,0
6866,SOLE PROPRIETORSHIP,B,UNSPECIFIED,"Agriculture, Forestry and Fishing",Active,12/27/2024,0,0,0,6110.26,0,0,14561.95,7136.92,0,0,0,0,0,0,0,0,20,-2941.62,0,0,0,0.01,0,3.54,0.5,-0.15,-0.89,-0.09,-0.2,-1,-0.9,4.36,0.12,0.33,-0.12,0.2,0.05,1,0,0.45,-1,-0.2,4.36,0,-1,-0.91,0,0.29,-1,0,0,0,0,0.5,4.36,-0.38,1,0,0,0.19,1,-0.81,0.22,0,-1,0,-0.3,1.4,-0.25,-0.79,0,1,0,0,0.31,0,0,0,0,0,0,0,0,0,-0.76,0,0,-0.59,0,-1,0,0,-0.75,0,0,0,0,0,0,0,0,0,-0.6,0,-0.38,0,-0.3,0,0,0,0,0,0,0,0,2,-0.81,-1,1.67,-1,0,0,-0.6,0,0,0,0,0,0,0,0,0,0,0,0,0,3,0,0,0,0,0,0,0,0,-1,0,0,0,0,0,0,0,0,0,0,0,0,0,0,0,0,0,0
3490,PARTNERSHIP,UNSPECIFIED,UNSPECIFIED,UNSPECIFIED,UNSPECIFIED,12/27/2024,0,0,0,0,0,0,0,0,0,0,0,0,0,0,0,0,0,0,0,0,0,0,0,0,0,0,0,0,0,0,0,0,0,0,0,0,0,0,0,0,0,0,0,0,0,0,0,0,0,0,0,0,0,0,0,0,0,0,0,0,0,0,0,0,0,0,0,0,0,0,0,0,0,0,0,0,0,0,0,0,0,0,0,0,0,0,0,0,0,0,0,0,0,0,0,0,0,0,0,0,0,0,0,0,0,0,0,0,0,0,0,0,0,0,0,0,0,0,0,0,0,0,0,0,0,0,0,0,0,0,0,0,0,0,0,0,0,0,0,0,0,0,0,0,0,0,0,0,0,0,0,0,0,0,0,0,0,0,0,0,0,0,0,0
6291,NON-FINANCIAL CORPORATION,B,UNSPECIFIED,Wholesale and Retail trade; Repair of Motor Vehicles and Motorcycles,UNSPECIFIED,12/27/2024,0,0,0,9159939.8,0,2,2.61E+07,3110942.89,9615.38,0,1,0,1500000,1500000,0,-4.20E+07,87,-110000,1.77,0,9.29,0.93,-0.26,55203.26,9.2,0.1,2.03,0.62,0.2,2,4.64,0.34,1.51,2,0.18,0.25,0.62,2,1,0.49,0,0.28,2.22,0,-0.73,2.35,1.25,0.4,-1,0,0,0,0,0.42,-0.45,0.18,0,0,0.33,0.75,0,-0.45,0.07,0,-0.66,0,0.02,7.4,-0.12,-0.71,0,2,0,0,0.25,1.5,0,-1,0,0,0,0.33,0.53,0,1.04,0,0,1.66,0.17,0.95,0,2.70E+07,-0.49,0,1.18,0,-0.53,0.49,0.11,0,0,0,2.5,1,0.15,0,0.95,0.4,0,0,0,0,0,0,0,14,-0.45,-0.33,0,-0.52,0,0,0.4,0,0,1,0,0,0,0,1,0,0,1,0,0,0,0.5,0,0,0,0,0,0,0,2,0,0,0,0,0,0,0,0,0,0,0,0,0,0,0,0,0,0
3607,NON-FINANCIAL CORPORATION,B,Retail/BBG Commercial,UNSPECIFIED,UNSPECIFIED,12/27/2024,0,0,0,0,0,0,0,0,0,0,0,0,0,0,0,0,0,0,0,0,0,0,0,0,0,0,0,0,0,0,0,0,0,0,0,0,0,0,0,0,0,0,0,0,0,0,0,0,0,0,0,0,0,0,0,0,0,0,0,0,0,0,0,0,0,0,0,0,0,0,0,0,0,0,0,0,0,0,0,0,0,0,0,0,0,0,0,0,0,0,0,0,0,0,0,0,0,0,0,0,0,0,0,0,0,0,0,0,0,0,0,0,0,0,0,0,0,0,0,0,0,0,0,0,0,0,0,0,0,0,0,0,0,0,0,0,0,0,0,0,0,0,0,0,0,0,0,0,0,0,0,0,0,0,0,0,0,0,0,0,0,0,0,0
6488,NON-FINANCIAL CORPORATION,UNSPECIFIED,UNSPECIFIED,UNSPECIFIED,UNSPECIFIED,12/27/2024,0,0,0,0,0,0,0,0,0,0,0,0,0,0,0,0,0,0,0,0,0,0,0,0,0,0,0,0,0,0,0,0,0,0,0,0,0,0,0,0,0,0,0,0,0,0,0,0,0,0,0,0,0,0,0,0,0,0,0,0,0,0,0,0,0,0,0,0,0,0,0,0,0,0,0,0,0,0,0,0,0,0,0,0,0,0,0,0,0,0,0,0,0,0,0,0,0,0,0,0,0,0,0,0,0,0,0,0,0,0,0,0,0,0,0,0,0,0,0,0,0,0,0,0,0,0,0,0,0,0,0,0,0,0,0,0,0,0,0,0,0,0,0,0,0,0,0,0,0,0,0,0,0,0,0,0,0,0,0,0,0,0,0,0
9696,SOLE PROPRIETORSHIP,UNSPECIFIED,UNSPECIFIED,UNSPECIFIED,UNSPECIFIED,12/27/2024,0,0,0,0,0,0,0,0,0,0,0,0,0,0,0,0,0,0,0,0,0,0,0,0,0,0,0,0,0,0,0,0,0,0,0,0,0,0,0,0,0,0,0,0,0,0,0,0,0,0,0,0,0,0,0,0,0,0,0,0,0,0,0,0,0,0,0,0,0,0,0,0,0,0,0,0,0,0,0,0,0,0,0,0,0,0,0,0,0,0,0,0,0,0,0,0,0,0,0,0,0,0,0,0,0,0,0,0,0,0,0,0,0,0,0,0,0,0,0,0,0,0,0,0,0,0,0,0,0,0,0,0,0,0,0,0,0,0,0,0,0,0,0,0,0,0,0,0,0,0,0,0,0,0,0,0,0,0,0,0,0,0,0,0
8827,SOLE PROPRIETORSHIP,B,Retail/BBG Commercial,Wholesale and Retail trade; Repair of Motor Vehicles and Motorcycles,Active,12/27/2024,0,0,0,25061.71,0,0,0,0,0,0,0,0,0,0,0,0,35,0,0,0,0,0,0,-1,0,-0.07,0,0,0,0,0,0,0,0,0,0,0,0,0,0,0,0,0,0,0,0,0,0,0,0,0,0,0,0,0,0,1,0,0,0,1,0,0,0,0,0,0,0,0,0,0,0,0,0,0,0,0,0,0,0,0,0,0,0,0,0,0,0,0,0,0,0,0,0,0,0,0,0,-1,0,0,0,0,0,0,0,0,0,0,0,0,0,0,0,0,-1,0,0,0,0,0,0,0,0,0,0,0,0,0,0,0,0,0,0,0,0,0,0,0,0,0,0,0,0,0,0,0,0,0,0,0,0,0,0,0,0,0,0,0,0,0,0,0,0
3854,SOLE PROPRIETORSHIP,B,Retail/BBG Commercial,UNSPECIFIED,UNSPECIFIED,12/27/2024,0,0,0,366.04,0,0,0,0,0,0,0,0,0,0,0,0,151,0,0,0,0,0,-0.94,0,0,-0.13,-0.98,-0.13,-0.21,0,-0.98,-0.47,0,0,-0.16,-0.25,-0.07,0,0,-0.42,0,-0.19,-0.21,0,0,-0.99,0,-0.31,0,0,0,0,0,0,-0.47,-0.27,0,0,0,0,0,-0.89,0,0,0,0,0,0,0,0,0,0,0,0,0,0,0,0,0,0,0,0,0,0,0,0,0,0,0,0,0,0,0,0,0,0,0,0,0,0,0,1,0,0,-0.27,0,0,0,0,0,0,0,0,0,0,0,-0.89,0,0,0,0,0,0,0,0,0,0,0,0,0,0,0,0,0,0,0,0,0,0,0,0,0,0,0,0,0,0,0,0,0,0,0,0,0,0,0,0,0,0,0,0,0,0,0
8238,SOLE PROPRIETORSHIP,B,Retail/BBG Commercial,Human Health and Social Work Activities,UNSPECIFIED,12/27/2024,0,0,0,84148.09,0,0,31667.96,0,615384.62,0,1,0,0,0,0,0,51,-804601,0.12,1,0,0,0.75,428.42,1.31,-0.08,-0.84,-0.11,-0.18,0,-0.78,0.72,-0.52,0,-0.1,0.02,0.09,2,1,-0.04,0,-0.2,0.72,0,-0.64,-0.78,0,0.03,7.56,0,0,0,0,0,0.72,-0.38,0,-1,0.3,-0.68,0,0.02,0,-1,-0.64,0,-0.84,0,-0.32,-1,3,1,0,0,-0.37,-0.5,-1,1,0,-1,-254000,1,0,0,0,0,0,-1,0,19,0,405000,-1,0,-0.33,0,0,0,1.31,0,0,0,-1,0.5,-0.38,0,-0.75,-1,0,0,0,0,0,0,0,0.5,-0.86,1,0,-0.64,0,0,-1,0,0,0,0,0,0,0,0,0,0,0,0,0,0,1,0,0,0,0,0,0,0,1,0,0,0,0,0,0,0,0,0,0,0,0,0,0,0,0,0,0
2534,NON-FINANCIAL CORPORATION,M,UNSPECIFIED,Administrative and Support Service Activities,UNSPECIFIED,12/27/2024,0,0,0,1.98E+07,0,0,1.74E+07,343.86,7700007.69,0,1,0,0,0,0,0,62,0,0.16,0,-0.01,-0.01,-0.04,127.17,0.67,-0.1,-0.17,-0.02,-0.02,-1,-0.44,0.19,-0.02,-1,-0.09,-0.06,-0.02,0.93,2,-0.02,-0.42,-0.1,0.19,0,-0.4,-0.59,-0.04,-0.05,0,0,0,0,0,0.67,-0.19,-0.13,0,0,0.11,-0.03,0,-0.19,-0.07,0,-0.4,0,-0.08,0.14,0.13,-0.13,14,0.93,-1,0,0.02,0.22,0,-0.67,0,0,0,0.1,-0.15,-1,-0.15,0,0,-0.1,-0.48,0.31,0,90519.13,-0.15,0,0.48,0,-0.54,133.79,6.51,0,0,0,0.07,0.26,-0.13,0,0.05,0.04,0,0,0,0,2.67,0,0,0.22,-0.26,-0.38,0,0,0,-1,-0.13,0,0,0,0,0,0,0,-0.36,0,0,0,0,0,0,-0.03,0,0,0,0,0,0,0,0.12,0,0,0,0,0,0,0,0,0,0,0,0,0,0,0,0,0,0
9581,FINANCIAL CORPORATION (NON-BANK),M,UNSPECIFIED,Financial and Insurance Activities,UNSPECIFIED,12/27/2024,0,0,0,441731.7,0,0,1378433.07,0,1153846.15,0,1,0,0,0,0,0,62,-150228,0.14,0,0,0,-0.72,1.07,1.07,-0.02,-0.02,0.44,0.03,0,-0.5,-0.43,0,0,0.07,0.18,0.44,3.75,1,0.42,-0.38,0.17,2.85,0,-0.44,-0.33,0,0.19,-1,0,0,15,0,-0.26,-0.43,-0.03,0,-1,0.49,-0.11,0,-0.52,0,-1,-0.44,3,-0.31,0.02,-0.35,-1,40,-0.35,-0.35,0,0,0,-1,3.75,0,-1,-1.73E+07,3.75,-0.67,-0.26,1,0,0,0.71,-0.33,-0.16,0,1.16E+07,-0.56,0,0.07,0,3,-0.75,1.07,0,0,0,-0.33,-0.37,-0.03,0,-0.17,0.33,0,0,0,0,0,0,0,3,-0.52,-0.5,0,-0.58,0,-0.46,-0.33,0,0,0,0,0,0,0,-0.69,0,0,0,0,0,0,0,0,0,0,0,0,0,0,-0.6,0,0,0,0,0,0,0,0,0,0,0,0,0,0,0,0,0,0
4077,FINANCIAL CORPORATION (NON-BANK),B,UNSPECIFIED,Financial and Insurance Activities,Active,12/27/2024,0,0,0,25000,0,0,0,0,769230.77,0,1,0,0,0,0,0,16,0,0,0,0,0,0,0,0,0,0,0,0,0,0,0,0,0,0,0,0.01,0,1,0,0,0,0,0,0,0,0,0,0,0,0,0,0,0,0,0,0,0,0,0,0,0,0,0,0,0,0,0,0,0,0,0,0,0,0,0,0,0,0,0,0,0,0,0,0,0,0,0,0,0,0,0,0,0,0,0,0,0,0,0,0,0,0,0,0,0,0,0,0,0,0,0,0,0,0,0,0,0,0,0,0,0,0,0,0,0,0,0,0,0,0,0,0,0,0,0,0,0,0,0,0,0,0,0,0,0,0,0,0,0,0,0,0,0,0,0,0,0,0,0,0,0,0,0
5776,SOLE PROPRIETORSHIP,UNSPECIFIED,UNSPECIFIED,UNSPECIFIED,UNSPECIFIED,12/27/2024,0,0,0,0,0,0,0,0,0,0,0,0,0,0,0,0,0,0,0,0,0,0,0,0,0,0,0,0,0,0,0,0,0,0,0,0,0,0,0,0,0,0,0,0,0,0,0,0,0,0,0,0,0,0,0,0,0,0,0,0,0,0,0,0,0,0,0,0,0,0,0,0,0,0,0,0,0,0,0,0,0,0,0,0,0,0,0,0,0,0,0,0,0,0,0,0,0,0,0,0,0,0,0,0,0,0,0,0,0,0,0,0,0,0,0,0,0,0,0,0,0,0,0,0,0,0,0,0,0,0,0,0,0,0,0,0,0,0,0,0,0,0,0,0,0,0,0,0,0,0,0,0,0,0,0,0,0,0,0,0,0,0,0,0
2993,SOLE PROPRIETORSHIP,B,UNSPECIFIED,Accommodation and Food Service Activities,Active,12/27/2024,0,0,0,0,0,0,0,0,0,0,0,0,0,0,0,0,3,0,0,0,0,0,0,0,0,0,0,0,0,0,0,0,0,0,0,0,0,0,1,0,0,0,0,0,0,0,0,0,0,0,0,0,0,0,0,0,0,0,0,0,0,0,0,0,0,0,0,0,0,0,0,0,0,0,0,0,0,0,0,0,0,0,0,0,0,0,0,0,0,0,0,0,0,0,0,0,0,0,0,0,0,0,0,0,0,0,0,0,0,0,0,0,0,0,0,0,0,0,0,0,0,0,0,0,0,0,0,0,0,0,0,0,0,0,0,0,0,0,0,0,0,0,0,0,0,0,0,0,0,0,0,0,0,0,0,0,0,0,0,0,0,0,0,0
1575,SOLE PROPRIETORSHIP,B,UNSPECIFIED,Financial and Insurance Activities,Active,12/27/2024,0,0,0,39383.33,0,0,376301.21,31370.33,15384.62,0,1,0,202254.45,750095.6,0,0,5,-555895.27,1.66,0,0,0,-0.57,7.74,7.74,0,2.21,3.04,-0.08,1,0,0.37,1.16,1,0,0,3.04,5,1,1.35,-0.45,0.74,5.92,0,-0.5,0,0,0,27.79,4.17,0,9,0,1.74,-0.68,-0.14,0,2.33,1.46,1.39,0,-0.68,0,27.79,-0.5,4,0.48,4.29,0.62,-0.43,2,1.33,0,13.5,0.89,-0.08,-0.87,0,0,1.6,-237576.25,0,0,-0.84,0,0,-12887.53,8.01,0,0,0,221000,0.37,0,4.37,0,0,0,3.6,0,-12887.53,0,-0.26,0.44,-0.14,0,-0.14,8.75,0,0,0,0,2.17,0,0,2.25,-0.68,0,0.67,0.36,0,-1,-0.2,0,1666.67,0,0,0,0,0,0,0,4,0,0,0,0,13,0,0,3,0,0,0,0,0.27,0,0,0,0,0,0,0,0,0,0,0,0,0,0,0,0,0,0
9069,NON-FINANCIAL CORPORATION,B,Retail/BBG Commercial,UNSPECIFIED,UNSPECIFIED,12/27/2024,0,0,0,44934.13,0,0,115912.71,179659.34,7692.31,0,1,1,0,0,0,0,114,0,1.31,0,0.74,0.93,0.02,5.92,5.92,0.01,-0.18,0.15,0,1,-0.26,0.27,1.3,1,0.04,0.15,0.25,1,0,0.02,0,-0.01,0.29,0,-0.9,0.11,0.03,0.04,0,0,0,0,0,1.86,0.27,-0.11,0,0,0.3,1.86,0,-0.2,-0.01,0,-0.62,0,0.62,5.93,0.62,-0.89,0,1,0,0,0.07,0,0,0,0,0,0,0,-0.17,0,-0.44,0,0,0.02,-0.25,-0.46,0,0,0.11,0,-0.01,0,-0.4,-0.2,-0.49,0,0,0,0,0.5,-0.11,0,0,0,0,0,0,0,0,0,0,0.67,-0.51,0,0,0.07,0,0,0,0,0,0,0,0,0,0,-0.6,0,0,0,0,0,0,1,0,0,0,0,0,0,0,1,0,0,0,0,0,0,0,0,0,0,0,0,0,0,0,0,0,0
9141,SOLE PROPRIETORSHIP,B,Retail/BBG Commercial,UNSPECIFIED,UNSPECIFIED,12/27/2024,0,0,0,0,0,0,0,0,76923.08,0,1,0,0,0,0,0,0,0,0,0,0,0,0,0,0,0,0,0,0,0,0,0,0,0,0,0,0,0,1,0,0,0,0,0,0,0,0,0,0,0,0,0,0,0,0,0,0,0,0,0,0,0,0,0,0,0,0,0,0,0,0,0,0,0,0,0,0,0,0,0,0,0,0,0,0,0,0,0,0,0,0,0,0,0,0,0,0,0,0,0,0,0,0,0,0,0,0,0,0,0,0,0,0,0,0,0,0,0,0,0,0,0,0,0,0,0,0,0,0,0,0,0,0,0,0,0,0,0,0,0,0,0,0,0,0,0,0,0,0,0,0,0,0,0,0,0,0,0,0,0,0,0,0,0
5700,NON-FINANCIAL CORPORATION,B,Retail/BBG Commercial,Manufacturing,UNSPECIFIED,12/27/2024,0,0,0,41715.66,0,0,0,0,76923.08,0,1,0,0,0,0,0,48,0,0,0,0,0,0,0,0,0,0,0,0,0,0,0,0,0,0,0,0,0,1,0,0,0,0,0,0,0,0,0,0,0,0,0,0,0,0,0,0,0,0,0,0,0,0,0,0,0,0,0,0,0,0,0,0,0,0,0,0,0,0,0,0,0,0,0,0,0,0,0,0,0,0,0,0,0,0,0,0,0,0,0,0,0,0,0,0,0,0,0,0,0,0,0,0,0,0,0,0,0,0,0,0,0,0,0,0,0,0,0,0,0,0,0,0,0,0,0,0,0,0,0,0,0,0,0,0,0,0,0,0,0,0,0,0,0,0,0,0,0,0,0,0,0,0,0
7433,SOLE PROPRIETORSHIP,B,Retail/BBG Commercial,Accommodation and Food Service Activities,UNSPECIFIED,12/27/2024,0,0,0,12061.98,0,0,6385.67,1123.21,0,0,0,0,0,0,0,0,20,-1117096.03,0,0,0,0,-0.99,1.92,-1,-0.22,-0.99,-0.02,-0.25,0,-1,-0.66,0,-1,-0.2,-0.14,-0.02,-0.13,1,-0.29,-1,-0.18,0.5,0,-1,-1,0,-0.32,1.79,0,0,0,0,-1,-0.66,-0.32,0,1,0,8,0,-0.98,0,-1,-1,4,3.51,8,0,-0.98,1,-1,-1,0,0,1,-1,-1,0,-1,-387793.13,-0.25,-0.98,-1,-0.98,0,0,0,-0.93,-1,0,1271251.05,-0.79,0,0,0,-0.89,-1,1.92,0,0,0,-0.33,0,-0.32,0,0.17,0,0,0,0,0,0,0,0,1.25,-0.98,-1,0,-1,0,-1,-0.67,0,0,0,0,0,0,0,-1,0,0,0,0,0,0,0,0,0,0,0,0,0,0,-1,0,0,0,0,0,0,0,0,0,0,0,0,0,0,0,0,0,0
4152,SOLE PROPRIETORSHIP,UNSPECIFIED,UNSPECIFIED,UNSPECIFIED,UNSPECIFIED,12/27/2024,0,0,0,0,0,0,0,0,0,0,0,0,0,0,0,0,0,0,0,0,0,0,0,0,0,0,0,0,0,0,0,0,0,0,0,0,0,0,0,0,0,0,0,0,0,0,0,0,0,0,0,0,0,0,0,0,0,0,0,0,0,0,0,0,0,0,0,0,0,0,0,0,0,0,0,0,0,0,0,0,0,0,0,0,0,0,0,0,0,0,0,0,0,0,0,0,0,0,0,0,0,0,0,0,0,0,0,0,0,0,0,0,0,0,0,0,0,0,0,0,0,0,0,0,0,0,0,0,0,0,0,0,0,0,0,0,0,0,0,0,0,0,0,0,0,0,0,0,0,0,0,0,0,0,0,0,0,0,0,0,0,0,0,0
5381,SOLE PROPRIETORSHIP,UNSPECIFIED,UNSPECIFIED,UNSPECIFIED,UNSPECIFIED,12/27/2024,0,0,0,0,0,0,0,0,0,0,0,0,0,0,0,0,0,0,0,0,0,0,0,0,0,0,0,0,0,0,0,0,0,0,0,0,0,0,0,0,0,0,0,0,0,0,0,0,0,0,0,0,0,0,0,0,0,0,0,0,0,0,0,0,0,0,0,0,0,0,0,0,0,0,0,0,0,0,0,0,0,0,0,0,0,0,0,0,0,0,0,0,0,0,0,0,0,0,0,0,0,0,0,0,0,0,0,0,0,0,0,0,0,0,0,0,0,0,0,0,0,0,0,0,0,0,0,0,0,0,0,0,0,0,0,0,0,0,0,0,0,0,0,0,0,0,0,0,0,0,0,0,0,0,0,0,0,0,0,0,0,0,0,0
3211,SOLE PROPRIETORSHIP,B,Retail/BBG Commercial,Construction,UNSPECIFIED,12/27/2024,0,0,0,610.84,0,0,0,0,0,0,0,0,0,0,0,0,93,0,0,0,0,0,-0.87,0,0,-0.14,-0.97,-0.19,-0.48,0,-1,-0.47,0,0,-0.28,-0.31,0.29,0,0,-0.45,0,-0.41,-0.04,0,0,-1,0,-0.41,0,0.58,0,0,0,0,-0.47,-0.8,1,0,0,0,1,-0.76,0,0,0,0,0,0,0,-0.8,0,0,0,0,0,0,0,0,0,0,0,0,-0.95,0,0,0,0,0,-0.5,0,0,0,0,0,0,0,0,0,0,0,0,0,-0.5,0,-0.8,0,-0.25,0,0,0,0,0,0,0,0,1,-0.76,0,0,0,0,0,-0.5,0,0,0,0,0,0,0,0,0,0,0,0,0,0,0,0,0,0,0,0,0,0,0,0,0,0,0,0,0,0,0,0,0,0,0,0,0,0,0,0,0
2446,SOLE PROPRIETORSHIP,B,Retail/BBG Commercial,Wholesale and Retail trade; Repair of Motor Vehicles and Motorcycles,UNSPECIFIED,12/27/2024,0,0,0,207896.9,0,0,99793.7,0,384615.38,0,0,0,299305,359490,0,0,19,-25000,16.24,0,0,0,-0.89,4088.84,73.31,0.13,-0.94,0.31,-0.04,0,-0.89,-0.34,12.3,0,0.12,0,0.31,3,0,-0.31,-0.5,0.05,0.32,0,-1,-0.81,0,-0.1,-1,0,0,1,0,73.31,-0.34,-0.16,0,-1,0.55,0.1,1,-0.83,0,0,-1,0,-0.45,62.5,36.16,-1,0,0,0,0,0.03,-0.5,0,0,0,0,-937500,0,-1,0,0,0,-10500,-1,-1,0,0,595000,-1,0,-0.8,-5000,0,-1,-0.04,0,-10500,0,-1,-0.25,-0.16,0,-0.75,-1,0,0,0,0,0,0,0,2,-0.83,0,0.08,-0.98,0,0,-1,0,0,0,0,0,0,0,-0.5,0,0,0,0,0,0.33,0,0,0,0,0,0,0,0,-0.5,0,0,0,0,0,0,0,0,0,0,0,0,0,0,0,0,0,0
1742,FINANCIAL CORPORATION (NON-BANK),M,UNSPECIFIED,Wholesale and Retail trade; Repair of Motor Vehicles and Motorcycles,UNSPECIFIED,12/27/2024,0,0,0,28957.16,0,0,333.33,0,384615.38,0,1,0,0,0,0,0,63,0,0,0,0,0,-0.42,0,0,-0.01,-0.42,0,0,0,-0.42,0,0,0,-0.01,-0.04,0,0,1,-0.08,0,-0.01,0,0,0,-0.42,0,-0.05,0,0,0,1,0,0,0,-0.07,0,0,0,0,0,-0.42,0,0,0,0,0,0,0,0,0,0,0,0,0,0,0,0,0,0,-33000,0,0,0,0,0,0,0,0,0,0,0,0,0,0,0,0,0,0,0,0,0,0,0,-0.07,0,0,0,0,0,0,0,0,0,0,0,-0.42,0,0,0,0,0,0,0,0,0,0,0,0,0,0,0,0,0,0,0,0,0,0,0,0,0,0,0,0,0,0,0,0,0,0,0,0,0,0,0,0,0,0,0,0,0,0,0
7706,NON-FINANCIAL CORPORATION,B,UNSPECIFIED,Other Service Activities,Active,12/27/2024,0,0,0,131260.73,0,0,121462.12,264.78,38461.54,0,1,0,0,10000,0,0,13,-106000,235.19,0,0.5,0.85,-0.95,1143.6,1143.6,0.42,0.8,5.08,0.2,-1,0.88,-0.72,1.26,-1,0.6,5.24,5.08,3,1,11.58,-0.67,1,59.9,0,-1,-0.33,0.17,7.31,0.83,0,0,5,0,1143.6,-0.72,0.01,0,0,0.3,3.83,0,-0.82,0.33,0,-1,0,1.46,3.83,571.3,-0.91,2,1,-1,0,0.49,-0.5,0,0,0,0,-129250,1,-0.74,-1,0.85,0,0,0.85,-0.71,0.6,0,391847.9,-0.58,0,-0.17,0,0,-0.69,32.13,0,0,0,-0.78,0.17,-0.16,0,-0.53,0,0,0,0,0,0,0,0,3.5,-0.82,1,0,-0.95,0,-1,-0.56,0,0,0,0,0,0,0,-0.6,0,0,0,0,0,0,-0.33,0,0,0,0,0,0,0,-0.33,0,0,0,0,0,0,0,0,0,0,0,0,0,0,0,0,0,0
6246,NON-FINANCIAL CORPORATION,UNSPECIFIED,UNSPECIFIED,UNSPECIFIED,UNSPECIFIED,12/27/2024,0,0,0,0,0,0,0,0,0,0,0,0,0,0,0,0,0,0,0,0,0,0,0,0,0,0,0,0,0,0,0,0,0,0,0,0,0,0,0,0,0,0,0,0,0,0,0,0,0,0,0,0,0,0,0,0,0,0,0,0,0,0,0,0,0,0,0,0,0,0,0,0,0,0,0,0,0,0,0,0,0,0,0,0,0,0,0,0,0,0,0,0,0,0,0,0,0,0,0,0,0,0,0,0,0,0,0,0,0,0,0,0,0,0,0,0,0,0,0,0,0,0,0,0,0,0,0,0,0,0,0,0,0,0,0,0,0,0,0,0,0,0,0,0,0,0,0,0,0,0,0,0,0,0,0,0,0,0,0,0,0,0,0,0
3108,SOLE PROPRIETORSHIP,B,Retail/BBG Commercial,Wholesale and Retail trade; Repair of Motor Vehicles and Motorcycles,Active,12/27/2024,0,0,0,89411.72,0,0,103335.77,22222.22,0,0,1,0,0,0,0,0,40,0,0,0,0.08,-0.06,3.1,2.43,2.43,-0.08,1.86,0.22,0.22,0,-0.07,3.51,-0.02,0,-0.12,0.16,0.22,2,0,0.64,2,-0.13,3.51,0,-1,-0.47,0.09,0.28,0,0,0,0,0,2.43,-0.09,-0.19,1,0,0,0.15,1,-0.09,0,0,2.43,0,0.08,0.19,0,-0.25,2,2,0,0,-0.1,0,0,0,0,0,0,0,0.1,-0.43,-0.52,0,0,-0.15,0,0,0,210000,0.15,0,0,0,-0.5,0,-0.43,0,0,0,0,0,-0.24,0,0,-0.5,0,0,0,0,0,0,0,1,-0.33,0,0,0,0,0,0,0,0,0,0,0,0,0,0,0,0,0,0,0,0,0,0,0,0,0,0,0,0,0,0,0,0,0,0,0,0,0,0,0,0,0,0,0,0,0,0,0
4503,SOLE PROPRIETORSHIP,B,UNSPECIFIED,Education,Active,12/27/2024,0,0,0,20008.34,0,0,13000,13000,384615.38,0,1,0,0,0,0,0,1,0,0,0,0,0,0,-1,-1,0,0,0.38,0.38,-1,0,0.76,0,-1,0,0,0.38,-1,1,0,-1,0,0.76,0,-1,0,0,0,0,0,0,0,0,-1,0,0.38,0,0,0,-1,0,0.76,0,0,-1,0,0,-1,0,-1,0,-1,0,0,0,-1,0,0,0,0,0,0,0,0,0,0,0,0,0,0,0,0,0,0,0,0,0,0,0,0,0,0,0,0,0.38,0,0,0,0,0,0,0,0,0,0,-1,0.76,0,0,0,0,0,-1,0,0,0,0,0,0,0,0,0,0,0,0,0,0,0,0,0,0,0,0,0,0,0,0,0,0,0,0,0,0,0,0,0,0,0,0,0,0,0,0,0
4958,NON-FINANCIAL CORPORATION,UNSPECIFIED,UNSPECIFIED,UNSPECIFIED,UNSPECIFIED,12/27/2024,0,0,0,0,0,0,0,0,0,0,0,0,0,0,0,0,0,0,0,0,0,0,0,0,0,0,0,0,0,0,0,0,0,0,0,0,0,0,0,0,0,0,0,0,0,0,0,0,0,0,0,0,0,0,0,0,0,0,0,0,0,0,0,0,0,0,0,0,0,0,0,0,0,0,0,0,0,0,0,0,0,0,0,0,0,0,0,0,0,0,0,0,0,0,0,0,0,0,0,0,0,0,0,0,0,0,0,0,0,0,0,0,0,0,0,0,0,0,0,0,0,0,0,0,0,0,0,0,0,0,0,0,0,0,0,0,0,0,0,0,0,0,0,0,0,0,0,0,0,0,0,0,0,0,0,0,0,0,0,0,0,0,0,0
6837,PARTNERSHIP,B,Retail/BBG Commercial,Accommodation and Food Service Activities,UNSPECIFIED,12/27/2024,0,0,0,10710.42,0,0,0,0,384615.38,0,1,0,0,0,0,0,131,0,0,0,0.09,-0.08,-0.06,0,0,-0.03,-0.13,-0.02,-0.03,0,-0.19,-0.03,0,0,-0.03,-0.03,-0.02,0,0,-0.03,0,-0.03,-0.02,0,0,-0.27,0.05,-0.03,0,0,0,0,0,0,-0.03,-0.03,1,0,0,0,0,-0.03,-0.06,0,0,0,0,0,0,0,0,0,0,0,0,0,0,0,0,0,0,0,0,0,-0.63,0,0,0,0,0,0,0,0,0,0,0,-0.5,0,0,0,0,0,0,0,-0.03,0,0,0,0,0,0,0,0,0,0,1,-0.03,0,0,0,0,0,0,0,0,0,0,0,0,0,0,0,0,0,0,0,0,0,0,0,0,0,0,0,0,0,0,0,0,0,0,0,0,0,0,0,0,0,0,0,0,0,0,0
380,SOLE PROPRIETORSHIP,B,Retail/BBG Commercial,UNSPECIFIED,UNSPECIFIED,12/27/2024,0,0,0,9953.3,0,0,6.67,0,0,0,0,0,0,0,0,-25020,22,0,0,0,0,0,-1,-1,-1,-0.13,-1,0,-0.13,0,-1,-0.81,0,-1,-0.1,-0.15,0,-1,0,-0.36,-1,-0.08,0,0,-1,-1,0,-0.23,0,0,0,0,0,-1,-0.81,-0.19,1,0,0,-1,1,-1,0,0,-1,0,0,-1,0,-1,1,-1,-1,0,0,-1,0,-1,0,0,0,-1,0,-1,0,0,0,0,0,0,0,20,0,0,0,0,0,0,-1,0,0,0,0,0,-0.19,0,0,0,0,0,0,0,0,0,0,-1,-1,0,0,-1,0,-1,-1,0,0,0,0,0,0,0,0,0,0,0,0,0,0,0,0,0,0,0,0,0,0,-1,0,0,0,0,0,0,0,0,0,0,0,0,0,0,0,0,0,0
9422,SOLE PROPRIETORSHIP,B,Retail/BBG Commercial,Wholesale and Retail trade; Repair of Motor Vehicles and Motorcycles,Active,12/27/2024,0,0,0,142083.21,0,0,29897.39,9963.29,0,0,1,0,0,0,0,0,41,0,0,0,0,0,0.13,-1,-1,-0.02,1.54,0.21,0.21,-1,1.54,0.13,0,-1,0.03,0.13,0.21,-1,1,0.28,-1,0.12,1.24,0,-1,1.54,0,0.17,0,0,0,0,0,-1,0.13,0.18,0,0,0,0,0,0,0,0,-1,0,0,0,0,0,0,-1,0,0,0,0,0,0,0,0,0,0,0,0,0,0,0,0,0,0,0,0,0,0,0,0,0,0,0,0,0,0,0,0,0,0,0,0,0,0,0,0,0,0,0,0,0,0,0,-1,0,0,0,0,0,0,0,0,0,0,0,0,0,0,0,0,0,0,0,0,0,0,0,0,0,0,0,0,0,0,0,0,0,0,0,0,0,0,0,0,0,0,0,0
1658,NON-FINANCIAL CORPORATION,B,UNSPECIFIED,Manufacturing,UNSPECIFIED,12/27/2024,0,0,0,38123.14,0,0,68468.96,0,38461.54,0,1,0,0,30000,76000,0,83,0,0.43,4,0.2,0.13,0.1,2.43,2.43,-0.05,0.31,0.06,0.06,0,-0.48,0.34,0.31,0,-0.04,0.05,0.12,2,1,0.07,0,-0.03,0.34,0,-0.36,-0.06,0.03,-0.04,0,0,0,1,0,2.43,-0.18,-0.02,0,0,0.2,1.54,0,-0.18,0.01,0,-0.36,-1,0.71,1.54,1.04,-0.12,0,1,0,0,0.05,0.25,0,0,0,0,-115000,0,1.83,0,0.24,0,0,1.49,0.25,0.19,0,90000,1.23,0,1.43,0,0,2.92,0,0,0,0,0.25,0.5,-0.17,0,0.13,0.25,0,0,0,0,0,0,0,0.25,-0.18,-0.43,0,1.21,0,0,0,0,0,0,0,0,0,0,3,0,0,0,0,0,0,1,0,0,0,0,0,0,0,1,0,0,0,0,0,0,0,0,0,0,0,0,0,0,0,0,0,0
1816,SOLE PROPRIETORSHIP,UNSPECIFIED,UNSPECIFIED,UNSPECIFIED,UNSPECIFIED,12/27/2024,0,0,0,0,0,0,0,0,0,0,0,0,0,0,0,0,0,0,0,0,0,0,0,0,0,0,0,0,0,0,0,0,0,0,0,0,0,0,0,0,0,0,0,0,0,0,0,0,0,0,0,0,0,0,0,0,0,0,0,0,0,0,0,0,0,0,0,0,0,0,0,0,0,0,0,0,0,0,0,0,0,0,0,0,0,0,0,0,0,0,0,0,0,0,0,0,0,0,0,0,0,0,0,0,0,0,0,0,0,0,0,0,0,0,0,0,0,0,0,0,0,0,0,0,0,0,0,0,0,0,0,0,0,0,0,0,0,0,0,0,0,0,0,0,0,0,0,0,0,0,0,0,0,0,0,0,0,0,0,0,0,0,0,0
9225,NON-FINANCIAL CORPORATION,B,Retail/BBG Commercial,Human Health and Social Work Activities,UNSPECIFIED,12/27/2024,0,0,0,20019.84,0,0,0,0,384615.38,0,1,0,0,0,0,0,208,0,0,0,0,0,0,0,0,0,0,0,0,0,0,0,0,0,0,0,0,0,0,0,0,0,0,0,0,0,0,0,0,0,0,0,0,0,0,0,1,0,0,0,0,0,0,0,0,0,0,0,0,0,0,0,0,0,0,0,0,0,0,0,0,0,0,0,0,0,0,0,0,0,0,0,0,0,0,0,0,0,0,0,0,0,0,0,0,0,0,0,0,0,0,0,0,0,0,0,0,0,0,0,0,0,0,0,0,0,0,0,0,0,0,0,0,0,0,0,0,0,0,0,0,0,0,0,0,0,0,0,0,0,0,0,0,0,0,0,0,0,0,0,0,0,0,0
8837,SOLE PROPRIETORSHIP,B,Retail/BBG Commercial,Human Health and Social Work Activities,UNSPECIFIED,12/27/2024,0,0,0,396887.09,0,0,22.87,55555.56,384615.38,0,1,0,0,0,0,0,52,-345483.84,0,0,0,0,-0.24,4.95,-1,0.11,-0.4,0.35,0.1,0,1.87,-0.05,0,-1,0.17,0.14,0.39,1,1,-0.1,0,0.16,-0.01,0,-1,0.85,0,0.2,20,0,0,0,0,0,-0.05,0.01,0,0,0,-0.95,0,-0.2,0,-0.95,0,0,0,42.66,0,-1,0,0,0,0,0,0,-0.95,0,0,0,0,-1,-0.79,0,-0.21,0,0,-0.34,-0.67,0,0,84000,0,0,0,0,-0.5,0,-1,0,0,0,0,0,0.01,0,0,-0.5,0,0,0,0,0,0,0,5,-0.2,0,0.08,0,0,0,0,0,0,0,0,0,0,0,0,0,0,0,0,0,0,0,0,0,0,0,0,0,0,0,0,0,0,0,0,0,0,0,0,0,0,0,0,0,0,0,0,0
3071,SOLE PROPRIETORSHIP,UNSPECIFIED,UNSPECIFIED,UNSPECIFIED,UNSPECIFIED,12/27/2024,0,0,0,0,0,0,0,0,0,0,0,0,0,0,0,0,0,0,0,0,0,0,0,0,0,0,0,0,0,0,0,0,0,0,0,0,0,0,0,0,0,0,0,0,0,0,0,0,0,0,0,0,0,0,0,0,0,0,0,0,0,0,0,0,0,0,0,0,0,0,0,0,0,0,0,0,0,0,0,0,0,0,0,0,0,0,0,0,0,0,0,0,0,0,0,0,0,0,0,0,0,0,0,0,0,0,0,0,0,0,0,0,0,0,0,0,0,0,0,0,0,0,0,0,0,0,0,0,0,0,0,0,0,0,0,0,0,0,0,0,0,0,0,0,0,0,0,0,0,0,0,0,0,0,0,0,0,0,0,0,0,0,0,0
3114,NON-FINANCIAL CORPORATION,B,UNSPECIFIED,Financial and Insurance Activities,Active,12/27/2024,0,0,0,8519478.75,0,0,510.82,0,961538.46,0,1,0,0,0,0,0,8,0,0,0,0,0,-0.47,0,-1,0,0.35,1.72,0.29,0,123.23,0,0,0,2.01,0,12.38,0,1,0.21,0,0.59,1.54,0,-1,0,0,5.15,0,0,0,4,0,0,0,0.12,1,0,0,0,0,-0.47,0,0,0,0,0,0,0,0,0,0,0,0,0,0,0,-1,0,0,-7700000,-1,0,0,0,0,0,0,0,-0.98,0,1.01E+07,0,0,-1,0,0,0,-1,0,0,0,0,0,0.12,0,0,0,0,0,0,0,0,0,0,0,-0.47,0,0,0,0,0,0,0,0,0,0,0,0,0,0,0,0,0,0,0,0,-0.67,0,0,0,0,0,0,0,0,0,0,0,0,0,0,0,0,0,0,0,0,0,0,0,0,0,0
6049,NON-FINANCIAL CORPORATION,B,Retail/BBG Commercial,Wholesale and Retail trade; Repair of Motor Vehicles and Motorcycles,Active,12/27/2024,0,0,0,0,0,0,0,102582.54,0,0,0,0,0,0,0,0,0,0,0,0,0,0,0,5.99,0,0,0,-0.18,0,0,0,0,0,0,0,0,0.85,-1,1,0,0,0,0,0,0,0,0,0,0,0,0,0,0,0,0,0,0,0,0,0,0,0,0,0,0,0,0,0,0,0,0,0,0,0,0,0,0,0,0,0,0,0,0,0,0,0,0,0,0,0,0,0,0,0,0,0,0,0,0,0,0,0,0,0,-0.62,0,0,0,0,0,0,0,0,0,0,0.5,0,0,0,0,0,0,0,0,0,1,0,0,0,0,0,0,0,0,0,0,0,0,0,0,0,0,0,0,0,0,0,0,0,0,0,0,0,0,0,0,0,0,0,0,0,0,0,0
5772,NON-FINANCIAL CORPORATION,B,UNSPECIFIED,Construction,Active,12/27/2024,0,0,0,9100.44,0,0,187.67,0,7692.31,0,0,0,0,0,0,0,5,0,0,0,0,0,-0.87,-1,-1,0,-0.96,0.28,-0.16,0,0,-0.48,0,0,0,0,0.28,-1,1,-0.37,0,-0.08,0.55,0,-1,0,0,0,0,0,0,0,0,0,-0.75,-0.18,0,0,0,-1,0,-0.75,0,0,0,-1,0,-0.76,0,-1,1,0,0,0,0,-1,0,-1,0,0,-10000,-1,0,0,0,0,0,0,0,0,0,110563,-0.72,0,-0.99,0,0,0,-1,0,0,0,1,0,-0.19,0,0,0,0,0,0,0,0,0,0,-0.67,-0.75,0,0.5,0,0,0,-1,0,0,0,0,0,0,0,0,0,0,0,0,0,0.33,0,0,0,0,0,0,0,0,0,0,0,0,0,0,0,0,0,0,0,0,0,0,0,0,0,0,0
661,SOLE PROPRIETORSHIP,UNSPECIFIED,UNSPECIFIED,UNSPECIFIED,UNSPECIFIED,12/27/2024,0,0,0,0,0,0,0,0,0,0,0,0,0,0,0,0,0,0,0,0,0,0,0,0,0,0,0,0,0,0,0,0,0,0,0,0,0,0,0,0,0,0,0,0,0,0,0,0,0,0,0,0,0,0,0,0,0,0,0,0,0,0,0,0,0,0,0,0,0,0,0,0,0,0,0,0,0,0,0,0,0,0,0,0,0,0,0,0,0,0,0,0,0,0,0,0,0,0,0,0,0,0,0,0,0,0,0,0,0,0,0,0,0,0,0,0,0,0,0,0,0,0,0,0,0,0,0,0,0,0,0,0,0,0,0,0,0,0,0,0,0,0,0,0,0,0,0,0,0,0,0,0,0,0,0,0,0,0,0,0,0,0,0,0
4353,SOLE PROPRIETORSHIP,B,UNSPECIFIED,Construction,Active,12/27/2024,0,0,0,92644.5,0,0,547716.88,0,0,0,1,0,52690,52690,0,0,4,0,0,0,0,0,5.02,1.08,1.08,0,0,0.49,0.49,0,0,1.53,0,0,0,0,0.49,6,2,0,0,0,1.53,0,-0.45,0,0,0,0,7.6,0,0,0,0.57,1.38,0.14,0,0,0,0.38,0,1.38,0,0,0.19,0,0.29,0.87,0.38,-0.29,0,0.2,0,0,0,1,0,0,0,0,0,0,0,0,0,0,0,0,0,0,0,0,0.66,0,0,0,0,0,0,0,0,0,0.83,0.1,-0.15,0,0.46,0,0,0,0,0,0,0,0,2.25,-0.49,0,6.8,0.87,0,0,-0.08,0,0,0,0,0,0,0,0,0,0,0,0,0,5.67,0,0,0,0,0,0,0,0,0.2,0,0,0,0,0,0,0,0,0,0,0,0,0,0,0,0,0,0
8399,FINANCIAL CORPORATION (NON-BANK),UNSPECIFIED,UNSPECIFIED,UNSPECIFIED,UNSPECIFIED,12/27/2024,0,0,0,0,0,0,0,0,0,0,0,0,0,0,0,0,0,0,0,0,0,0,0,0,0,0,0,0,0,0,0,0,0,0,0,0,0,0,0,0,0,0,0,0,0,0,0,0,0,0,0,0,0,0,0,0,0,0,0,0,0,0,0,0,0,0,0,0,0,0,0,0,0,0,0,0,0,0,0,0,0,0,0,0,0,0,0,0,0,0,0,0,0,0,0,0,0,0,0,0,0,0,0,0,0,0,0,0,0,0,0,0,0,0,0,0,0,0,0,0,0,0,0,0,0,0,0,0,0,0,0,0,0,0,0,0,0,0,0,0,0,0,0,0,0,0,0,0,0,0,0,0,0,0,0,0,0,0,0,0,0,0,0,0
7468,SOLE PROPRIETORSHIP,B,Retail/BBG Commercial,Wholesale and Retail trade; Repair of Motor Vehicles and Motorcycles,Active,12/27/2024,0,0,0,11935.48,0,0,5000,0,0,0,0,0,0,0,0,0,2,0,0,0,0,0,1.58,-1,-1,0,0,0.79,0.79,0,0,1.58,0,0,0,0,0.79,-1,0,0,-1,0,1.58,0,-1,0,0,0,0,0,0,0,0,-1,1.58,0.15,0,0,0,0,1,0,0,0,-1,0,0,0,0,0,3,-1,-1,0,0,0,0,-1,0,0,0,-1,0,-1,0,0,0,0,0,0,0,15000,0,0,0,0,0,0,-1,0,0,0,0,0,0.15,0,0,0,0,0,0,0,0,0,0,0,0,0,0,-1,0,-1,0,0,0,0,0,0,0,0,0,0,0,0,0,0,0,0,0,0,0,0,0,0,0,-1,0,0,0,0,0,0,0,0,0,0,0,0,0,0,0,0,0,0
1683,SOLE PROPRIETORSHIP,B,Retail/BBG Commercial,Wholesale and Retail trade; Repair of Motor Vehicles and Motorcycles,UNSPECIFIED,12/27/2024,0,0,0,13658.84,0,0,3.99,0,0,0,0,0,0,0,0,0,67,0,0,0,0,0,-1,-1,-1,-0.03,-1,0.07,-0.17,0,-1,1.56,0,0,-0.04,0.02,0.07,-1,0,0.05,-1,-0.07,1.56,0,-1,-1,0,0.03,0,0,0,0,0,-1,-1,-0.2,1,0,0,-1,1,-1,0,0,-1,0,0,-1,0,-1,0,-1,0,0,0,-1,0,-1,0,0,0,-1,0,0,0,0,0,0,0,0,0,40000,-1,0,0,0,0,0,-1,0,0,0,-1,0,-0.2,0,0,0,0,0,0,0,0,0,0,-1,-1,0,0.08,0,0,0,-1,0,0,0,0,0,0,0,0,0,0,0,0,0,0.33,0,0,0,0,0,0,0,0,0,0,0,0,0,0,0,0,0,0,0,0,0,0,0,0,0,0,0
204,SOLE PROPRIETORSHIP,B,UNSPECIFIED,Wholesale and Retail trade; Repair of Motor Vehicles and Motorcycles,Active,12/27/2024,0,0,0,9870.97,0,0,25500,0,769230.77,0,1,0,0,0,0,0,0,0,0,0,0,0,0,0,0,0,0,0,0,0,0,0,0,0,0,0,0,0,1,0,0,0,0,0,0,0,0,0,0,0,0,0,0,0,0,0,0,0,0,0,0,0,0,0,0,0,0,0,0,0,1,0,0,0,0,0,0,0,0,0,0,0,0,0,0,0,0,0,0,0,0,25500,0,0,0,0,0,0,0,0,0,0,0,0,0,0,0,0,0,0,0,0,0,0,0,0,0,0,0,0,0,0,0,0,0,0,0,0,0,0,0,0,0,0,0,0,0,0,0,0,0,0,0,0,0,0,0,0,0,0,0,0,0,0,0,0,0,0,0,0,0,0,0,0
4309,PARTNERSHIP,M,Banking Center,Wholesale and Retail trade; Repair of Motor Vehicles and Motorcycles,UNSPECIFIED,12/27/2024,0,0,0,42601.63,0,0,0,0,384615.38,0,1,1,0,0,0,0,130,0,0,0,0,0,0,0,0,-0.08,-0.11,-0.03,-0.03,0,-0.16,0,0,0,-0.05,-0.02,-0.01,0,0,-0.02,0,-0.03,0,0,0,-0.2,0,-0.02,0,0,0,0,0,0,0,-0.03,1,0,0,0,0,0,0,0,0,0,0,-1,0,-1,0,0,0,0,0,0,0,0,0,0,0,0,0,0,0,0,0,-1,0,0,0,0,0,0,0,0,0,0,0,0,0,0,0,0,-0.04,0,0,-1,0,0,0,0,0,0,0,-1,-0.11,0,0,0,0,0,0,0,0,0,0,0,0,0,0,0,0,0,0,0,0,0,0,0,0,0,0,0,0,0,0,0,0,0,0,0,0,0,0,0,0,0,0,0,0,0,0,0
25,NON-FINANCIAL CORPORATION,B,UNSPECIFIED,Construction,UNSPECIFIED,12/27/2024,0,0,0,1.10E+07,0,0,3.61E+07,1.80E+07,923076.92,0,1,0,0,1709178.22,0,0,50,-1.44E+07,1.66,0,0.65,0.7,21.2,10.04,10.04,0.16,0.83,1.25,1.25,0.5,9.02,29.17,0.79,2,0.25,3.49,1.25,1,1,5.45,-0.15,0.33,29.17,0,-0.98,21.11,0.16,4.13,28.94,0,0,10,0,10.04,29.17,0.4,0,3.33,0.12,5.3,0,-0.26,0.1,28.94,-0.98,3,2.42,5.3,4.53,-0.58,2,0.3,-1,0,0.17,0.43,-0.45,-1,0,3.33,-3.49E+07,-1,5.93,-1,1.36,0,0,0.02,2.65,-0.5,0,520000,2.43,0,-0.94,0,0.66,-0.51,-1,0,0,0,0.9,0.07,-0.09,0,0.38,0.84,0,0,0,0,112.11,0,0,0.49,-0.67,0.22,0,-0.73,0,-1,0.33,0,0,0,0,0,0,0,0.38,0,0,0,0,0,0,0.57,0,0,0,0,0,0,0,0.1,0,0,0,0,0,0,0,0,0,0,0,0,0,0,0,0,0,0
4491,NON-FINANCIAL CORPORATION,UNSPECIFIED,UNSPECIFIED,UNSPECIFIED,UNSPECIFIED,12/27/2024,0,0,0,0,0,0,0,0,0,0,0,0,0,0,0,0,0,0,0,0,0,0,0,0,0,0,0,0,0,0,0,0,0,0,0,0,0,0,0,0,0,0,0,0,0,0,0,0,0,0,0,0,0,0,0,0,0,0,0,0,0,0,0,0,0,0,0,0,0,0,0,0,0,0,0,0,0,0,0,0,0,0,0,0,0,0,0,0,0,0,0,0,0,0,0,0,0,0,0,0,0,0,0,0,0,0,0,0,0,0,0,0,0,0,0,0,0,0,0,0,0,0,0,0,0,0,0,0,0,0,0,0,0,0,0,0,0,0,0,0,0,0,0,0,0,0,0,0,0,0,0,0,0,0,0,0,0,0,0,0,0,0,0,0
3411,NON-FINANCIAL CORPORATION,UNSPECIFIED,UNSPECIFIED,UNSPECIFIED,UNSPECIFIED,12/27/2024,0,0,0,0,0,0,0,0,0,0,0,0,0,0,0,0,0,0,0,0,0,0,0,0,0,0,0,0,0,0,0,0,0,0,0,0,0,0,0,0,0,0,0,0,0,0,0,0,0,0,0,0,0,0,0,0,0,0,0,0,0,0,0,0,0,0,0,0,0,0,0,0,0,0,0,0,0,0,0,0,0,0,0,0,0,0,0,0,0,0,0,0,0,0,0,0,0,0,0,0,0,0,0,0,0,0,0,0,0,0,0,0,0,0,0,0,0,0,0,0,0,0,0,0,0,0,0,0,0,0,0,0,0,0,0,0,0,0,0,0,0,0,0,0,0,0,0,0,0,0,0,0,0,0,0,0,0,0,0,0,0,0,0,0
1874,NON-FINANCIAL CORPORATION,B,Retail/BBG Commercial,Financial and Insurance Activities,UNSPECIFIED,12/27/2024,0,0,0,28836.52,0,0,172306.79,73790.91,15384.62,0,1,0,0,0,0,0,87,-439945.86,-0.05,0,0,43.14,-0.51,3.14,0.46,0.11,-0.89,0.09,-0.17,1,-0.75,-0.2,0.07,1,0.12,0.68,0.58,0.44,1,-0.32,-0.1,-0.08,-0.09,0,-0.55,-0.55,0,-0.05,-1,0,0,10,0,0.13,-0.2,-0.34,0,-1,-0.01,0.1,0,-0.4,1.5,-1,-0.24,5,0,1.62,-0.06,-0.8,1,0.11,-1,0,0.36,2,-1,0.5,0,-1,-1477217.46,1,0.88,-1,156.5,0,0,-0.72,0,0.36,0,527400,0,0,-0.47,0,3,7.57,1.47,0,0,0,1,0.01,-0.34,0,0.83,-0.5,0,0,0,0,0,0,0,7,-0.66,0.29,0,-0.15,0,-1,-0.33,0,0,0,0,0,0,0,8,0,0,0,0,0,0,-0.18,0,0,0,0,0,0,0,0,0,0,0,0,0,0,0,0,0,0,0,0,0,0,0,0,0,0
8093,NON-FINANCIAL CORPORATION,UNSPECIFIED,UNSPECIFIED,UNSPECIFIED,UNSPECIFIED,12/27/2024,0,0,0,0,0,0,0,0,0,0,0,0,0,0,0,0,0,0,0,0,0,0,0,0,0,0,0,0,0,0,0,0,0,0,0,0,0,0,0,0,0,0,0,0,0,0,0,0,0,0,0,0,0,0,0,0,0,0,0,0,0,0,0,0,0,0,0,0,0,0,0,0,0,0,0,0,0,0,0,0,0,0,0,0,0,0,0,0,0,0,0,0,0,0,0,0,0,0,0,0,0,0,0,0,0,0,0,0,0,0,0,0,0,0,0,0,0,0,0,0,0,0,0,0,0,0,0,0,0,0,0,0,0,0,0,0,0,0,0,0,0,0,0,0,0,0,0,0,0,0,0,0,0,0,0,0,0,0,0,0,0,0,0,0
4465,SOLE PROPRIETORSHIP,B,Retail/BBG Commercial,UNSPECIFIED,UNSPECIFIED,12/27/2024,0,0,0,29203.79,0,0,484476.9,38735.12,0,0,1,0,1331430,2907229.8,0,0,199,-184845.4,0.06,0,0.04,0.18,-0.18,0.78,0.78,-0.06,-0.66,-0.02,-0.05,-1,-0.34,0.12,0.05,0,-0.09,0,0.03,1.5,0,-0.13,-0.57,-0.11,0.45,0,-0.79,-0.75,-0.04,0.05,2.56,0,0,6,0,0.78,0.12,-0.23,1,1,0.23,0.73,0,-0.27,-0.03,1.89,-0.79,1,-0.03,0.73,-0.01,-0.79,2,0.75,0,0,-0.1,0,-0.72,0,0,0,-4643837,0,-0.87,-0.6,-0.33,0,0,-0.69,-0.57,-0.26,0,140000,-0.63,0,-0.66,0,-0.5,-0.87,-0.6,0,0,0,-0.4,0.09,-0.23,0,-0.2,-0.5,0,0,0,0,0,0,0,0.5,-0.53,-0.25,0,-0.63,0,-1,-0.4,0,0,0,0,0,0,0,-0.5,0,0,0,0,0,0,0,0,0,0,0,0,0,0,-0.25,0,0,0,0,0,0,0,0,0,0,0,0,0,0,0,0,0,0
9837,NON-FINANCIAL CORPORATION,UNSPECIFIED,UNSPECIFIED,UNSPECIFIED,UNSPECIFIED,12/27/2024,0,0,0,0,0,0,0,0,0,0,0,0,0,0,0,0,0,0,0,0,0,0,0,0,0,0,0,0,0,0,0,0,0,0,0,0,0,0,0,0,0,0,0,0,0,0,0,0,0,0,0,0,0,0,0,0,0,0,0,0,0,0,0,0,0,0,0,0,0,0,0,0,0,0,0,0,0,0,0,0,0,0,0,0,0,0,0,0,0,0,0,0,0,0,0,0,0,0,0,0,0,0,0,0,0,0,0,0,0,0,0,0,0,0,0,0,0,0,0,0,0,0,0,0,0,0,0,0,0,0,0,0,0,0,0,0,0,0,0,0,0,0,0,0,0,0,0,0,0,0,0,0,0,0,0,0,0,0,0,0,0,0,0,0
1547,SOLE PROPRIETORSHIP,UNSPECIFIED,UNSPECIFIED,UNSPECIFIED,UNSPECIFIED,12/27/2024,0,0,0,0,0,0,0,0,0,0,0,0,0,0,0,0,0,0,0,0,0,0,0,0,0,0,0,0,0,0,0,0,0,0,0,0,0,0,0,0,0,0,0,0,0,0,0,0,0,0,0,0,0,0,0,0,0,0,0,0,0,0,0,0,0,0,0,0,0,0,0,0,0,0,0,0,0,0,0,0,0,0,0,0,0,0,0,0,0,0,0,0,0,0,0,0,0,0,0,0,0,0,0,0,0,0,0,0,0,0,0,0,0,0,0,0,0,0,0,0,0,0,0,0,0,0,0,0,0,0,0,0,0,0,0,0,0,0,0,0,0,0,0,0,0,0,0,0,0,0,0,0,0,0,0,0,0,0,0,0,0,0,0,0
1830,SOLE PROPRIETORSHIP,B,Retail/BBG Commercial,Transportation and Storage,UNSPECIFIED,12/27/2024,0,0,0,8634.01,0,0,86672.24,42857.14,0,0,0,0,0,302750,0,0,6,-124758.11,0,0,0,0,-0.38,-0.14,-0.14,0,-0.94,0.67,-0.14,-1,0,0.56,0.12,-1,0,0,0.67,-0.4,0,0.09,-1,-0.01,2.03,0,-1,0,0,0,-1,6.14,0,2,0,-0.14,0.56,-0.17,0,-1,0,0.17,1,-0.6,0,-1,-1,-1,-0.41,2.34,-0.57,-1,0,-0.4,0,0.14,0.14,2,-1,0,0,-1,-156584,0,0,0,0,0,0,-1,0,0,0,632000,-1,0,-1,0,0,0,9.81,0,0,0,-0.5,-0.7,-0.21,0,0.58,-0.94,0,0,0,0,0,0,0,2.2,-0.9,0,1.57,-1,0,0,-0.83,0,0,0,0,0,0,0,0,0,0,0,0,0,0,-1,0,0,0,0,0,0,0,-1,0,0,0,0,0,0,0,0,0,0,0,0,0,0,0,0,0,0
4330,NON-FINANCIAL CORPORATION,B,Retail/BBG Commercial,Education,UNSPECIFIED,12/27/2024,0,0,0,45989.44,0,0,5.95,1063462.17,384615.38,0,0,0,0,1095893.06,0,-137949.91,49,-3680136.91,0,0,0,0,-1,7.51,-1,-0.18,-1,-0.07,-0.54,0,-1,29.76,0,1.38,-0.26,2.92,0.25,1.91,1,6.28,-1,-0.34,29.76,0,-1,-1,0,3.72,0.09,0,0,0,0,-1,-1,-0.64,0,0,0,-1,0,-1,0,0,-1,0,0,-1,0,-1,0,-1,0,0,0,-1,0,0,0,0,0,0,-1,0,-1,0,0,0,-1,-1,0,0,0,0,0,0,-1,-1,0,0,0,0,0,0,-0.64,0,0,0,0,0,0,0,0,0,0,0.5,-1,-1,0,0,0,0,-1,0,0,0,0,0,0,0,-1,0,0,0,0,0,0,0,0,0,0,0,0,0,0,0,0,0,0,0,0,0,0,0,0,0,0,0,0,0,0,0,0,0
1856,NON-FINANCIAL CORPORATION,UNSPECIFIED,UNSPECIFIED,UNSPECIFIED,UNSPECIFIED,12/27/2024,0,0,0,0,0,0,0,0,0,0,0,0,0,0,0,0,0,0,0,0,0,0,0,0,0,0,0,0,0,0,0,0,0,0,0,0,0,0,0,0,0,0,0,0,0,0,0,0,0,0,0,0,0,0,0,0,0,0,0,0,0,0,0,0,0,0,0,0,0,0,0,0,0,0,0,0,0,0,0,0,0,0,0,0,0,0,0,0,0,0,0,0,0,0,0,0,0,0,0,0,0,0,0,0,0,0,0,0,0,0,0,0,0,0,0,0,0,0,0,0,0,0,0,0,0,0,0,0,0,0,0,0,0,0,0,0,0,0,0,0,0,0,0,0,0,0,0,0,0,0,0,0,0,0,0,0,0,0,0,0,0,0,0,0
8735,SOLE PROPRIETORSHIP,B,UNSPECIFIED,Wholesale and Retail trade; Repair of Motor Vehicles and Motorcycles,Active,12/27/2024,0,0,0,0,0,0,0,0,76923.08,0,0,0,0,0,0,0,0,0,0,0,0,0,0,18577.68,0,0,0,0.47,0.47,0,0,0,0,0,0,0,0.47,2,1,0,0,0,0,0,0,0,0,0,0,0,0,0,0,0,0,0.47,0,0,0,0,0,0,0,0,0,0,0,0,0,0,0,0,0,0,0,0,0,0,0,0,0,-1,0,0,0,0,0,0,0,0,0,283000,0,0,0,0,0,0,-1,0,0,0,0,0,-0.78,0,0,0,0,0,0,0,0,0,0,9,0,0,0.83,0,0,0,0,0,0,1,0,0,0,0,0,0,0,0,0,0,0,0,0,0,0,0,0,0,0,0,0,0,0,0,0,0,0,0,0,0,0,0,0,0,0,0,0,0
8708,NON-FINANCIAL CORPORATION,B,Retail/BBG Commercial,Human Health and Social Work Activities,UNSPECIFIED,12/27/2024,0,0,0,238313.69,0,0,566679.02,644444.44,1.15E+07,0,1,0,0,0,0,0,59,0,0,0,28.76,39.2,0.02,-1,-1,0.04,0.03,0.48,0,-1,0.2,0.45,46.54,-1,0.08,0.26,0.48,0,1,0.48,0,0.1,3.03,0,-1,0.05,0.66,0.38,0,0,0,0,0,-1,0.45,-0.03,0,0,0,92.72,0,-0.3,0.66,0,-1,0,45.87,141.96,0,-0.99,0,0,0,0,1.23,1,0,0,0,0,0,0,8.69,0,0.78,0,0,0.76,1,0,0,0,0.77,0,0,0,-0.33,0,0,0,0,0,1,0,-0.03,0,0.5,1,0,0,0,0,0,0,0,6,-0.74,0,0,0,0,0,0,0,0,0,0,0,0,0,0,0,0,0,0,0,0,0,0,0,0,0,0,0,0,0,0,0,0,0,0,0,0,0,0,0,0,0,0,0,0,0,0,0
8908,PARTNERSHIP,UNSPECIFIED,UNSPECIFIED,UNSPECIFIED,UNSPECIFIED,12/27/2024,0,0,0,0,0,0,0,0,0,0,0,0,0,0,0,0,0,0,0,0,0,0,0,0,0,0,0,0,0,0,0,0,0,0,0,0,0,0,0,0,0,0,0,0,0,0,0,0,0,0,0,0,0,0,0,0,0,0,0,0,0,0,0,0,0,0,0,0,0,0,0,0,0,0,0,0,0,0,0,0,0,0,0,0,0,0,0,0,0,0,0,0,0,0,0,0,0,0,0,0,0,0,0,0,0,0,0,0,0,0,0,0,0,0,0,0,0,0,0,0,0,0,0,0,0,0,0,0,0,0,0,0,0,0,0,0,0,0,0,0,0,0,0,0,0,0,0,0,0,0,0,0,0,0,0,0,0,0,0,0,0,0,0,0
4795,NON-FINANCIAL CORPORATION,UNSPECIFIED,UNSPECIFIED,UNSPECIFIED,UNSPECIFIED,12/27/2024,0,0,0,0,0,0,0,0,0,0,0,0,0,0,0,0,0,0,0,0,0,0,0,0,0,0,0,0,0,0,0,0,0,0,0,0,0,0,0,0,0,0,0,0,0,0,0,0,0,0,0,0,0,0,0,0,0,0,0,0,0,0,0,0,0,0,0,0,0,0,0,0,0,0,0,0,0,0,0,0,0,0,0,0,0,0,0,0,0,0,0,0,0,0,0,0,0,0,0,0,0,0,0,0,0,0,0,0,0,0,0,0,0,0,0,0,0,0,0,0,0,0,0,0,0,0,0,0,0,0,0,0,0,0,0,0,0,0,0,0,0,0,0,0,0,0,0,0,0,0,0,0,0,0,0,0,0,0,0,0,0,0,0,0
9042,SOLE PROPRIETORSHIP,B,UNSPECIFIED,Human Health and Social Work Activities,Active,12/27/2024,0,0,0,43600,0,0,0,0,0,0,0,0,0,0,0,0,12,0,0,0,0,0,0,-0.25,0,0.06,0,0.01,0,0,0,0,0,0,0.03,0.03,0.23,0,1,0,0,0,0,0,0,0.3,0,0,0,0,0,0,0,0,0,0,0,0,0,0,0,0,0,0,0,0,0,0,0,0,0,0,0,0,0,0,0,0,0,0,0,0,0,0,0,0,0,0,0,0,0,0,0,0,0,0,0,-1,0,0,0,0,0,0,0,0,0,0,0,0,0,0,0,0,0,0,0,0,0,0,0,0,0,0,0,0,0,0,0,0,-1,0,0,0,0,0,0,0,0,0,0,0,0,0,0,0,0,0,0,0,0,0,0,0,0,0,0,0,0,0,0,0,0,0
4592,SOLE PROPRIETORSHIP,UNSPECIFIED,UNSPECIFIED,UNSPECIFIED,UNSPECIFIED,12/27/2024,0,0,0,0,0,0,0,0,0,0,0,0,0,0,0,0,0,0,0,0,0,0,0,0,0,0,0,0,0,0,0,0,0,0,0,0,0,0,0,0,0,0,0,0,0,0,0,0,0,0,0,0,0,0,0,0,0,0,0,0,0,0,0,0,0,0,0,0,0,0,0,0,0,0,0,0,0,0,0,0,0,0,0,0,0,0,0,0,0,0,0,0,0,0,0,0,0,0,0,0,0,0,0,0,0,0,0,0,0,0,0,0,0,0,0,0,0,0,0,0,0,0,0,0,0,0,0,0,0,0,0,0,0,0,0,0,0,0,0,0,0,0,0,0,0,0,0,0,0,0,0,0,0,0,0,0,0,0,0,0,0,0,0,0
557,NON-FINANCIAL CORPORATION,B,UNSPECIFIED,Wholesale and Retail trade; Repair of Motor Vehicles and Motorcycles,UNSPECIFIED,12/27/2024,0,0,0,332264.04,0,0,18.57,0,2692307.69,0,1,0,0,0,0,0,80,0,0,0,0,0,0,-0.96,-0.96,-0.03,0.01,0,0,0,0.01,0,0,0,0,0,0,0,1,0,0,0,0,0,-1,0.02,0,0,0,0,0,0,0,0,0,0,0,0,0,0,0,0,0,0,0,0,0,0,0,0,0,0,0,0,0,0,0,-1,0,0,0,-1,0,0,0,0,0,0,0,0,0,1800,0,0,0,0,0,0,-1,0,0,0,0,0,0,0,0,0,0,0,0,0,0,0,0,0,0,0,0,0,0,0,0,0,0,0,0,0,0,0,0,0,0,0,0,0,0,0,0,0,0,0,0,0,0,0,0,0,0,0,0,0,0,0,0,0,0,0,0,0,0,0,0,0
6957,NON-FINANCIAL CORPORATION,C,UNSPECIFIED,Transportation and Storage,UNSPECIFIED,12/27/2024,0,0,1,0,0,0,0,0,7692307.69,0,0,0,0,0,0,0,116,0,0,0,0,0,0,0,0,0,0,0,0,0,0,0,0,0,0,0,0,0,0,0,0,0,0,0,0,0,0,0,0,0,0,0,1,0,0,0,1,0,0,0,0,0,0,0,0,0,0,0,0,0,0,0,0,0,0,0,0,0,0,0,0,0,0,0,0,0,0,0,0,0,0,0,0,0,0,0,0,0,0,0,0,0,0,0,0,0,0,0,0,0,0,0,0,0,0,0,0,0,0,0,0,0,0,0,0,0,0,0,0,0,0,0,0,0,0,0,0,0,0,0,0,0,0,0,0,0,0,0,0,0,0,0,0,0,0,0,0,0,0,0,0,0,0,0
7668,SOLE PROPRIETORSHIP,B,UNSPECIFIED,Wholesale and Retail trade; Repair of Motor Vehicles and Motorcycles,UNSPECIFIED,12/27/2024,0,0,0,28077.37,0,0,31450,0,76923.08,0,0,0,0,0,0,0,0,0,0,0,0,0,0,0,0,-0.01,0,0.01,0,0,0,0.07,0,0,-0.01,0,0.03,0,0,0,0,-0.01,0.2,0,0,0,0,0,0,0,0,0,0,0,0.07,0,0,0,0,0,0,0.07,0,0,0,0,0,0,0,0,2,0,0,0,0,0,0,0,0,0,0,0,0,0,0,0,0,0,0,0,0,251600,0,0,0,0,0,0,0,0,0,0,0,0,-0.04,0,0,0,0,0,0,0,0,0,0,0,-0.23,0,0,0,0,0,0,0,0,1,0,0,0,0,0,0,0,0,0,0,0,0,0,0,0,0,0,0,0,0,0,0,0,0,0,0,0,0,0,0,0,0,0,0,0,0,0,0
8184,NON-FINANCIAL CORPORATION,B,Retail/BBG Commercial,Administrative and Support Service Activities,UNSPECIFIED,12/27/2024,0,0,0,1909.27,0,0,0,0,0,0,0,0,0,0,0,0,52,0,0,0,0,0,-0.68,0.38,0,-0.29,-0.84,-0.13,-0.18,0,-0.88,-0.31,0,-0.4,-0.37,-0.27,-0.01,-1,1,-0.3,0,-0.28,-0.14,0,0,-0.99,0,-0.22,0,0,0,0,0,0,-0.31,-0.23,0,0,0,0,0,-0.54,0,0,0,0.33,0,0,0,0,0,0,0,0,0,0,0,0,0,0,-1151533.29,0,-1,0,0,0,0,0,-0.83,-1,0,0,0,0,0,0,0,-1,-1,0,0,0,0,0,-0.57,0,0,0,0,0,0,0,0,0,0,0.67,-0.54,-1,0,0,0,0,0,0,0,0,0,0,0,0,-1,0,0,0,0,0,0,0,0,0,0,0,0,0,0,0,0,0,0,0,0,0,0,0,0,0,0,0,0,0,0,0,0,0
6801,SOLE PROPRIETORSHIP,B,Retail/BBG Commercial,UNSPECIFIED,UNSPECIFIED,12/27/2024,0,0,0,517107.2,0,0,495921.13,41567.64,38461.54,0,1,0,1300000,2054180,0,0,83,0,2.16,0,0,0,3.19,46332.33,10.05,0.1,3.03,0.43,0.43,2,7.26,3.59,0,2,0.21,0.48,0.43,2,0,0.8,0,0.27,3.59,0,-0.89,5.7,0,0.68,0,0,0,3,0,10.05,3.59,0.31,1,0,0.33,-1,1,-0.09,0,0,-0.89,-0.33,0,0.41,4.58,-1,4,2,-0.67,0,0,-1,0,-0.5,0,0,-2202925,-0.5,0,-0.51,0,0,0,0,0,0,0,550276,0.56,0,0.41,0,0,11.23,0.08,0,0,0,1,1,0.07,0,0,0,0,0,0,0,0,0,0,0,-0.52,0,0.17,0.23,0,-0.67,-1,0,0,0,0,0,0,0,-0.25,0,0,0,0,0,0,1,0,0,0,0,0,0,0,2,0,0,0,0,0,0,0,0,0,0,0,0,0,0,0,0,0,0
665,NON-FINANCIAL CORPORATION,M,UNSPECIFIED,Wholesale and Retail trade; Repair of Motor Vehicles and Motorcycles,UNSPECIFIED,12/27/2024,0,0,0,0,0,0,0,0,5769230.77,0,0,0,0,0,0,0,0,0,0,0,0,0,0,0,0,0.06,0,0.05,0.04,0,0,0,0,0,0.05,0,0.34,0,0,0,0,0.04,0,0,0,0,0,0,0,0,0,0,0,0,0,0.04,0,0,0,0,0,0,0,0,0,0,0,0,0,0,0,0,0,0,0,0,0,0,0,0,0,0,0,0,0,0,0,0,0,0,0,0,0,0,0,0,0,0,0,0,0,0,0,0,0.02,0,0,0,0,0,0,0,0,0,0,0,0,0,0,0,0,0,0,0,0,0,0,0,1,0,0,0,0,0,0,0,0,0,0,0,0,0,0,0,0,0,0,0,0,0,0,0,0,0,0,0,0,0,0,0,0,0,0,0
1230,SOLE PROPRIETORSHIP,B,Retail/BBG Commercial,Wholesale and Retail trade; Repair of Motor Vehicles and Motorcycles,Active,12/27/2024,0,0,0,61451.02,0,0,132000,0,0,0,1,0,0,0,0,0,31,0,0.14,0,2.92,4.02,-0.12,35.04,0.93,23.53,-0.7,0.26,0.09,0,175.05,-0.04,0.01,0,32.47,37.11,257.53,3,1,-0.2,-0.33,0.07,-0.04,0,-0.22,-44840.23,0.1,40.75,0,0,0,0,0,0.01,-0.04,-0.25,0,0,0.28,0,0,-0.09,0.14,0,-0.02,0,0,0.03,0,0,0,0,0,0,0.1,0,0,0,0,0,0,0,0.58,0,0.58,0,0,0.03,0,0.52,0,0,0,0,0.47,0,0,0.53,0,0,0,0,0,-0.17,-0.25,0,0,0.5,0,0,0,0,0,0,1,1.33,-0.4,1,0.08,-0.01,0,0,0,0,0,1,0,0,0,0,1,0,0,0,0,0,0,1,0,0,0,0,0,0,0,-0.33,0,0,0,0,0,0,0,0,0,0,0,0,0,0,0,0,0,0
7139,SOLE PROPRIETORSHIP,UNSPECIFIED,UNSPECIFIED,UNSPECIFIED,UNSPECIFIED,12/27/2024,0,0,0,0,0,0,0,0,0,0,0,0,0,0,0,0,0,0,0,0,0,0,0,0,0,0,0,0,0,0,0,0,0,0,0,0,0,0,0,0,0,0,0,0,0,0,0,0,0,0,0,0,0,0,0,0,0,0,0,0,0,0,0,0,0,0,0,0,0,0,0,0,0,0,0,0,0,0,0,0,0,0,0,0,0,0,0,0,0,0,0,0,0,0,0,0,0,0,0,0,0,0,0,0,0,0,0,0,0,0,0,0,0,0,0,0,0,0,0,0,0,0,0,0,0,0,0,0,0,0,0,0,0,0,0,0,0,0,0,0,0,0,0,0,0,0,0,0,0,0,0,0,0,0,0,0,0,0,0,0,0,0,0,0
1727,NON-FINANCIAL CORPORATION,B,Retail/BBG Commercial,Wholesale and Retail trade; Repair of Motor Vehicles and Motorcycles,Active,12/27/2024,0,0,0,69028.36,0,0,112969.61,7277.78,384615.38,0,0,0,0,505876,0,0,15,0,0.09,0,0.33,0.24,0.02,3.32,2.55,0.04,-0.84,0.12,-0.05,-0.67,-0.71,0.2,-0.15,-0.67,0.01,0.03,0.26,2,0,-0.25,-0.67,-0.03,0.2,0,-0.95,-0.68,0.45,0.02,0,0,0,0,0,2.55,-0.15,-0.08,0,0,-0.01,1.16,0,-0.15,0.09,0,-0.59,0,0.31,1.16,0.98,-0.95,8,2,5,0,-0.05,1,0,5,0,0,-1558252.75,5,-0.92,2.58,-0.97,0,0,-0.99,-0.6,-0.97,0,2.34E+07,0.01,0,-0.99,0,-0.93,-0.93,3.3,0,0,0,1,0.67,-0.12,0,0.5,-0.95,0,0,0,0,0.11,0,0,4.2,-0.63,-0.95,0.33,0.45,0,-0.83,0,0,0,0,0,0,0,0,-0.83,0,0,0,0,0,0,-0.97,0,0,0,0,0,0,0,0,0,0,0,0,0,0,0,0,0,0,0,0,0,0,0,0,0,0
4450,NON-FINANCIAL CORPORATION,UNSPECIFIED,UNSPECIFIED,UNSPECIFIED,UNSPECIFIED,12/27/2024,0,0,0,0,0,0,0,0,0,0,0,0,0,0,0,0,0,0,0,0,0,0,0,0,0,0,0,0,0,0,0,0,0,0,0,0,0,0,0,0,0,0,0,0,0,0,0,0,0,0,0,0,0,0,0,0,0,0,0,0,0,0,0,0,0,0,0,0,0,0,0,0,0,0,0,0,0,0,0,0,0,0,0,0,0,0,0,0,0,0,0,0,0,0,0,0,0,0,0,0,0,0,0,0,0,0,0,0,0,0,0,0,0,0,0,0,0,0,0,0,0,0,0,0,0,0,0,0,0,0,0,0,0,0,0,0,0,0,0,0,0,0,0,0,0,0,0,0,0,0,0,0,0,0,0,0,0,0,0,0,0,0,0,0
3267,NON-FINANCIAL CORPORATION,B,UNSPECIFIED,"Agriculture, Forestry and Fishing",UNSPECIFIED,12/27/2024,0,0,0,1.42E+07,0,0,2.15E+07,3305285.4,7692307.69,0,1,0,3.14E+07,9.55E+07,0,0,248,-1.39E+08,0.13,0,-0.02,0.02,0.14,1.48,1.48,0.04,0.28,0.09,0.05,0.16,1,0.18,-0.01,0.24,0.05,0.06,0.09,0.3,0,0.06,-0.13,0.06,0.28,0,-0.38,0.7,-0.01,0.1,0.45,0,0,126,0,0,-0.03,0.04,3,0.37,0.08,-0.08,0,-0.03,-0.02,-0.19,-0.09,0.48,-0.15,0.2,-0.05,-0.22,165,0.3,0.58,0,-0.02,0,-0.2,0.58,0,-0.03,-2.18E+07,0.58,-0.28,0.63,0.05,0,0,-0.11,-0.15,0.48,0,1.60E+07,-0.28,0,-0.1,0,-0.23,-0.31,1.8,0,0,1,-0.03,0.08,0.04,0,-0.01,-0.12,0,0,0,0,0,0,0,0.26,-0.07,0.25,0,-0.1,0,-0.08,-0.03,0,0,0,0,0,0,0,0.28,0,0,0,0,0,0,0.37,0,0,0,0,0,0,0,0.13,0,0,0,0,0,0,0,0,0,0,0,0,0,0,0,0,0,0
5849,SOLE PROPRIETORSHIP,B,UNSPECIFIED,Wholesale and Retail trade; Repair of Motor Vehicles and Motorcycles,Active,12/27/2024,0,0,0,40984,0,0,212467.67,0,76923.08,0,1,0,0,0,0,0,36,0,4.19,0,0.35,0.48,3.16,17.4,17.4,0,2.38,0.47,0.47,0,2.3,5.37,0.77,0,0.04,0.43,0.47,2,0,0.97,-0.67,0.07,5.37,0,-0.84,2.12,0.22,0.6,0,0,0,0,0,17.4,-0.35,-0.07,1,0,0.63,0.72,1,-0.35,0.28,0,-0.84,0,-0.04,3.94,8.28,-0.79,1,1.5,0,0,0.35,1,0,0,0,0,0,0,0.75,0,0.75,0,0,0.72,2,13.38,0,400000,-0.65,0,10.79,0,2,13.84,0,0,0,0,0.2,0.42,-0.07,0,0.3,1,0,0,0,0,0.44,0,1,1.5,-0.35,4,0.08,2.02,0,0,-0.4,0,0,1,0,0,0,0,4,0,0,0,0,0,0.33,0.67,0,0,0,0,0,0,0,-0.17,0,0,0,0,0,0,0,0,0,0,0,0,0,0,0,0,0,0
2233,SOLE PROPRIETORSHIP,B,Retail/BBG Commercial,Wholesale and Retail trade; Repair of Motor Vehicles and Motorcycles,Active,12/27/2024,0,0,0,23865.95,0,0,0,0,7692.31,0,0,0,0,25300,0,0,5,0,0,0,0,0,-0.08,-1,-1,0,3.67,2.05,0.04,0,0,-0.03,0,0,0,0,2.05,-1,0,0.8,0,0.48,4.11,0,-1,0,0,0,0,0,0,0,0,0,-0.03,0.02,0,0,0,0,0,-0.04,0,0,0,0,0,0,0,-1,0,0,0,0,0,0,0,0,0,0,0,0,0,0,0,0,0,0,0,0,0,0,0,0,-1,0,0,0,0,0,0,0,0,0,0.02,0,0,0,0,0,0,0,0,0,0,0,-0.04,0,0,0,0,0,0,0,0,0,0,0,0,0,0,0,0,0,0,0,0,-1,0,0,0,0,0,0,0,0,0,0,0,0,0,0,0,0,0,0,0,0,0,0,0,0,0,0
7971,SOLE PROPRIETORSHIP,B,Retail/BBG Commercial,Wholesale and Retail trade; Repair of Motor Vehicles and Motorcycles,UNSPECIFIED,12/27/2024,0,0,0,26690.93,0,0,1577,6283.87,230769.23,0,0,0,0,0,0,0,24,-88678.72,0,0,0,0,-1,1.07,-1,-0.1,-1,0.02,-0.09,-1,-1,-0.93,0,1,-0.1,-0.18,0.02,0,1,-0.24,-1,-0.07,0.59,0,-1,-1,0,-0.18,-1,0,0,0,0,-1,-0.93,-0.16,0,-1,0,-1,0,-1,0,-1,-1,-1,0,0,0,-1,1,-1,-1,0,0,-1,-1,-1,0,-1,-52866,-1,-1,-1,0,0,0,-1,-1,-1,0,18523,0,0,0,0,0,-1,7.73,0,0,1,0,0,-0.17,0,0,-1,0,0,0,0,0,0,0,1,-1,-1,0,-1,0,-1,-1,0,0,0,0,0,0,0,-1,0,0,0,0,0,0,0,0,0,0,0,0,0,0,-1,0,0,0,0,0,0,0,0,0,0,0,0,0,0,0,0,0,0
1896,PARTNERSHIP,UNSPECIFIED,UNSPECIFIED,UNSPECIFIED,UNSPECIFIED,12/27/2024,0,0,0,0,0,0,0,0,0,0,0,0,0,0,0,0,0,0,0,0,0,0,0,0,0,0,0,0,0,0,0,0,0,0,0,0,0,0,0,0,0,0,0,0,0,0,0,0,0,0,0,0,0,0,0,0,0,0,0,0,0,0,0,0,0,0,0,0,0,0,0,0,0,0,0,0,0,0,0,0,0,0,0,0,0,0,0,0,0,0,0,0,0,0,0,0,0,0,0,0,0,0,0,0,0,0,0,0,0,0,0,0,0,0,0,0,0,0,0,0,0,0,0,0,0,0,0,0,0,0,0,0,0,0,0,0,0,0,0,0,0,0,0,0,0,0,0,0,0,0,0,0,0,0,0,0,0,0,0,0,0,0,0,0
9917,NON-FINANCIAL CORPORATION,UNSPECIFIED,UNSPECIFIED,UNSPECIFIED,UNSPECIFIED,12/27/2024,0,0,0,0,0,0,0,0,0,0,0,0,0,0,0,0,0,0,0,0,0,0,0,0,0,0,0,0,0,0,0,0,0,0,0,0,0,0,0,0,0,0,0,0,0,0,0,0,0,0,0,0,0,0,0,0,0,0,0,0,0,0,0,0,0,0,0,0,0,0,0,0,0,0,0,0,0,0,0,0,0,0,0,0,0,0,0,0,0,0,0,0,0,0,0,0,0,0,0,0,0,0,0,0,0,0,0,0,0,0,0,0,0,0,0,0,0,0,0,0,0,0,0,0,0,0,0,0,0,0,0,0,0,0,0,0,0,0,0,0,0,0,0,0,0,0,0,0,0,0,0,0,0,0,0,0,0,0,0,0,0,0,0,0
5008,SOLE PROPRIETORSHIP,B,Retail/BBG Commercial,Wholesale and Retail trade; Repair of Motor Vehicles and Motorcycles,Active,12/27/2024,0,0,0,683.07,0,0,31100,0,0,0,0,0,0,0,0,0,0,-7000,0,0,0,0,0,0,0,0,0,0,0,0,0,0,0,0,0,0,0,0,0,0,0,0,0,0,0,0,0,0,0,3,0,0,0,0,0,0,0,0,0,0,1,0,0,0,0,0,0,0,0,0,1,0,0,1,0,0,0,0,0,0,0,0,0,0,0,0,0,0,0,0,0,5000,0,0,0,0,0,0,0,0,0,0,0,0,0,0,0,0,0,0,0,0,0,0,0,0,0,0,0,0,0,0,0,0,0,0,0,0,0,0,0,0,0,0,0,0,0,0,0,0,0,0,0,0,0,0,0,0,0,0,0,0,0,0,0,0,0,0,0,0,0,0,0,0
824,SOLE PROPRIETORSHIP,UNSPECIFIED,UNSPECIFIED,UNSPECIFIED,UNSPECIFIED,12/27/2024,0,0,0,0,0,0,0,0,0,0,0,0,0,0,0,0,0,0,0,0,0,0,0,0,0,0,0,0,0,0,0,0,0,0,0,0,0,0,0,0,0,0,0,0,0,0,0,0,0,0,0,0,0,0,0,0,0,0,0,0,0,0,0,0,0,0,0,0,0,0,0,0,0,0,0,0,0,0,0,0,0,0,0,0,0,0,0,0,0,0,0,0,0,0,0,0,0,0,0,0,0,0,0,0,0,0,0,0,0,0,0,0,0,0,0,0,0,0,0,0,0,0,0,0,0,0,0,0,0,0,0,0,0,0,0,0,0,0,0,0,0,0,0,0,0,0,0,0,0,0,0,0,0,0,0,0,0,0,0,0,0,0,0,0
1384,NON-FINANCIAL CORPORATION,B,Retail/BBG Commercial,Wholesale and Retail trade; Repair of Motor Vehicles and Motorcycles,Active,12/27/2024,0,0,0,85845.17,0,1,0,0,19230.77,0,1,0,0,0,0,0,42,0,0,0,0,0,0,0,0,0,0,0,0,0,0,0,0,0,0,0,0,0,1,0,0,0,0.01,0,0,0.01,0,0,0,0,0,0,0,0,0,0,0,0,0,0,0,0,0,0,0,0,0,0,0,0,0,0,0,0,0,0,0,0,0,0,0,0,0,0,0,0,0,0,0,0,0,0,0,0,0,0,0,0,0,0,0,0,0,0,0,0,0,0,0,0,0,0,0,0,0,0,-0.01,0,0,0,0,0,0,0,0,0,0,0,0,0,0,0,0,0,0,0,0,0,0,0,0,0,0,0,0,0,0,0,0,0,0,0,0,0,0,0,0,0,0,0,0,0,0,0
4061,NON-FINANCIAL CORPORATION,UNSPECIFIED,UNSPECIFIED,UNSPECIFIED,UNSPECIFIED,12/27/2024,0,0,0,0,0,0,0,0,0,0,0,0,0,0,0,0,0,0,0,0,0,0,0,0,0,0,0,0,0,0,0,0,0,0,0,0,0,0,0,0,0,0,0,0,0,0,0,0,0,0,0,0,0,0,0,0,0,0,0,0,0,0,0,0,0,0,0,0,0,0,0,0,0,0,0,0,0,0,0,0,0,0,0,0,0,0,0,0,0,0,0,0,0,0,0,0,0,0,0,0,0,0,0,0,0,0,0,0,0,0,0,0,0,0,0,0,0,0,0,0,0,0,0,0,0,0,0,0,0,0,0,0,0,0,0,0,0,0,0,0,0,0,0,0,0,0,0,0,0,0,0,0,0,0,0,0,0,0,0,0,0,0,0,0
3981,SOLE PROPRIETORSHIP,B,Retail/BBG Commercial,Transportation and Storage,UNSPECIFIED,12/27/2024,0,0,0,19329.19,0,0,17092.57,12646.69,0,0,0,0,17950,17950,0,0,25,0,0,0,0,0,-0.87,8.64,8.64,-0.03,-0.81,0,-0.14,1,-0.91,-0.61,0.95,1,-0.05,-0.1,0.06,2,1,-0.12,2,-0.08,0.75,0,-1,-0.89,0,-0.15,0,0,0,0,0,0.27,-0.61,-0.18,0,0,0,5.33,0,-0.67,0,0,0.27,0,2.3,5.33,0,-0.74,3,2,1,0,0.41,1,0,1,0,0,0,1,53.58,-0.81,0,0,0,0.93,5,0,0,62010.81,0.64,0,4.12,0,0,0,-0.81,0,0,0,0.5,0,-0.18,0,0.38,2,0,0,0,0,0,0,0,2,-0.67,0,0,0,0,1,-0.25,0,0,0,0,0,0,0,0,0,0,0,0,0,0,5,0,0,0,0,0,0,0,0,0,0,0,0,0,0,0,0,0,0,0,0,0,0,0,0,0,0
2931,SOLE PROPRIETORSHIP,B,UNSPECIFIED,Construction,Active,12/27/2024,0,0,0,91026.61,0,0,2402838.83,283109.34,0,0,1,0,0,0,0,0,3,-1306200,0,0,0,0,2.89,67.32,67.32,0,0,1.42,0.93,-1,0,2.23,0,-1,0,0,1.42,14,1,0,-0.33,0,2.84,0,-0.33,0,0,0,1.15,7.5,0,21,0,0.93,0.2,0.3,0,0,0,0.86,0,0.2,0,1.15,-0.33,2,0.29,0.86,0.3,-0.29,5,0,0,0.25,0,0.76,-0.23,0,0,0,-2768055,0,0,1.91,0,0,0,0,0,0,0,1875000,0.32,0,0,0,0,0,1.91,0,0,0,0.24,-0.17,0.3,0,0.23,0,0,0,0,0,0.25,0,0,0.76,0.2,0,0.75,0.29,0,-0.5,-0.3,0,0,0,0,0,0,0,0,0,0,0,0,0,1,0,0,0,0,0,0,0,0,-0.33,0,0,0,0,0,0,0,0,0,0,0,0,0,0,0,0,0,0
3208,NON-FINANCIAL CORPORATION,B,Retail/BBG Commercial,Manufacturing,UNSPECIFIED,12/27/2024,0,0,0,366324.34,0,0,2297889.99,1416713.75,1153846.15,0,0,0,761000,2450964,0,0,17,-1.55E+07,-0.05,0,0.11,0.03,-0.6,1.56,0.29,0.02,-0.42,0.07,0.07,2.33,-0.81,0.04,-0.09,2.33,-0.09,0.2,0.43,1.25,0,-0.04,0,-0.12,0.14,0,-0.39,-0.76,0.02,0.23,0.62,0,0,33,0,0.29,-0.61,0,0,0.16,0.08,0.07,0,-0.61,-0.01,-0.18,-0.18,5.33,-0.08,0.07,0.06,-0.23,10,1.25,6,0,-0.09,0.11,-0.23,6,0,0.16,-4438102.37,6,0.1,2.04,-0.4,0,-111045.51,-0.39,-0.02,-0.1,0,7238900,-0.18,0,-0.34,0,-0.27,0,2.82,0,-111045.51,0,-0.3,0.63,-0.24,0,-0.13,-0.44,0,0,0,0,0,0,0,0.43,-0.61,1,3.75,0.06,0,-0.71,-0.37,0,0,0,0,0,0,0,0.29,0,0,0,0,0,1,-0.28,0,0,0,0,0,0,0,1.25,0,0,0,0,0,0,0,0,0,0,0,0,0,0,0,0,0,0
9708,NON-FINANCIAL CORPORATION,UNSPECIFIED,UNSPECIFIED,UNSPECIFIED,UNSPECIFIED,12/27/2024,0,0,0,0,0,0,0,0,0,0,0,0,0,0,0,0,0,0,0,0,0,0,0,0,0,0,0,0,0,0,0,0,0,0,0,0,0,0,0,0,0,0,0,0,0,0,0,0,0,0,0,0,0,0,0,0,0,0,0,0,0,0,0,0,0,0,0,0,0,0,0,0,0,0,0,0,0,0,0,0,0,0,0,0,0,0,0,0,0,0,0,0,0,0,0,0,0,0,0,0,0,0,0,0,0,0,0,0,0,0,0,0,0,0,0,0,0,0,0,0,0,0,0,0,0,0,0,0,0,0,0,0,0,0,0,0,0,0,0,0,0,0,0,0,0,0,0,0,0,0,0,0,0,0,0,0,0,0,0,0,0,0,0,0
2102,FINANCIAL CORPORATION (NON-BANK),B,UNSPECIFIED,Accommodation and Food Service Activities,Active,12/27/2024,0,0,0,1057547.44,0,0,2267394.32,111111.11,769230.77,0,1,0,0,0,0,0,26,-1.62E+07,0.4,0,0.48,0.65,0.13,1.73,1.73,-0.01,-0.29,0.07,0.07,0,0.6,0.18,0.66,-1,0,0.01,0.07,0.33,1,-0.03,-0.17,0.04,0.32,0,-0.81,-0.42,0.32,0.13,2.79,0,0,0,0,1.73,0.18,-0.01,0,1.8,-0.05,1.89,0,-0.04,0.41,1.89,-0.45,0,0.8,2.79,0.64,-0.8,92,-0.1,-0.13,0,0.28,0.63,-0.3,0.24,0,0.63,0,0.4,0.67,1.73,2.26,0,0,0.07,0.08,2.19,0,1.60E+07,1.02,0,-0.14,0,0.86,0.84,2.15,0,0,0,0.63,-0.13,-0.01,0,0.31,-0.35,0,0,0,0,0,0,0,2,-0.37,0.04,0,0.49,0,-0.17,0,0,0,0,0,0,0,0,-0.18,0,0,0,0,0,0,-0.25,0,0,0,0,0,0,0,-0.25,0,0,0,0,0,0,0,0,0,0,0,0,0,0,0,0,0,0
3847,NON-FINANCIAL CORPORATION,M,UNSPECIFIED,"Agriculture, Forestry and Fishing",UNSPECIFIED,12/27/2024,0,0,0,27863.01,0,0,33434,0,0,0,0,0,0,0,0,0,22,-200579.38,0,0,0,0,-1,-0.6,-0.6,0.01,-1,0,-0.17,0,-1,5.19,0,0,-0.03,0.37,0.25,0,0,0.8,-1,-0.08,5.19,0,-1,-1,0,0.5,-1,0,0,0,0,-1,-1,-0.21,0,-1,0,-1,0,-1,0,-1,-1,0,0,-1,-1,-1,0,0,0,0,0,-1,-1,-1,0,-1,0,-1,0,0,0,0,0,0,0,0,0,100,-1,0,-1,0,0,0,-1,0,0,0,-1,-0.5,-0.21,0,0,0,0,0,0,0,0,0,0,-1,-1,0,0,-1,0,0,-1,0,0,0,0,0,0,0,0,0,0,0,0,0,0,-1,0,0,0,0,0,0,0,-1,0,0,0,0,0,0,0,0,0,0,0,0,0,0,0,0,0,0
701,NON-FINANCIAL CORPORATION,UNSPECIFIED,UNSPECIFIED,UNSPECIFIED,UNSPECIFIED,12/27/2024,0,0,0,0,0,0,0,0,0,0,0,0,0,0,0,0,0,0,0,0,0,0,0,0,0,0,0,0,0,0,0,0,0,0,0,0,0,0,0,0,0,0,0,0,0,0,0,0,0,0,0,0,0,0,0,0,0,0,0,0,0,0,0,0,0,0,0,0,0,0,0,0,0,0,0,0,0,0,0,0,0,0,0,0,0,0,0,0,0,0,0,0,0,0,0,0,0,0,0,0,0,0,0,0,0,0,0,0,0,0,0,0,0,0,0,0,0,0,0,0,0,0,0,0,0,0,0,0,0,0,0,0,0,0,0,0,0,0,0,0,0,0,0,0,0,0,0,0,0,0,0,0,0,0,0,0,0,0,0,0,0,0,0,0
9517,SOLE PROPRIETORSHIP,B,Retail/BBG Commercial,UNSPECIFIED,UNSPECIFIED,12/27/2024,0,0,0,1377933.51,0,0,23424.68,16666.67,23076.92,0,0,0,0,0,0,0,17,0,0,0,0,0,-0.02,259.26,259.26,0,0.02,0.01,0,-1,0.02,0,0,3,-0.01,-0.02,0.04,0,0,0,-1,0,0.03,0,-1,-0.18,0,0,0,0,0,1,0,-1,-0.02,0,0,0,0,-1,0,-0.02,0,0,-1,0,0,-1,0,-1,0,-1,0,0,0,-1,0,0,0,0,-882905.72,0,-1,0,-1,0,0,0,-1,0,0,0,-1,0,0,0,-1,-1,-0.68,0,0,0,-1,0,-0.02,0,0,0,0,0,0,0,0,0,0,-0.54,-0.02,0,0.08,-1,0,0,-1,0,0,0,0,0,0,0,-0.97,0,0,0,0,0,0,0,0,0,0,0,0,0,0,0,0,0,0,0,0,0,0,0,0,0,0,0,0,0,0,0,0,0
5852,NON-FINANCIAL CORPORATION,M,UNSPECIFIED,Administrative and Support Service Activities,UNSPECIFIED,12/27/2024,0,0,0,1154706.07,0,0,1.93E+07,700837.53,0,0,1,0,1.00E+07,1.00E+07,0,-1.00E+07,3,0,0,0,0,0,-0.11,9.63,9.63,0,0,4.61,0.43,-1,0,0.26,0,-1,0,0,4.61,2.33,2,0,-0.3,0,9.21,0,-0.38,0,0,0,0,0,0,27,0,-0.31,0.26,0.03,0,0,0,-0.3,0,-0.3,0,0,-0.38,0.11,-0.34,9.83,-0.34,-0.38,0,0.29,0,0,0,-0.06,0,-1,0,0,-3.82E+07,-1,0,0,0,0,0,0,0,0,0,25000,-0.57,0,0,0,0,0,-1,1499909.92,0,0,-0.39,-0.01,0.03,0,-0.2,0,0,0,0,0,0,0,0,17,-0.3,0,1.25,-0.57,0,0,-0.35,0,0,1,0,0,0,0,0,0,0,0,0,0,1.33,0,0,0,0,0,0,0,0,-0.1,0,0,0,0,0,0,0,0,0,0,0,0,0,0,0,0,0,0
6689,NON-FINANCIAL CORPORATION,B,Retail/BBG Commercial,Construction,UNSPECIFIED,12/27/2024,0,0,0,235531.38,0,0,251742.64,389023.42,76923.08,0,1,0,0,0,0,0,58,-398315.57,6559.7,0,7.35,9.34,13.99,32785.89,32785.89,0.03,7.92,0.94,0.94,1,3.01,3.9,15.16,1,0.03,3.14,0.94,3,1,6.91,-0.75,0.1,29.55,0,-1,4.92,0.71,4.26,-1,0,0,0,0,5.55,2.06,-0.03,0,0,0.72,-0.16,0,2.06,0.81,0,-1,1,-0.32,74.39,2.28,-1,1,3,-1,0,1.29,-0.25,0,-1,0,0,-2600337.64,-1,-0.15,-1,-0.97,0,0,-0.49,0,-1,0,147520,-0.56,0,-1,0,-0.5,-1,-1,0,0,0,-0.67,1.13,-0.19,0,-0.4,-0.25,0,0,0,0,0,0,1,8,-0.98,-0.75,0,-1,0,-1,-0.56,0,0,1,0,0,0,0,-0.67,0,0,0,0,0,0,0,0,0,0,0,0,0,0,0,0,0,0,0,0,0,0,0,0,0,0,0,0,0,0,0,0,0
9079,NON-FINANCIAL CORPORATION,B,UNSPECIFIED,Financial and Insurance Activities,Active,12/27/2024,0,0,0,32107.85,0,0,52001.67,0,76923.08,0,1,0,0,0,0,0,40,0,0.61,0,0.3,0.41,0,3.2,3.2,-0.05,0.15,0.07,0.07,0,0.15,0.37,0.65,0,-0.03,-0.03,0.07,0,1,0.06,0,0.02,0.37,0,-0.24,-0.43,0.04,0.04,0,0,0,0,0,0.22,0.37,0.02,0,0,0,0.69,0,-0.27,0.05,0,-0.11,0,0.18,2.93,0.06,-0.34,0,0,0,0,0.08,0.33,0,0,0,0,0,0,3.67,0,3.29,0,0,3.29,0.33,2.48,0,0,0.12,0,2.48,0,0.33,2.79,0,0,0,0,0,0,-0.08,0,0.04,0.33,0,0,0,0,0,0,0,0.33,-0.27,0,0,0.09,0,0,-0.25,0,0,0,0,0,0,0,0,0,0,0,0,0,0,0,0,0,0,0,0,0,0,0,0,0,0,0,0,0,0,0,0,0,0,0,0,0,0,0,0,0
3251,SOLE PROPRIETORSHIP,B,Retail/BBG Commercial,Accommodation and Food Service Activities,Active,12/27/2024,0,0,0,554.88,0,0,0,0,0,0,0,0,0,0,0,0,12,0,0,0,0,0,-0.95,0,0,-0.09,-0.98,-0.13,-0.22,0,-0.99,-0.41,0,0,-0.13,-0.25,0.1,0,0,-0.42,0,-0.19,-0.21,0,0,-0.99,0,-0.32,0,0,0,0,0,0,-0.41,-0.28,0,0,0,0,1,-0.92,0,0,0,0,0,0,0,0,0,0,0,0,0,0,0,0,0,0,0,0,0,0,0,0,0,0,0,0,0,0,0,0,0,0,0,0,0,0,0,0,0,0,-0.28,0,0,0,0,0,0,0,0,0,0,0,-0.92,0,0,0,0,0,0,0,0,0,0,0,0,0,0,0,0,0,0,0,0,0,0,0,0,0,0,0,0,0,0,0,0,0,0,0,0,0,0,0,0,0,0,0,0,0,0,0
8748,SOLE PROPRIETORSHIP,B,UNSPECIFIED,Wholesale and Retail trade; Repair of Motor Vehicles and Motorcycles,Active,12/27/2024,0,0,0,204185.62,0,0,5197308.27,1543463.28,76923.08,0,1,0,4291190.45,1.00E+07,275672.96,0,25,-5.84E+07,-0.02,6,-0.03,-0.06,-0.36,1.14,0.94,-0.1,-0.84,-0.11,-0.26,0.33,-0.83,-0.03,-0.04,2,-0.14,-0.12,0.09,0.29,1,-0.2,-0.14,-0.2,0.57,0,-0.37,-0.94,0.02,-0.07,2.01,0,0,12,0,0.94,-0.03,-0.28,0,1.5,-0.03,0.82,0,-0.33,0.02,2.01,-0.13,-0.33,0.35,0.82,0.41,-0.37,42,0,2.4,0,0.08,0.9,0.87,2.4,0,1.5,-8225437.1,2.4,-0.65,8.02,-0.61,0,0,-0.45,-0.41,-0.62,0,3.32E+07,0.58,0,-0.43,0,-0.33,-0.65,8.02,0,0,0,0.9,-0.07,-0.28,0,0.45,0.03,0,0,0,0,0,0,0,0.9,-0.68,-0.59,0,0.69,0,0.18,0,0,0,0,0,0,0,0,-0.42,0,0,0,0,0,0,-0.22,0,0,0,0,0,0,0,-0.14,0,0,0,0,0,0,0,0,0,0,0,0,0,0,0,0,0,0
1490,SOLE PROPRIETORSHIP,M,UNSPECIFIED,Construction,UNSPECIFIED,12/27/2024,0,0,0,84694.47,0,1,16670.15,0,0,0,1,0,0,0,0,0,62,0,0,0,0,0,0.87,-1,-1,2.8,1.13,1.03,0.5,0,350.5,0.87,0,0,4.03,15.03,29.55,-1,1,0.2,-1,0.55,0.87,0,-1,350.5,0,20.62,0,0,0,0,0,-1,0.87,0.33,0,0,0,0,0,0,0,0,-1,0,0,0,0,0,0,-1,0,0,0,0,0,0,0,0,0,0,0,0,0,0,0,0,0,0,0,0,0,0,-1,0,0,0,0,0,0,0,0,0,0.33,0,0,0,0,0,0,0,0,0,0,-1,0,0,0,-1,0,0,0,0,0,0,0,0,0,0,0,0,0,0,0,0,0,0,0,0,0,0,0,0,0,0,0,0,0,0,0,0,0,0,0,0,0,0,0,0,0,0,0,0
4009,NON-FINANCIAL CORPORATION,UNSPECIFIED,UNSPECIFIED,UNSPECIFIED,UNSPECIFIED,12/27/2024,0,0,0,0,0,0,0,0,0,0,0,0,0,0,0,0,0,0,0,0,0,0,0,0,0,0,0,0,0,0,0,0,0,0,0,0,0,0,0,0,0,0,0,0,0,0,0,0,0,0,0,0,0,0,0,0,0,0,0,0,0,0,0,0,0,0,0,0,0,0,0,0,0,0,0,0,0,0,0,0,0,0,0,0,0,0,0,0,0,0,0,0,0,0,0,0,0,0,0,0,0,0,0,0,0,0,0,0,0,0,0,0,0,0,0,0,0,0,0,0,0,0,0,0,0,0,0,0,0,0,0,0,0,0,0,0,0,0,0,0,0,0,0,0,0,0,0,0,0,0,0,0,0,0,0,0,0,0,0,0,0,0,0,0
9791,NON-FINANCIAL CORPORATION,UNSPECIFIED,UNSPECIFIED,UNSPECIFIED,UNSPECIFIED,12/27/2024,0,0,0,0,0,0,0,0,0,0,0,0,0,0,0,0,0,0,0,0,0,0,0,0,0,0,0,0,0,0,0,0,0,0,0,0,0,0,0,0,0,0,0,0,0,0,0,0,0,0,0,0,0,0,0,0,0,0,0,0,0,0,0,0,0,0,0,0,0,0,0,0,0,0,0,0,0,0,0,0,0,0,0,0,0,0,0,0,0,0,0,0,0,0,0,0,0,0,0,0,0,0,0,0,0,0,0,0,0,0,0,0,0,0,0,0,0,0,0,0,0,0,0,0,0,0,0,0,0,0,0,0,0,0,0,0,0,0,0,0,0,0,0,0,0,0,0,0,0,0,0,0,0,0,0,0,0,0,0,0,0,0,0,0
5882,NON-FINANCIAL CORPORATION,UNSPECIFIED,UNSPECIFIED,UNSPECIFIED,UNSPECIFIED,12/27/2024,0,0,0,0,0,0,0,0,0,0,0,0,0,0,0,0,0,0,0,0,0,0,0,0,0,0,0,0,0,0,0,0,0,0,0,0,0,0,0,0,0,0,0,0,0,0,0,0,0,0,0,0,0,0,0,0,0,0,0,0,0,0,0,0,0,0,0,0,0,0,0,0,0,0,0,0,0,0,0,0,0,0,0,0,0,0,0,0,0,0,0,0,0,0,0,0,0,0,0,0,0,0,0,0,0,0,0,0,0,0,0,0,0,0,0,0,0,0,0,0,0,0,0,0,0,0,0,0,0,0,0,0,0,0,0,0,0,0,0,0,0,0,0,0,0,0,0,0,0,0,0,0,0,0,0,0,0,0,0,0,0,0,0,0
3582,SOLE PROPRIETORSHIP,M,Banking Center,Manufacturing,UNSPECIFIED,12/27/2024,0,0,0,9371.06,0,0,5.98,9028.16,0,0,0,0,0,0,0,0,45,0,0,0,0,0,-1,3.29,-1,-0.23,-1,-0.1,-0.35,0,-1,0,0,0,-0.27,-0.2,-0.04,-1,0,-0.35,-1,-0.27,0,0,-1,-1,0,-0.31,0,0,0,0,0,-1,-1,-0.52,1,0,0,-1,1,-1,0,0,-1,0,0,-1,0,-1,0,-1,0,0,0,-1,0,0,0,0,0,0,0,0,0,0,0,0,0,-1,0,0,-1,0,-1,0,0,-1,0,0,0,0,-1,0,-0.52,0,0,0,0,0,0,0,0,0,0,-1,-1,-1,0,-1,0,0,-1,0,0,0,0,0,0,0,-1,0,0,0,0,0,0,-1,0,0,0,0,0,0,0,-1,0,0,0,0,0,0,0,0,0,0,0,0,0,0,0,0,0,0
8081,NON-FINANCIAL CORPORATION,M,UNSPECIFIED,Wholesale and Retail trade; Repair of Motor Vehicles and Motorcycles,UNSPECIFIED,12/27/2024,0,0,0,487.9,0,0,0,0,384615.38,0,0,0,0,0,0,0,118,-4787723.15,0,0,0,0,-0.51,-0.99,-1,-0.05,-1,0,-0.21,0,-1,0,0,0,-0.08,-0.16,0.04,0,0,-0.36,0,-0.14,0,0,-1,-1,0,-0.22,-1,0,0,0,0,0,0,-0.27,1,-1,0,0,0,-0.51,0,0,0,0,0,-1,0,-1,0,0,0,0,0,0,0,0,0,0,0,-1,0,0,1.89,0,0,0,0,0,0,84072,0,0,0,0,0,0,-1,0,0,0,0,0,-0.27,0,0,0,0,0,0,0,0,0,0,-1,-1,0,0,0,0,0,0,0,0,0,0,0,0,0,0,0,0,0,0,0,0,0,0,0,0,0,0,0,0,0,0,0,0,0,0,0,0,0,0,0,0,0,0,0,0,0,0,0
5340,NON-FINANCIAL CORPORATION,B,UNSPECIFIED,Information and Communication,Active,12/27/2024,0,0,0,121798.98,0,0,20006.68,18888.89,76923.08,0,1,0,0,0,0,0,27,0,0.41,0,0,0,0.14,3.5,1.67,0.02,0.88,0.23,0.23,0,1.18,0.1,0.21,1,0.02,0.08,0.23,2,1,0.14,0,0.11,0.37,0,-0.63,0.04,0,0.19,0,0,0,0,0,1,0.04,0.17,0,0,0.67,1.05,0,0.04,0,0,0,0,0.53,1.05,0.5,0,0,2,0,0,0.2,1,0,0,0,0,0,0,-0.75,0,-0.74,0,0,1.05,-0.67,-0.27,0,0,1.05,0,1,0,-0.67,-0.33,0,0,0,0,1,1,-0.07,0,0.5,1,0,0,0,0,1.89,0,0,1,0,0,0,1,0,0,0,0,0,0,0,0,0,0,0,0,0,0,0,0,0,2,0,0,0,0,0,0,0,2,0,0,0,0,0,0,0,0,0,0,0,0,0,0,0,0,0,0
9903,SOLE PROPRIETORSHIP,UNSPECIFIED,UNSPECIFIED,UNSPECIFIED,UNSPECIFIED,12/27/2024,0,0,0,0,0,0,0,0,0,0,0,0,0,0,0,0,0,0,0,0,0,0,0,0,0,0,0,0,0,0,0,0,0,0,0,0,0,0,0,0,0,0,0,0,0,0,0,0,0,0,0,0,0,0,0,0,0,0,0,0,0,0,0,0,0,0,0,0,0,0,0,0,0,0,0,0,0,0,0,0,0,0,0,0,0,0,0,0,0,0,0,0,0,0,0,0,0,0,0,0,0,0,0,0,0,0,0,0,0,0,0,0,0,0,0,0,0,0,0,0,0,0,0,0,0,0,0,0,0,0,0,0,0,0,0,0,0,0,0,0,0,0,0,0,0,0,0,0,0,0,0,0,0,0,0,0,0,0,0,0,0,0,0,0
5412,SOLE PROPRIETORSHIP,UNSPECIFIED,UNSPECIFIED,UNSPECIFIED,UNSPECIFIED,12/27/2024,0,0,0,0,0,0,0,0,0,0,0,0,0,0,0,0,0,0,0,0,0,0,0,0,0,0,0,0,0,0,0,0,0,0,0,0,0,0,0,0,0,0,0,0,0,0,0,0,0,0,0,0,0,0,0,0,0,0,0,0,0,0,0,0,0,0,0,0,0,0,0,0,0,0,0,0,0,0,0,0,0,0,0,0,0,0,0,0,0,0,0,0,0,0,0,0,0,0,0,0,0,0,0,0,0,0,0,0,0,0,0,0,0,0,0,0,0,0,0,0,0,0,0,0,0,0,0,0,0,0,0,0,0,0,0,0,0,0,0,0,0,0,0,0,0,0,0,0,0,0,0,0,0,0,0,0,0,0,0,0,0,0,0,0
5212,NON-FINANCIAL CORPORATION,B,Retail/BBG Commercial,UNSPECIFIED,UNSPECIFIED,12/27/2024,0,0,0,0,0,0,0,0,0,0,0,0,0,0,0,0,0,0,0,0,0,0,0,0,0,0,0,0,0,0,0,0,0,0,0,0,0,0,0,0,0,0,0,0,0,0,0,0,0,0,0,0,0,0,0,0,0,0,0,0,0,0,0,0,0,0,0,0,0,0,0,0,0,0,0,0,0,0,0,0,0,0,0,0,0,0,0,0,0,0,0,0,0,0,0,0,0,0,0,0,0,0,0,0,0,0,0,0,0,0,0,0,0,0,0,0,0,0,0,0,0,0,0,0,0,0,0,0,0,0,0,0,0,0,0,0,0,0,0,0,0,0,0,0,0,0,0,0,0,0,0,0,0,0,0,0,0,0,0,0,0,0,0,0
4072,NON-FINANCIAL CORPORATION,M,UNSPECIFIED,Wholesale and Retail trade; Repair of Motor Vehicles and Motorcycles,Active,12/27/2024,0,0,0,554489.76,0,0,30.99,0,384615.38,0,1,0,0,0,0,0,15,0,0,0,0,0,0,-0.5,-1,0.58,9.15,1.27,0.56,0,9.15,0,0,0,0.15,1.41,3.72,-1,1,0.96,0,0.24,3.57,0,-1,10.2,0,0.6,0,0,0,0,0,0,0,0.36,0,0,0,0,0,0,0,0,0,0,0,-1,0,-1,0,0,0,0,0,0,0,0,0,0,0,0,0,0,0,0,0,0,0,0,0,0,0,0,0,0,0,0,0,0,0,0,0,0,-0.84,0,0,0,0,0,0,0,0,0,0,-1,0,0,0,0,0,0,0,0,0,0,0,0,0,0,0,0,0,0,0,0,0,0,0,0,0,0,0,0,0,0,0,0,0,0,0,0,0,0,0,0,0,0,0,0,0,0,0,0
7840,SOLE PROPRIETORSHIP,B,Retail/BBG Commercial,UNSPECIFIED,UNSPECIFIED,12/27/2024,0,0,0,0,0,0,0,0,307692.31,0,0,0,0,0,0,0,0,0,0,0,0,0,0,0,0,0.11,0,0.08,0.06,0,0,0,0,0,0.08,0,0.64,0,0,0,0,0.06,0,0,0,0,0,0,0,0,0,0,0,0,0,0.06,0,0,0,0,0,0,0,0,0,0,0,0,0,0,0,0,0,0,0,0,0,0,0,0,0,0,0,0,0,0,0,0,0,0,0,0,0,0,0,0,0,0,0,0,0,0,0,0,0.03,0,0,0,0,0,0,0,0,0,0,0,0,0,0,0,0,0,0,0,0,0,0,0,1,0,0,0,0,0,0,0,0,0,0,0,0,0,0,0,0,0,0,0,0,0,0,0,0,0,0,0,0,0,0,0,0,0,0,0
4197,SOLE PROPRIETORSHIP,B,UNSPECIFIED,Construction,UNSPECIFIED,12/27/2024,0,0,0,148444.01,0,0,66670.8,17502.78,769230.77,0,1,0,0,0,0,0,63,-604724.36,0,0,44.14,52.52,-0.33,81.27,-1,-0.1,-0.64,0.02,0.02,-1,-0.23,-0.16,83.21,-1,-0.12,0.04,0.09,1,0,-0.15,0,-0.05,0.34,0,-1,-0.86,0.25,0.19,3.98,0,0,0,0,0,-0.16,0.02,2,0,0,3.96,1,-0.2,0.14,3.98,0,-1,2.05,413.77,0,-0.99,1,0,0,0,0.13,0.33,0.15,0,0,0,-534659.64,0,2.99,0,5.41,0,0,1.69,-0.2,0,0,200000,4.69,0,-0.56,0,-0.43,0,0,0,0,0,0,0,-0.19,0,0.04,-0.5,0,0,0,0,0,0,0,2,-0.39,0,0,0,0,0,-0.25,0,0,0,0,0,0,0,0,0,0,0,0,0,0,0,0,0,0,0,0,0,0,0,0,0,0,0,0,0,0,0,0,0,0,0,0,0,0,0,0,0
3271,NON-FINANCIAL CORPORATION,B,Retail/BBG Commercial,Financial and Insurance Activities,UNSPECIFIED,12/27/2024,0,0,0,0,0,0,0,0,7692307.77,0,0,0,0,0,0,0,157,0,0,0,0,0,0,0,0,0,0,0,0,0,0,0,0,0,0,0,-0.34,0,0,0,0,0,0,0,0,0,0,0,0,0,0,0,1,0,0,0,1,0,0,0,0,0,0,0,0,0,0,0,0,0,0,0,0,0,0,0,0,0,0,0,0,0,0,0,0,0,0,0,0,0,0,0,0,0,0,0,0,0,0,0,0,0,0,0,0,0,0,0,0,0,0,0,0,0,0,0,0,0,0,0,0,0,0,0,0,0,0,0,0,0,0,0,0,0,0,0,0,0,0,0,0,0,0,0,0,0,0,0,0,0,0,0,0,0,0,0,0,0,0,0,0,0,0,0
7208,SOLE PROPRIETORSHIP,B,UNSPECIFIED,Wholesale and Retail trade; Repair of Motor Vehicles and Motorcycles,Active,12/27/2024,0,0,0,480913.47,0,0,5636978.82,287662.89,53846.15,0,1,0,235474,735474,0,0,19,-361500,0.13,0,0.45,0.35,1.15,2.07,1.14,0.1,-0.02,0.29,0.13,0.25,1.85,1,0.13,1,0.13,0.44,0.31,0.6,1,0.17,0.1,0.15,1,0,-0.51,2.65,0.41,0.41,0,0,0,2,0,1.14,1,0.13,0,0,0.11,1.06,0,0.08,0.26,0,-0.19,-0.5,0.49,1.06,0.47,-0.41,38,0.48,0.36,0,0.1,0.91,0,0.36,0,0,-650000,1.25,5.53,1.03,4.56,0,0,0.21,3.47,4.93,0,2.80E+07,0.9,0,-0.06,0,2.71,4.15,4.41,0,0,0,0.71,0.29,0.02,0,0.4,0.2,0,0,0,0,95.89,0,0,1.93,-0.53,3.86,0,0.73,0,-0.2,-0.11,0,0,0,0,0,0,0,1.83,0,0,0,0,0,0,0.55,0,0,0,0,0,0,0,0.62,0,0,0,0,0,0,0,0,0,0,0,0,0,0,0,0,0,0
2501,NON-FINANCIAL CORPORATION,UNSPECIFIED,UNSPECIFIED,UNSPECIFIED,UNSPECIFIED,12/27/2024,0,0,0,0,0,0,0,0,0,0,0,0,0,0,0,0,0,0,0,0,0,0,0,0,0,0,0,0,0,0,0,0,0,0,0,0,0,0,0,0,0,0,0,0,0,0,0,0,0,0,0,0,0,0,0,0,0,0,0,0,0,0,0,0,0,0,0,0,0,0,0,0,0,0,0,0,0,0,0,0,0,0,0,0,0,0,0,0,0,0,0,0,0,0,0,0,0,0,0,0,0,0,0,0,0,0,0,0,0,0,0,0,0,0,0,0,0,0,0,0,0,0,0,0,0,0,0,0,0,0,0,0,0,0,0,0,0,0,0,0,0,0,0,0,0,0,0,0,0,0,0,0,0,0,0,0,0,0,0,0,0,0,0,0
3173,SOLE PROPRIETORSHIP,UNSPECIFIED,UNSPECIFIED,UNSPECIFIED,UNSPECIFIED,12/27/2024,0,0,0,0,0,0,0,0,0,0,0,0,0,0,0,0,0,0,0,0,0,0,0,0,0,0,0,0,0,0,0,0,0,0,0,0,0,0,0,0,0,0,0,0,0,0,0,0,0,0,0,0,0,0,0,0,0,0,0,0,0,0,0,0,0,0,0,0,0,0,0,0,0,0,0,0,0,0,0,0,0,0,0,0,0,0,0,0,0,0,0,0,0,0,0,0,0,0,0,0,0,0,0,0,0,0,0,0,0,0,0,0,0,0,0,0,0,0,0,0,0,0,0,0,0,0,0,0,0,0,0,0,0,0,0,0,0,0,0,0,0,0,0,0,0,0,0,0,0,0,0,0,0,0,0,0,0,0,0,0,0,0,0,0
2743,NON-FINANCIAL CORPORATION,UNSPECIFIED,UNSPECIFIED,UNSPECIFIED,UNSPECIFIED,12/27/2024,0,0,0,0,0,0,0,0,0,0,0,0,0,0,0,0,0,0,0,0,0,0,0,0,0,0,0,0,0,0,0,0,0,0,0,0,0,0,0,0,0,0,0,0,0,0,0,0,0,0,0,0,0,0,0,0,0,0,0,0,0,0,0,0,0,0,0,0,0,0,0,0,0,0,0,0,0,0,0,0,0,0,0,0,0,0,0,0,0,0,0,0,0,0,0,0,0,0,0,0,0,0,0,0,0,0,0,0,0,0,0,0,0,0,0,0,0,0,0,0,0,0,0,0,0,0,0,0,0,0,0,0,0,0,0,0,0,0,0,0,0,0,0,0,0,0,0,0,0,0,0,0,0,0,0,0,0,0,0,0,0,0,0,0
336,SOLE PROPRIETORSHIP,UNSPECIFIED,UNSPECIFIED,UNSPECIFIED,UNSPECIFIED,12/27/2024,0,0,0,0,0,0,0,0,0,0,0,0,0,0,0,0,0,0,0,0,0,0,0,0,0,0,0,0,0,0,0,0,0,0,0,0,0,0,0,0,0,0,0,0,0,0,0,0,0,0,0,0,0,0,0,0,0,0,0,0,0,0,0,0,0,0,0,0,0,0,0,0,0,0,0,0,0,0,0,0,0,0,0,0,0,0,0,0,0,0,0,0,0,0,0,0,0,0,0,0,0,0,0,0,0,0,0,0,0,0,0,0,0,0,0,0,0,0,0,0,0,0,0,0,0,0,0,0,0,0,0,0,0,0,0,0,0,0,0,0,0,0,0,0,0,0,0,0,0,0,0,0,0,0,0,0,0,0,0,0,0,0,0,0
3470,NON-FINANCIAL CORPORATION,UNSPECIFIED,UNSPECIFIED,UNSPECIFIED,UNSPECIFIED,12/27/2024,0,0,0,0,0,0,0,0,0,0,0,0,0,0,0,0,0,0,0,0,0,0,0,0,0,0,0,0,0,0,0,0,0,0,0,0,0,0,0,0,0,0,0,0,0,0,0,0,0,0,0,0,0,0,0,0,0,0,0,0,0,0,0,0,0,0,0,0,0,0,0,0,0,0,0,0,0,0,0,0,0,0,0,0,0,0,0,0,0,0,0,0,0,0,0,0,0,0,0,0,0,0,0,0,0,0,0,0,0,0,0,0,0,0,0,0,0,0,0,0,0,0,0,0,0,0,0,0,0,0,0,0,0,0,0,0,0,0,0,0,0,0,0,0,0,0,0,0,0,0,0,0,0,0,0,0,0,0,0,0,0,0,0,0
9057,SOLE PROPRIETORSHIP,B,Retail/BBG Commercial,Transportation and Storage,Active,12/27/2024,0,0,0,3304.56,0,0,3.87,0,0,0,0,0,0,0,0,0,4,0,0,0,0,0,-0.96,-1,-1,0,0,-0.2,-0.2,0,0,-0.04,0,0,0,0,-0.2,-1,1,0,-1,0,-0.04,0,-1,0,0,0,0,0.6,0,0,0,-1,-0.04,-0.23,0,0,0,22.3,0,-0.95,0,0,-1,0,10.69,22.3,0,-0.99,0,-1,0,0.6,0,2,0,-1,0,0,0,-1,0,0,0,0,-2200,0,0,0,0,1064148.11,0.89,0,0,-2200,0,0,-1,0,-2200,0,0.5,0,-0.45,0,0.75,0,0,0,0,0,0,0,0,2,-0.95,0,0.4,-1,0,0,-0.5,0,0,0,0,0,0,0,0,0,0,0,0,0,0,0,0,0,0,0,0,0,0,-1,0,0,0,0,0,0,0,0,0,0,0,0,0,0,0,0,0,0
3276,NON-FINANCIAL CORPORATION,B,UNSPECIFIED,Real Estate Activities,Active,12/27/2024,0,0,0,117508.01,0,0,6.57,16666.67,7692307.69,0,1,0,0,0,0,0,21,-150000,0,0,0,0,0,-0.84,-1,-0.01,0,0,0,0,0,0,0,-1,-0.05,-0.07,0.19,0,1,0,0,-0.04,0,0,-1,-0.67,0,0,-1,0,0,0,0,0,0,-0.03,0,0,0,0,0,0,0,0,0,0,0,0,0,0,0,0,0,0,0,0,0,0,0,0,0,0,-1,0,0,0,0,0,-1,0,0,0,0,0,0,0,0,-1,-1,0,0,0,0,0,-0.17,0,0,0,0,0,0,0,0,0,0,-0.91,0,0,0,0,0,0,0,0,0,0,0,0,0,0,-0.5,0,0,0,0,0,0,0,0,0,0,0,0,0,0,0,0,0,0,0,0,0,0,0,0,0,0,0,0,0,0,0,0,0
4169,SOLE PROPRIETORSHIP,B,Retail/BBG Commercial,UNSPECIFIED,UNSPECIFIED,12/27/2024,0,0,0,1662.36,0,0,0,0,0,0,0,0,0,0,0,0,38,0,0,0,0,0,-0.75,0,0,-0.13,-0.88,-0.12,-0.19,0,-0.92,-0.33,0,0,-0.15,-0.21,-0.07,0,0,-0.32,0,-0.17,-0.16,0,0,-0.94,0,-0.25,0,0,0,0,0,0,-0.33,-0.24,0,0,0,0,0,-0.62,0,0,0,0,0,0,0,0,0,0,0,0,0,0,0,0,0,0,0,0,0,0,0,0,0,0,0,0,0,0,0,0,0,0,0,0,0,0,0,0,0,0,-0.24,0,0,0,0,0,0,0,0,0,0,0,-0.62,0,0,0,0,0,0,0,0,0,0,0,0,0,0,0,0,0,0,0,0,0,0,0,0,0,0,0,0,0,0,0,0,0,0,0,0,0,0,0,0,0,0,0,0,0,0,0
5723,NON-FINANCIAL CORPORATION,B,UNSPECIFIED,Wholesale and Retail trade; Repair of Motor Vehicles and Motorcycles,UNSPECIFIED,12/27/2024,0,0,0,540348.08,0,0,33.98,0,76923.08,0,1,0,0,399600,0,0,71,-399600,0,0,0,0,-0.76,-1,-1,0.03,-0.57,0.13,0.02,0,-0.57,-0.38,0,0,0.04,-0.02,0.13,-0.5,1,-0.05,0,0.06,0.62,0,-1,-0.57,0,-0.03,-1,0,0,0,0,0,-0.38,-0.07,0,-1,0,8.87,0,-0.62,0,-1,0,0,4.1,8.87,0,-1,0,0,0,0,0,4,-1,-1,0,-1,0,-1,0,0,0,0,0,0,0,0,0,50,2.33,0,0,0,0,0,-1,0,0,0,4.5,0,-0.07,0,2.05,0,0,0,0,0,0,0,0,4,-0.62,0,0,0,0,0,0.1,0,0,0,0,0,0,0,0,0,0,0,0,0,0,0,0,0,0,0,0,0,0,0,0,0,0,0,0,0,0,0,0,0,0,0,0,0,0,0,0,0
6559,SOLE PROPRIETORSHIP,B,Retail/BBG Commercial,UNSPECIFIED,UNSPECIFIED,12/27/2024,0,0,0,50793.21,0,0,0,0,769230.77,0,1,0,0,0,0,0,86,0,0,0,0,0,0,0,0,0,0,0,0,0,0,0,0,0,0,0,0,0,1,0,0,0,0,0,0,0,0,0,0,0,0,0,0,0,0,0,0,0,0,0,0,0,0,0,0,0,0,0,0,0,0,0,0,0,0,0,0,0,0,0,0,0,0,0,0,0,0,0,0,0,0,0,0,0,0,0,0,0,0,0,0,0,0,0,0,0,0,0,0,0,0,0,0,0,0,0,0,0,0,0,0,0,0,0,0,0,0,0,0,0,0,0,0,0,0,0,0,0,0,0,0,0,0,0,0,0,0,0,0,0,0,0,0,0,0,0,0,0,0,0,0,0,0,0
2004,SOLE PROPRIETORSHIP,B,UNSPECIFIED,Wholesale and Retail trade; Repair of Motor Vehicles and Motorcycles,Active,12/27/2024,0,0,0,25000,0,0,0,0,0,0,1,0,0,0,0,0,13,0,0,0,0,0,0,0,0,0.03,0,0,0,0,0,0,0,0,0.02,0,0.14,0,1,0,0,0,0,0,0,0,0,0,0,0,0,0,0,0,0,0,0,0,0,0,0,0,0,0,0,0,0,0,0,0,0,0,0,0,0,0,0,0,0,0,0,0,0,0,0,0,0,0,0,0,0,0,0,0,0,0,0,0,0,0,0,0,0,0,0,0,0,0,0,0,0,0,0,0,0,0,0,0,0,0,0,0,0,0,0,0,0,0,0,0,0,0,0,0,0,0,0,0,0,0,0,0,0,0,0,0,0,0,0,0,0,0,0,0,0,0,0,0,0,0,0,0,0,0
2671,SOLE PROPRIETORSHIP,UNSPECIFIED,UNSPECIFIED,UNSPECIFIED,UNSPECIFIED,12/27/2024,0,0,0,0,0,0,0,0,0,0,0,0,0,0,0,0,0,0,0,0,0,0,0,0,0,0,0,0,0,0,0,0,0,0,0,0,0,0,0,0,0,0,0,0,0,0,0,0,0,0,0,0,0,0,0,0,0,0,0,0,0,0,0,0,0,0,0,0,0,0,0,0,0,0,0,0,0,0,0,0,0,0,0,0,0,0,0,0,0,0,0,0,0,0,0,0,0,0,0,0,0,0,0,0,0,0,0,0,0,0,0,0,0,0,0,0,0,0,0,0,0,0,0,0,0,0,0,0,0,0,0,0,0,0,0,0,0,0,0,0,0,0,0,0,0,0,0,0,0,0,0,0,0,0,0,0,0,0,0,0,0,0,0,0
3972,NON-FINANCIAL CORPORATION,B,Retail/BBG Commercial,Wholesale and Retail trade; Repair of Motor Vehicles and Motorcycles,UNSPECIFIED,12/27/2024,0,0,0,51143.36,0,1,0,0,76923.08,0,1,0,0,0,0,0,74,0,0,0,0,0,0,0,0,0,-0.01,0,0,0,0.01,0.01,0,0,0,0,0.01,0,0,0,0,0,0.04,0,0,0.03,0,0,0,0,0,0,0,0,0.01,0,0,0,0,0,0,-0.01,0,0,0,0,0,0,0,0,0,0,0,0,0,0,0,0,0,0,0,0,0,0,0,0,0,0,0,0,0,0,0,0,0,0,0,0,0,0,0,0,0,0,0,0,0,0,0,0,0,0,0,0,0,0,-0.04,0,0,0,0,0,0,0,0,0,0,0,0,0,0,0,0,0,0,0,0,0,0,0,0,0,0,0,0,0,0,0,0,0,0,0,0,0,0,0,0,0,0,0,0,0,0,0
1170,NON-FINANCIAL CORPORATION,B,Retail/BBG Commercial,Transportation and Storage,UNSPECIFIED,12/27/2024,0,0,0,36527.76,0,0,16666.67,0,76923.08,0,1,0,0,0,0,0,86,0,0,1,0,0,-0.08,49999,49999,-0.02,0.05,0.1,0.1,0,-0.12,0.2,0,-1,-0.02,0.08,0.1,0,1,0.05,-1,-0.03,0.58,0,-1,0.05,0,0.03,0,0,0,0,0,-1,0.2,0.06,0,0,0,-1,0,-0.24,0,0,-1,0,0,1.27,0,-1,1,-1,-1,0,0,-1,0,-1,0,0,0,-1,-0.44,-1,0.01,0,0,0,-0.5,0,0,75000,-0.49,0,0,0,-0.33,-1,-1,0,0,0,-0.6,0,-0.15,0,0,0,0,0,0,0,0,0,0,4,-0.27,0,0,-1,0,-1,-1,0,0,0,0,0,0,0,-1,0,0,0,0,0,0,0,0,0,0,0,0,0,0,-1,0,0,0,0,0,0,0,0,0,0,0,0,0,0,0,0,0,0
2428,NON-FINANCIAL CORPORATION,M,UNSPECIFIED,UNSPECIFIED,UNSPECIFIED,12/27/2024,0,0,0,21330.09,0,0,1.45,1932.68,0,0,0,0,0,0,0,0,57,-141692.4,0,2,0,0,-1,3.39,-1,0.01,-1,0.04,-0.18,0,-1,-1,0,0,-0.05,0,0.28,-1,1,0,0,-0.09,0,0,-1,-1,0,0,-1,0,0,0,0,0,-1,-0.22,0,-1,0,-1,0,-1,0,-1,0,-1,0,-1,0,-1,0,0,0,0,0,-1,-1,0,0,-1,-695,0,-1,0,-1,0,0,0,-1,-1,0,0,-1,0,0,0,-1,-1,0,0,0,0,-1,0,-0.22,0,0,0,0,0,0,0,0,0,0,0.5,-1,0,0,0,0,0,-1,0,0,0,0,0,0,0,-0.5,0,0,0,0,0,0,0,0,0,0,0,0,0,0,0,0,0,0,0,0,0,0,0,0,0,0,0,0,0,0,0,0,0
6085,NON-FINANCIAL CORPORATION,B,Retail/BBG Commercial,Real Estate Activities,UNSPECIFIED,12/27/2024,0,0,0,54925.04,0,0,0,0,1538461.54,0,1,0,0,0,0,0,226,0,0,0,0,0,0,0,0,0,0,0,0,0,0,0,0,0,0,0,0,0,0,0,0,0,0,0,0,0,0,0,0,0,0,0,0,0,0,0,1,0,0,0,0,0,0,0,0,0,0,0,0,0,0,0,0,0,0,0,0,0,0,0,0,0,0,0,0,0,0,0,0,0,0,0,0,0,0,0,0,0,0,0,0,0,0,0,0,0,0,0,0,0,0,0,0,0,0,0,0,0,0,0,0,0,0,0,0,0,0,0,0,0,0,0,0,0,0,0,0,0,0,0,0,0,0,0,0,0,0,0,0,0,0,0,0,0,0,0,0,0,0,0,0,0,0,0
6653,SOLE PROPRIETORSHIP,B,UNSPECIFIED,Wholesale and Retail trade; Repair of Motor Vehicles and Motorcycles,Active,12/27/2024,0,0,0,24080.72,0,0,41666.96,0,0,0,1,0,0,0,0,-10000,4,0,0,0,0,0,1.54,3,3,0,0,0.74,0.38,0,0,2.61,0,0,0,0,0.74,1,1,0,1,0,2.61,0,-1,0,0,0,0,3,0,0,0,3,-0.3,-0.06,0,0,0,1.45,0,-0.3,0,0,3,0,1.23,1.45,0,0.55,1,1,0,0.8,0,4,0,0,0,0,0,0,0,0,0,0,0,0,0,0,0,135000,3.94,0,0,0,0,0,-0.6,0,0,0,5,0,-0.06,0,2.1,0,0,0,0,0,0,0,0,4,-0.3,0,0.2,0,0,0,0.2,0,5000,0,0,0,0,0,0,0,0,0,0,8333.33,0.33,0,0,0,0,0,0,0,0,0,0,0,0,0,0,0,0,0,0,0,0,0,0,0,0,0,0,0
2529,SOLE PROPRIETORSHIP,B,Retail/BBG Commercial,UNSPECIFIED,UNSPECIFIED,12/27/2024,0,0,0,630.28,0,0,3450,0,0,0,0,1,0,0,0,0,135,0,-0.43,0,0.76,1.17,-0.96,8.37,0.99,-0.06,-1,0.04,0.01,0,-0.83,-0.02,-0.38,0,0.08,1.49,1.32,1,0,-0.1,-1,-0.02,1.15,0,-1,-0.99,0,2.24,0,4.08,0,0,0,-0.45,-0.02,-0.05,0,0,-0.28,-0.42,0,-0.96,0.04,0,-1,0,-0.67,1.18,-0.73,-0.95,0,-0.5,0,0.75,-0.31,-0.25,0,-1,0,0,0,-1,-0.99,0,-0.95,0,0,-1,-0.9,-1,0,235000,-0.95,0,-1,0,-0.75,-1,-1,0,0,0,-0.75,-0.75,-0.14,0,-0.46,-0.92,0,0,0,0,0,0,0,1.17,-0.98,-1,0.17,-1,0,0,-0.67,0,0,0,0,0,0,0,-1,0,0,0,0,0,0,-1,0,0,0,0,0,0,0,-1,0,0,0,0,0,0,0,0,0,0,0,0,0,0,0,0,0,0
9712,NON-FINANCIAL CORPORATION,B,Retail/BBG Commercial,UNSPECIFIED,UNSPECIFIED,12/27/2024,0,0,0,0,0,0,0,0,0,0,0,0,0,0,0,0,0,0,0,0,0,0,0,0,0,0,0,0,0,0,0,0,0,0,0,0,0,0,0,0,0,0,0,0,0,0,0,0,0,0,0,0,0,0,0,0,0,0,0,0,0,0,0,0,0,0,0,0,0,0,0,0,0,0,0,0,0,0,0,0,0,0,0,0,0,0,0,0,0,0,0,0,0,0,0,0,0,0,0,0,0,0,0,0,0,0,0,0,0,0,0,0,0,0,0,0,0,0,0,0,0,0,0,0,0,0,0,0,0,0,0,0,0,0,0,0,0,0,0,0,0,0,0,0,0,0,0,0,0,0,0,0,0,0,0,0,0,0,0,0,0,0,0,0
1781,SOLE PROPRIETORSHIP,B,UNSPECIFIED,"Professional, Scientific & Technical Activities",Active,12/27/2024,0,0,0,24473.4,0,0,115667.27,0,0,0,0,0,0,0,0,0,4,0,0,0,0,0,-1,13.62,13.62,0,0,0.43,-0.17,0,0,-0.8,0,0,0,0,0.43,9,1,0,-1,0,0.93,0,-1,0,0,0,0,3.8,0,0,0,-0.61,-0.8,-0.2,0,0,0,-0.56,0,-1,0,0,-1,0,-0.78,243595.67,-0.81,-1,0,-0.57,0,0.8,0,-0.57,0,-1,0,0,0,-1,0,0,0,0,0,0,0,0,0,50000,-1,0,0,0,0,0,-1,0,0,0,-1,-0.79,-0.2,0,-0.78,0,0,0,0,0,8,0,0,6,-1,0,0,-1,0,0,-1,0,0,0,0,0,0,0,0,0,0,0,0,0,0,0,0,0,0,0,0,0,0,-1,0,0,0,0,0,0,0,0,0,0,0,0,0,0,0,0,0,0
6500,SOLE PROPRIETORSHIP,B,Retail/BBG Commercial,UNSPECIFIED,UNSPECIFIED,12/27/2024,0,0,0,182561.1,0,0,1580340.75,0,0,0,1,0,0,0,0,0,162,0,18.28,0,8.71,11.97,2.53,18180.82,92.42,0.05,3.07,1.02,1.02,0,0.33,7.93,19.12,0,0.04,0.59,1.02,1,0,1.54,0,0.1,7.93,0,-1,-0.02,0.13,0.85,0,0,0,0,0,92.42,7.93,0.16,1,0,0.2,96.58,0,-0.6,0.18,0,-1,0,47.79,96.58,45.71,-0.99,3,1,0,0,0.18,1.5,0,0,0,0,0,0,0,92.42,0,0,0,0,0,0,0,4841000,0,0,-0.6,0,0,-0.8,92.42,0,0,1,0,0.5,-0.24,0,0.45,0,0,0,0,0,0,0,0,1.5,-0.6,0,0.25,-0.6,0,0,-0.6,0,0,1,0,0,0,0,0,0,0,0,0,0,1,1,0,0,0,0,0,0,0,1,0,0,1,0,0,0,0,0,0,0,0,0,0,0,0,0,0,0
9580,SOLE PROPRIETORSHIP,UNSPECIFIED,UNSPECIFIED,UNSPECIFIED,UNSPECIFIED,12/27/2024,0,0,0,0,0,0,0,0,0,0,0,0,0,0,0,0,0,0,0,0,0,0,0,0,0,0,0,0,0,0,0,0,0,0,0,0,0,0,0,0,0,0,0,0,0,0,0,0,0,0,0,0,0,0,0,0,0,0,0,0,0,0,0,0,0,0,0,0,0,0,0,0,0,0,0,0,0,0,0,0,0,0,0,0,0,0,0,0,0,0,0,0,0,0,0,0,0,0,0,0,0,0,0,0,0,0,0,0,0,0,0,0,0,0,0,0,0,0,0,0,0,0,0,0,0,0,0,0,0,0,0,0,0,0,0,0,0,0,0,0,0,0,0,0,0,0,0,0,0,0,0,0,0,0,0,0,0,0,0,0,0,0,0,0
3732,NON-FINANCIAL CORPORATION,M,UNSPECIFIED,Wholesale and Retail trade; Repair of Motor Vehicles and Motorcycles,UNSPECIFIED,12/27/2024,0,0,0,2.12E+07,0,1,4.48E+08,1.24E+08,7692307.69,0,1,0,1.20E+08,2.66E+08,4.00E+07,0,99,-5.35E+08,0.01,11,0.04,0.03,-0.42,0.31,0.22,-0.01,0.14,0.11,-0.01,0.33,0.15,-0.16,0.02,2,-0.02,0.11,0.13,0.89,1,0.1,0.03,-0.05,0.67,0,-0.27,-0.33,-0.01,0.2,2.6,0,0,0,0,0.02,-0.3,-0.23,0,1.2,0,-0.03,0,-0.3,-0.01,-0.31,-0.27,-1,-0.12,0.23,-0.12,-0.2,0,0.3,0,0,0.03,0.17,-0.48,-1,1,-0.2,-4802333.33,2,0.16,0,0,0,0,0,-0.24,-0.01,0,6006472,-0.23,0,-0.02,0,-0.16,0.17,34.29,0,0,0,0.02,0.16,-0.23,0,0.02,0.12,0,0,0,0,0,0,0,0.17,-0.3,0.18,0.75,-0.25,0,0,-0.13,0,0,0,0,0,0,0,0.29,0,0,0,0,0,3,-0.25,0,0,0,0,0,0,0,0.33,0,0,0,0,0,0,0,0,0,0,0,0,0,0,0,0,0,0
2688,SOLE PROPRIETORSHIP,B,UNSPECIFIED,Wholesale and Retail trade; Repair of Motor Vehicles and Motorcycles,Active,12/27/2024,0,0,0,49503.28,0,0,0,0,0,0,1,0,0,0,0,0,31,0,0,0,0,0,0,0,0,0,0,0,0,0,0,0,0,0,0,0,0,0,1,0,0,0,0,0,0,0,0,0,0,0,0,0,0,0,0,0,0,0,0,0,0,0,0,0,0,0,0,0,0,0,0,0,0,0,0,0,0,0,0,0,0,0,0,0,0,0,0,0,0,0,0,0,0,0,0,0,0,0,0,0,0,0,0,0,0,0,0,0,0,0,0,0,0,0,0,0,0,0,0,0,0,0,0,0,0,0,0,0,0,0,0,0,0,0,0,0,0,0,0,0,0,0,0,0,0,0,0,0,0,0,0,0,0,0,0,0,0,0,0,0,0,0,0,0
400,NON-FINANCIAL CORPORATION,M,UNSPECIFIED,Manufacturing,UNSPECIFIED,12/27/2024,0,0,0,3.03E+07,0,0,1.09E+08,0,1.15E+07,0,1,0,1.04E+07,1.31E+07,0,0,150,-9.30E+08,0.07,0,0,0,2.2,0.95,0.45,0.03,-0.69,0.06,-0.16,0,-0.4,1.22,0.54,0,0.01,0.11,0.24,0.14,0,0.01,-0.06,-0.1,1.22,0,-0.25,-0.28,0,0.11,1.7,0,0,0,0,0.45,1.22,-0.24,2,1.55,-0.01,2.39,0,0.44,0,1.7,0.15,0,0.99,2.39,0.3,-0.53,1090,0.03,0.06,0,0.39,1.31,-0.41,0.06,0,1.13,0,0.16,2.14,0.58,1.69,0,0,0.89,2.08,0.64,0,7.61E+08,0.98,0,0.28,0,1.64,2.98,1.37,0,0,0,0.48,-0.02,-0.24,0,0.48,0.85,0,0,0,0,0,0,0,1.55,-0.65,0.2,0,0.67,0,-0.12,-0.36,0,0,0,0,0,0,0,6.22,0,0,0,0,0,0,-0.07,0,0,0,0,0,0,0,-0.04,0,0,0,0,0,0,0,0,0,0,0,0,0,0,0,0,0,0
4323,NON-FINANCIAL CORPORATION,B,Retail/BBG Commercial,Administrative and Support Service Activities,UNSPECIFIED,12/27/2024,0,0,0,26262.82,0,0,0,0,76923.08,0,1,0,0,0,0,0,99,0,0,0,0,0,-0.06,0,0,0,-0.06,0.01,0,0,-0.05,0,0,0,0,0,0.01,0,0,-0.01,0,0,0.01,0,0,-0.03,0,-0.01,0,0,0,0,0,0,0,-0.01,0,0,0,0,0,-0.05,0,0,0,0,0,0,0,0,0,0,0,0,0,0,0,0,0,0,0,0,0,0,0,0,0,0,0,0,0,0,0,0,0,0,0,0,0,0,0,0,0,0,-0.01,0,0,0,0,0,1,0,0,0,0,0,-0.05,0,0,0,0,0,0,0,0,0,0,0,0,0,0,0,0,0,0,0,0,0,0,0,0,0,0,0,0,0,0,0,0,0,0,0,0,0,0,0,0,0,0,0,0,0,0,0
6585,SOLE PROPRIETORSHIP,B,UNSPECIFIED,Wholesale and Retail trade; Repair of Motor Vehicles and Motorcycles,Active,12/27/2024,0,0,0,14074.6,0,0,71000.07,0,0,0,1,0,0,0,0,0,4,0,0,0,0,0,-0.42,15.8,15.8,0,0,2.6,0.41,0,0,3.94,0,0,0,0,2.6,5,1,0,-0.67,0,5.2,0,-1,0,0,0,0,0,0,0,0,15.8,3.94,-0.16,0,0,0,3.64,0,-0.88,0,0,-0.79,0,1.44,3.64,7.5,-0.77,0,5,0,0,0,6,0,0,0,0,0,0,0,0,0,0,0,0,0,0,0,0,0.07,0,0,0,0,0,0,0,0,0,3,2.17,-0.19,0,2.79,0,0,0,0,0,0,0,0,6,-0.88,0,0,2.5,0,0,-0.43,0,0,0,0,0,0,0,0,0,0,0,0,0,0,0,0,0,0,0,0,0,0,1,0,0,0,0,0,0,0,0,0,0,0,0,0,0,0,0,0,0
4704,SOLE PROPRIETORSHIP,B,UNSPECIFIED,Mining and Quarrying,Active,12/27/2024,0,0,0,35440,0,0,3400,1133.33,76923.08,0,1,0,0,0,0,0,12,0,0,0,0,0,0.34,-1,-1,0.02,0.34,0.05,0.05,-1,0.34,0.2,0,-1,0.02,0.03,0.05,-1,1,0.06,-1,0.02,0.2,0,-1,0.34,0,0.04,0,0,0,0,0,-1,0.2,0.03,0,0,0,0,0,0.11,0,0,-1,0,0,0,0,0,0,-1,0,0,0,0,0,0,0,0,0,0,0,0,0,0,0,0,0,0,0,0,0,0,0,0,0,0,0,0,0,0,0,0,0,0,0,0,0,0,0,0,0,0,0,0,0,0,0,0,0,0,0,0,0,0,0,0,0,0,0,0,0,0,0,0,0,0,0,0,0,0,0,0,0,0,0,0,0,0,0,0,0,0,0,0,0,0,0,0,0,0,0,0
158,SOLE PROPRIETORSHIP,UNSPECIFIED,UNSPECIFIED,UNSPECIFIED,UNSPECIFIED,12/27/2024,0,0,0,0,0,0,0,0,0,0,0,0,0,0,0,0,0,0,0,0,0,0,0,0,0,0,0,0,0,0,0,0,0,0,0,0,0,0,0,0,0,0,0,0,0,0,0,0,0,0,0,0,0,0,0,0,0,0,0,0,0,0,0,0,0,0,0,0,0,0,0,0,0,0,0,0,0,0,0,0,0,0,0,0,0,0,0,0,0,0,0,0,0,0,0,0,0,0,0,0,0,0,0,0,0,0,0,0,0,0,0,0,0,0,0,0,0,0,0,0,0,0,0,0,0,0,0,0,0,0,0,0,0,0,0,0,0,0,0,0,0,0,0,0,0,0,0,0,0,0,0,0,0,0,0,0,0,0,0,0,0,0,0,0
8341,SOLE PROPRIETORSHIP,B,UNSPECIFIED,Financial and Insurance Activities,Active,12/27/2024,0,0,0,47764.2,0,0,0,28888.89,0,0,1,0,0,0,0,0,45,0,0,0,0,0,0,-0.87,-0.87,-0.01,-0.81,-0.08,-0.15,-1,-0.72,0,0,-1,-0.05,-0.04,0.13,1,1,-0.17,0,-0.13,0.34,0,-1,-0.72,0,-0.06,0,0,0,0,0,0,0,-0.22,0,0,0,0,0,0,0,0,0,-1,0,-1,0,-1,0,0,0,0,0,0,0,0,0,0,-560000,-1,0,0,0,0,0,-1,0,0,0,140000,0,0,0,0,0,0,-1,0,0,0,0,0,-0.22,0,0,-1,0,0,0,0,0,0,0,-1,-0.73,0,0,0,0,0,0,0,0,0,0,0,0,0,0,0,0,0,0,0,0,0,0,0,0,0,0,0,0,0,0,0,0,0,0,0,0,0,0,0,0,0,0,0,0,0,0,0
9362,NON-FINANCIAL CORPORATION,B,Retail/BBG Commercial,Financial and Insurance Activities,UNSPECIFIED,12/27/2024,724302.35,0,0,1763762.71,0,0,1449768.7,0,1153846.15,0,0,0,0,0,0,0,131,-1000000,0,0,0,0,-1,26125.28,2220.88,1.82,-1,21.78,-0.09,0,-1,5.2,0,0,2.63,1.06,21.78,1.33,0,0.84,-1,4.16,5.2,0,-1,-1,0,0.52,-1,0,0,0,0,2220.88,5.2,-0.95,0,0,0,-1,1,-1,0,0,-1,0,0,-1,1109.94,-1,0,1.33,0,0,0,-1,0,0,0,0,0,0,0,0,-1,0,0,0,0,-1,0,0,0,0,-1,0,-1,0,0,0,0,0,0,0.17,-0.95,0,0,0,0,0,0,0,0,0,0,0,-1,-1,0,-1,0,0,-1,0,0,0,0,0,0,0,0,0,0,0,0,0,0,-1,0,0,0,0,0,0,0,-1,0,0,0,0,0,0,0,0,0,0,0,0,0,0,0,0,0,0
6754,NON-FINANCIAL CORPORATION,B,Retail/BBG Commercial,Real Estate Activities,UNSPECIFIED,12/27/2024,0,0,0,215408.16,0,0,2,0,76923.08,0,0,0,0,0,0,0,46,0,0,0,0,0,-0.84,-0.8,-0.8,-0.01,-0.84,0,0,0,-0.84,0,0,0,-0.02,-0.08,0,0,0,-0.17,0,-0.03,0,0,-0.8,-0.84,0,-0.1,0,0,0,0,0,-0.8,0,-0.14,0,0,0,0,0,-0.84,0,0,-0.8,0,0,0,0,0,2,0,0,0,0,0,0,0,0,0,0,0,0,-0.8,0,0,0,0,0,0,0,6,0,0,0,0,0,0,-0.8,0,0,0,0,0,-0.14,0,0,0,0,0,0,0,0,0,0,0,-0.84,0,0,0,0,0,0,0,0,0,0,0,0,0,0,0,0,0,0,0,0,0,0,0,0,0,0,0,0,0,0,0,0,0,0,0,0,0,0,0,0,0,0,0,0,0,0,0
3271,SOLE PROPRIETORSHIP,B,Retail/BBG Commercial,Transportation and Storage,UNSPECIFIED,12/27/2024,0,0,0,0,0,0,0,0,153846.15,0,0,0,0,0,0,0,0,0,0,0,0,0,0,0,0,0,0,0,0,0,0,0,0,0,0,0,0,0,1,0,0,0,0,0,0,0,0,0,0,0,0,0,0,0,0,0,0,0,0,0,0,0,0,0,0,0,0,0,0,0,0,0,0,0,0,0,0,0,0,0,0,0,0,0,0,0,0,0,0,0,0,0,0,0,0,0,0,0,0,0,0,0,0,0,0,0,0,0,0,0,0,0,0,0,0,0,0,0,0,0,0,0,0,0,0,0,0,0,0,0,0,0,0,0,0,0,0,0,0,0,0,0,0,0,0,0,0,0,0,0,0,0,0,0,0,0,0,0,0,0,0,0,0,0
4994,SOLE PROPRIETORSHIP,UNSPECIFIED,UNSPECIFIED,UNSPECIFIED,UNSPECIFIED,12/27/2024,0,0,0,0,0,0,0,0,0,0,0,0,0,0,0,0,0,0,0,0,0,0,0,0,0,0,0,0,0,0,0,0,0,0,0,0,0,0,0,0,0,0,0,0,0,0,0,0,0,0,0,0,0,0,0,0,0,0,0,0,0,0,0,0,0,0,0,0,0,0,0,0,0,0,0,0,0,0,0,0,0,0,0,0,0,0,0,0,0,0,0,0,0,0,0,0,0,0,0,0,0,0,0,0,0,0,0,0,0,0,0,0,0,0,0,0,0,0,0,0,0,0,0,0,0,0,0,0,0,0,0,0,0,0,0,0,0,0,0,0,0,0,0,0,0,0,0,0,0,0,0,0,0,0,0,0,0,0,0,0,0,0,0,0
7345,SOLE PROPRIETORSHIP,B,UNSPECIFIED,Wholesale and Retail trade; Repair of Motor Vehicles and Motorcycles,Active,12/27/2024,0,0,0,2300.72,0,0,4336.67,0,0,0,0,0,0,0,0,0,6,-60000,0,0,0,0,-0.98,11.01,11.01,0,-1,-0.13,-0.15,0,0,-0.56,-0.37,0,0,0,-0.09,3,1,-0.56,-1,-0.19,-0.14,0,-1,0,0,0,1,0,0,0,0,11.01,-0.56,-0.36,0,1,0,0,0,-0.96,0,0,-1,0,-0.45,0,5.01,-0.91,1,3,-1,0,-0.17,0,-1,0,0,0,-20000,0,0,-1,0,0,0,-0.98,0,0,0,90000,-0.91,0,0,0,0,0,0.08,0,0,0,-0.5,1,-0.36,0,-0.25,-0.67,0,0,0,0,0,0,0,0,-0.96,0,0.14,-1,0,-1,-0.5,0,0,0,0,0,0,0,0,0,0,0,0,0,0,0,0,0,0,0,0,0,0,-1,0,0,0,0,0,0,0,0,0,0,0,0,0,0,0,0,0,0
8149,NON-FINANCIAL CORPORATION,B,Retail/BBG Commercial,Accommodation and Food Service Activities,UNSPECIFIED,12/27/2024,0,0,0,0,0,0,0,52500,0,0,0,0,0,1432053.77,0,0,0,-62286.47,0,0,0,0,0,0.36,-0.83,-0.33,0,0.02,-0.54,0,0,0,0,-1,-0.36,0,0.02,0.5,1,0,0,-0.4,-4.74,0,-0.83,0,0,0,-1,0,0,0,0,0,0,-1.08,0,0,0,0,0,0,0,0,0,2,0,-0.82,0,-0.82,0,0,0,0,0,0,0,-0.67,0,0,-1906000,0.25,0,0,0,0,0,0,0,0,0,2287700,0,0,0,0,0,0,0.45,0,0,0,0,0,-1.08,0,0,0,0,0,0,0,0,0,0,0.53,-4.74,0,0,0,0,0,0,0,0,1,0,0,0,0,0,0,0,0,0,0,0,0,0,0,0,0,0,0,0,0,0,0,0,0,0,0,0,0,0,0,0,0,0,0,0,0,0,0
445,NON-FINANCIAL CORPORATION,UNSPECIFIED,UNSPECIFIED,UNSPECIFIED,UNSPECIFIED,12/27/2024,0,0,0,0,0,0,0,0,0,0,0,0,0,0,0,0,0,0,0,0,0,0,0,0,0,0,0,0,0,0,0,0,0,0,0,0,0,0,0,0,0,0,0,0,0,0,0,0,0,0,0,0,0,0,0,0,0,0,0,0,0,0,0,0,0,0,0,0,0,0,0,0,0,0,0,0,0,0,0,0,0,0,0,0,0,0,0,0,0,0,0,0,0,0,0,0,0,0,0,0,0,0,0,0,0,0,0,0,0,0,0,0,0,0,0,0,0,0,0,0,0,0,0,0,0,0,0,0,0,0,0,0,0,0,0,0,0,0,0,0,0,0,0,0,0,0,0,0,0,0,0,0,0,0,0,0,0,0,0,0,0,0,0,0
1705,NON-FINANCIAL CORPORATION,UNSPECIFIED,UNSPECIFIED,UNSPECIFIED,UNSPECIFIED,12/27/2024,0,0,0,0,0,0,0,0,0,0,0,0,0,0,0,0,0,0,0,0,0,0,0,0,0,0,0,0,0,0,0,0,0,0,0,0,0,0,0,0,0,0,0,0,0,0,0,0,0,0,0,0,0,0,0,0,0,0,0,0,0,0,0,0,0,0,0,0,0,0,0,0,0,0,0,0,0,0,0,0,0,0,0,0,0,0,0,0,0,0,0,0,0,0,0,0,0,0,0,0,0,0,0,0,0,0,0,0,0,0,0,0,0,0,0,0,0,0,0,0,0,0,0,0,0,0,0,0,0,0,0,0,0,0,0,0,0,0,0,0,0,0,0,0,0,0,0,0,0,0,0,0,0,0,0,0,0,0,0,0,0,0,0,0
6867,NON-FINANCIAL CORPORATION,M,UNSPECIFIED,Real Estate Activities,Active,12/27/2024,0,0,0,1.16E+08,0,0,2.05E+07,4.30E+07,0,0,1,0,6.00E+07,6.00E+07,0,-2316406.67,126,-1.26E+08,0,0,519.66,486.07,0.1,184471.85,184471.85,0.07,1.6,0.18,0.14,0.5,1.36,0.12,721.49,2,0.1,0.43,0.23,3,2,0.31,3,0.09,0.91,0,-1,12.13,1.15,0.21,6.78,0,0,1,0,184471.85,-0.02,0.09,1,2,0,230.88,0,-0.02,0.74,2.62,184471.85,0,116.68,3376.06,0,-1,0,3,0,0,1.04,6,2.62,0,0,2,-1181457.68,0,68.94,0,-0.59,0,0,-0.65,2,0,0,0,807.42,0,0,0,-0.5,0,0,0,0,0,5,0,0,0,2.93,0,0,0,0,0,0,0,0,6,-0.35,0,0,0,0,0,-0.14,0,0,0,0,0,0,0,0,0,0,0,0,0,0,0,0,0,0,0,0,0,0,0,0,0,0,0,0,0,0,0,0,0,0,0,0,0,0,0,0,0
4728,SOLE PROPRIETORSHIP,B,Retail/BBG Commercial,Information and Communication,UNSPECIFIED,12/27/2024,0,0,0,20035.63,0,0,126218.33,54182.37,0,0,0,0,0,0,0,0,14,-3614957.09,0.81,0,0.24,0.27,-0.85,4.96,4.96,-0.12,-0.96,-0.02,-0.4,-1,-0.99,0.51,0.23,6,-0.12,1.31,0.36,2,0,2.25,-0.4,-0.29,13.33,0,-0.93,-0.97,0.17,1.55,1.24,0,0,2,0,0.77,0.51,-0.87,0,0,0.27,2.38,0,-0.9,0.11,-1,-0.59,1.43,0.83,2.38,0.09,-0.79,4,0,1,0,0.14,0.17,-1,1,0,-1,-5643194,1,-0.91,0.07,-0.9,0,-91009.3,-0.76,-0.46,-0.92,0,7671615,-0.05,0,-0.76,0,-0.71,-0.93,3.03,0,0,1,-0.22,-0.2,-0.87,0,-0.08,-0.59,0,0,0,0,0,0,0,2,-0.91,-0.82,0.17,-0.28,0,-0.5,-0.33,0,0,0,0,0,0,0,-0.73,0,0,0,0,0,0,-0.7,0,0,0,0,0,0,0,-0.4,0,0,0,0,0,0,0,0,0,0,0,0,0,0,0,0,0,0
7650,NON-FINANCIAL CORPORATION,B,Retail/BBG Commercial,Manufacturing,UNSPECIFIED,12/27/2024,0,0,0,98651.93,0,0,8003.77,0,76923.08,0,1,0,0,0,0,0,67,0,0,0,0,0,-0.68,-0.69,-0.69,0.08,-0.52,0.31,0.05,0,-0.15,-0.39,0,0,0.11,0.05,0.31,-0.67,1,-0.05,-1,0.14,0.75,0,-1,-0.15,0,0.06,0,0,0,0,0,-1,-0.39,-0.01,0,0,0,0.02,0,-0.49,0,0,-1,0,-0.26,1.07,0,-0.55,1,-1,-1,0,0,0,0,-0.5,0,0,0,-0.5,0,-1,0,0,-263256.28,0,0,0,0,252000,-0.54,0,-1,-183897.21,0,0,-0.69,0,-263256.28,0,-0.5,0,-0.01,0,-0.25,0,0,0,0,0,0,0,0,1,-0.49,0,0,-1,0,-1,-0.5,0,0,0,0,0,0,0,0,0,0,0,0,0,0,0,0,0,0,0,0,0,0,0,0,0,0,0,0,0,0,0,0,0,0,0,0,0,0,0,0,0
9611,FINANCIAL CORPORATION (NON-BANK),UNSPECIFIED,UNSPECIFIED,UNSPECIFIED,UNSPECIFIED,12/27/2024,0,0,0,0,0,0,0,0,0,0,0,0,0,0,0,0,0,0,0,0,0,0,0,0,0,0,0,0,0,0,0,0,0,0,0,0,0,0,0,0,0,0,0,0,0,0,0,0,0,0,0,0,0,0,0,0,0,0,0,0,0,0,0,0,0,0,0,0,0,0,0,0,0,0,0,0,0,0,0,0,0,0,0,0,0,0,0,0,0,0,0,0,0,0,0,0,0,0,0,0,0,0,0,0,0,0,0,0,0,0,0,0,0,0,0,0,0,0,0,0,0,0,0,0,0,0,0,0,0,0,0,0,0,0,0,0,0,0,0,0,0,0,0,0,0,0,0,0,0,0,0,0,0,0,0,0,0,0,0,0,0,0,0,0
4307,SOLE PROPRIETORSHIP,B,Retail/BBG Commercial,Wholesale and Retail trade; Repair of Motor Vehicles and Motorcycles,UNSPECIFIED,12/27/2024,0,0,0,50237.35,0,0,0,0,7692.31,0,1,0,0,0,0,0,58,0,0,0,0,0,0,-1,0,0,-0.01,0,0,0,-0.01,0,0,0,0,0,0.01,0,0,0,0,0,0,0,0,-0.01,0,0,0,0,0,0,0,0,0,0,1,0,0,0,1,0,0,0,0,0,0,-1,0,-1,0,0,0,0,0,0,0,0,0,0,0,0,0,0,0,0,0,0,0,0,0,0,0,0,0,0,0,0,0,0,0,0,0,0,-0.01,0,0,0,0,0,0,0,0,0,0,-1,-0.01,0,0.08,0,0,0,0,0,0,0,0,0,0,0,0,0,0,0,0,0,0,0,0,0,0,0,0,0,0,0,0,0,0,0,0,0,0,0,0,0,0,0,0,0,0,0,0,0
229,NON-FINANCIAL CORPORATION,B,Retail/BBG Commercial,Wholesale and Retail trade; Repair of Motor Vehicles and Motorcycles,UNSPECIFIED,12/27/2024,0,0,0,927324.15,0,1,942943.89,0,384615.38,0,1,0,0,0,0,0,138,-5750000,0,0,0,0,4.1,34.64,-1,0.02,4.11,0.15,0.15,0,0.98,30.98,0,-1,-0.05,3.33,0.65,0,0,6.03,0,-0.12,30.98,0,-1,-0.84,0,4.69,-1,0,0,0,0,-1,30.98,-0.33,1,0,0,0,0,-0.84,0,0,-1,0,0,0,0,0,0,0,0,0,0,0,0,-1,0,0,0,-1,0,0,0,0,0,0,0,0,0,5864.5,0,0,-0.98,0,0,-1,-1,0,0,0,0,0,-0.37,0,0,0,0,0,0,0,0,0,0,0,-0.84,0,0,0,0,0,0,0,0,0,0,0,0,0,-0.5,0,0,0,0,0,0,0,0,0,0,0,0,0,0,0,0,0,0,0,0,0,0,0,0,0,0,0,0,0,0,0,0,0
9741,SOLE PROPRIETORSHIP,UNSPECIFIED,UNSPECIFIED,UNSPECIFIED,UNSPECIFIED,12/27/2024,0,0,0,0,0,0,0,0,0,0,0,0,0,0,0,0,0,0,0,0,0,0,0,0,0,0,0,0,0,0,0,0,0,0,0,0,0,0,0,0,0,0,0,0,0,0,0,0,0,0,0,0,0,0,0,0,0,0,0,0,0,0,0,0,0,0,0,0,0,0,0,0,0,0,0,0,0,0,0,0,0,0,0,0,0,0,0,0,0,0,0,0,0,0,0,0,0,0,0,0,0,0,0,0,0,0,0,0,0,0,0,0,0,0,0,0,0,0,0,0,0,0,0,0,0,0,0,0,0,0,0,0,0,0,0,0,0,0,0,0,0,0,0,0,0,0,0,0,0,0,0,0,0,0,0,0,0,0,0,0,0,0,0,0
2319,NON-FINANCIAL CORPORATION,B,UNSPECIFIED,Transportation and Storage,Active,12/27/2024,0,0,0,1305206.04,0,0,6166486.8,144126.67,7692307.69,0,1,0,0,0,0,0,15,-1.67E+07,0.02,0,0.25,0.06,-0.18,2768.61,0.53,-0.06,-0.51,-0.02,-0.24,-1,-0.84,-0.06,-0.04,-1,-0.13,0.2,0.16,0.67,1,-0.1,0.33,-0.2,0.14,0,-0.31,-0.63,0.37,-0.17,3.63,0,0,22,0,0.18,-0.13,-0.26,0,0.75,0.15,0.11,0,-0.13,0.19,3.63,-0.15,2,0.02,0.25,0.01,-0.35,0,0.5,0,0,0.02,0.42,-0.04,0,0,0.75,-2.80E+07,0,0.77,0,-0.1,0,-1166200,-0.27,3.5,-0.44,0,502500,0.03,0,-0.1,0,0.69,0,499,0,-1166200,0,0.59,0.42,-0.27,0,0.27,-0.1,0,0,0,0,0,0,0,2.2,-0.51,1,0.08,0,0,0,0.12,0,0,1,0,0,0,0,0,0,0,1,0,0,0,0.33,0,0,0,0,0,0,0,1,0,0,0,0,0,0,0,0,0,0,0,0,0,0,0,0,0,0
7559,PARTNERSHIP,B,Retail/BBG Commercial,Wholesale and Retail trade; Repair of Motor Vehicles and Motorcycles,UNSPECIFIED,12/27/2024,0,0,0,25159.05,0,0,14070.68,13324.16,384615.38,0,1,0,0,0,0,0,175,0,0,0,0.29,0.44,-0.04,6.05,6.05,0,0.2,0.26,0.09,-1,0.13,0.33,0.46,0,0,0.04,0.26,1,0,0.17,-0.5,0.09,1,0,-1,-0.26,-0.01,0.1,0,0,0,0,0,6.05,0.33,0.03,1,0,0,0.76,0,-0.28,0.03,0,-0.65,0,0.1,3.29,2.7,-0.67,2,1,-1,0,0,0.5,0,-1,0,0,0,0,-0.08,-1,0.32,0,0,-0.48,-0.33,1,0,29500,-0.22,0,-0.66,0,0,0,1.1,0,0,0,0,0.25,0.02,0,0.08,-0.2,0,0,0,0,0,0,0,0.5,-0.54,0,0,1.5,0,-1,-0.33,0,0,0,0,0,0,0,0,0,0,0,0,0,0,0,0,0,0,0,0,0,0,0,0,0,0,0,0,0,0,0,0,0,0,0,0,0,0,0,0,0
152,NON-FINANCIAL CORPORATION,B,UNSPECIFIED,"Professional, Scientific & Technical Activities",UNSPECIFIED,12/27/2024,0,0,0,1384618.18,0,0,5263599.59,3016941.98,384615.38,0,1,0,1654995.53,2712941.96,0,0,170,-9396167.07,0.26,0,0.19,0.18,1.59,1.34,1.34,0.09,0.84,0.25,0.25,1.22,6.94,2.31,0.11,3.6,0.08,0.48,0.26,1.6,0,0.42,-0.18,0.07,2.31,0,-0.44,6.58,0.08,0.51,2.83,0,0,2,0,1.34,-0.22,0.04,1,0.42,0.03,0.67,0,-0.22,0.06,0.24,-0.32,1,0.32,0.67,0.51,-0.32,1,-0.04,-1,0,-0.03,0.06,-0.17,-1,0,0,-1604138.5,-0.33,2.11,-1,1.02,0,0,0.35,0.22,1.84,0,4698000,0.62,0,0.51,0,0.06,2.19,-0.2,0,0,0,-0.15,-0.11,-0.13,0,-0.07,-0.31,0,0,0,0,0,0,0,0.55,-0.42,0.8,0,0.6,0,-1,-0.21,0,0,0,0,0,0,0,-0.47,0,0,0,0,0,0,-0.1,0,0,0,0,0,0,0,-0.22,0,0,0,0,0,0,0,0,0,0,0,0,0,0,0,0,0,0
8005,SOLE PROPRIETORSHIP,B,UNSPECIFIED,Wholesale and Retail trade; Repair of Motor Vehicles and Motorcycles,Active,12/27/2024,0,0,0,149985.77,0,0,38341.64,24444.44,230769.23,0,1,0,0,0,0,0,11,0,0,0,0.52,0.44,-0.01,3668.72,3668.72,0.06,0,0.06,0,-1,-0.16,0,0.41,0,0.02,0.08,0.29,0,1,0.01,-1,-0.01,0.23,0,-1,0.89,0.17,-0.02,0,0,0,0,0,-1,0,-0.02,0,0,0,0.58,0,-0.01,0.19,0,-1,0,-0.11,2.7,0,-0.8,0,-1,0,0,0.2,1,0,0,0,0,0,0,-0.65,0,-0.55,0,0,-0.65,-0.33,-0.7,0,0,-0.68,0,-0.73,0,0,-0.9,0,0,0,0,0,0,-0.04,0,0.25,0,0,0,0,0,0,0,0,1,-0.12,1,0,-0.85,0,0,-0.5,0,0,0,0,0,0,0,1,0,0,0,0,0,0,1,0,0,0,0,0,0,0,1,0,0,0,0,0,0,0,0,0,0,0,0,0,0,0,0,0,0
9144,SOLE PROPRIETORSHIP,UNSPECIFIED,UNSPECIFIED,UNSPECIFIED,UNSPECIFIED,12/27/2024,0,0,0,0,0,0,0,0,0,0,0,0,0,0,0,0,0,0,0,0,0,0,0,0,0,0,0,0,0,0,0,0,0,0,0,0,0,0,0,0,0,0,0,0,0,0,0,0,0,0,0,0,0,0,0,0,0,0,0,0,0,0,0,0,0,0,0,0,0,0,0,0,0,0,0,0,0,0,0,0,0,0,0,0,0,0,0,0,0,0,0,0,0,0,0,0,0,0,0,0,0,0,0,0,0,0,0,0,0,0,0,0,0,0,0,0,0,0,0,0,0,0,0,0,0,0,0,0,0,0,0,0,0,0,0,0,0,0,0,0,0,0,0,0,0,0,0,0,0,0,0,0,0,0,0,0,0,0,0,0,0,0,0,0
1174,SOLE PROPRIETORSHIP,UNSPECIFIED,UNSPECIFIED,UNSPECIFIED,UNSPECIFIED,12/27/2024,0,0,0,0,0,0,0,0,0,0,0,0,0,0,0,0,0,0,0,0,0,0,0,0,0,0,0,0,0,0,0,0,0,0,0,0,0,0,0,0,0,0,0,0,0,0,0,0,0,0,0,0,0,0,0,0,0,0,0,0,0,0,0,0,0,0,0,0,0,0,0,0,0,0,0,0,0,0,0,0,0,0,0,0,0,0,0,0,0,0,0,0,0,0,0,0,0,0,0,0,0,0,0,0,0,0,0,0,0,0,0,0,0,0,0,0,0,0,0,0,0,0,0,0,0,0,0,0,0,0,0,0,0,0,0,0,0,0,0,0,0,0,0,0,0,0,0,0,0,0,0,0,0,0,0,0,0,0,0,0,0,0,0,0
5991,PARTNERSHIP,B,Retail/BBG Commercial,UNSPECIFIED,UNSPECIFIED,12/27/2024,0,0,0,5280.65,0,0,0,0,76923.08,0,1,1,0,0,0,0,106,0,0,0,0,0,0,0,0,0,0,0,0,0,0,0,0,0,0,0,0,0,0,0,0,0,0,0,0,0,0,0,0,0,0,0,0,0,0,0,0,0,0,0,0,0,0,0,0,0,0,0,0,0,0,0,0,0,0,0,0,0,0,0,0,0,0,0,0,0,0,0,0,0,0,0,0,0,0,0,0,0,0,0,0,0,0,0,0,0,0,0,0,0,0,0,0,0,0,0,0,0,0,0,0,0,0,0,0,0,0,0,0,0,0,0,0,0,0,0,0,0,0,0,0,0,0,0,0,0,0,0,0,0,0,0,0,0,0,0,0,0,0,0,0,0,0,0
4873,SOLE PROPRIETORSHIP,B,UNSPECIFIED,Accommodation and Food Service Activities,Active,12/27/2024,0,0,0,106515.92,0,0,20170.29,4055.56,0,0,1,0,0,27939.74,0,0,19,0,0.15,0,0,0,0.02,23.6,1.59,0.07,-0.19,0.19,0.09,0,1.09,0.12,0,-1,0.1,0.09,0.23,8.5,1,-0.04,-0.13,0.1,0.12,0,-0.65,1.1,0,0.12,0,0,0,0,0,1.59,0.12,0.03,0,0,-0.03,-1,0,-0.08,0,0,-0.48,0,0,-0.32,0.56,-1,0,0.15,0,0,0,-1,0,0,0,0,0,0,5.98,0,7.47,0,-193000,0,0.67,13.46,0,0,2.95,0,-0.41,-60500,0.25,0,0,0,-129000,0,1.5,0.01,0.03,0,0,0,0,0,0,0,0,0,0,1,-0.17,6.5,0,0.35,0,0,-1,0,0,0,0,0,0,0,0,0,0,0,0,0,0,-0.25,0,0,0,0,0,0,0,0,0,0,0,0,0,0,0,0,0,0,0,0,0,0,0,0,0,0
7445,SOLE PROPRIETORSHIP,B,Retail/BBG Commercial,"Professional, Scientific & Technical Activities",Active,12/27/2024,0,0,0,334287.14,0,0,18.83,44444.44,0,0,1,0,0,0,0,0,37,0,0,0,1.5,1.46,-0.08,8002.2,-1,0.02,0.09,0.06,0.06,-1,-0.02,-0.04,-0.23,-1,0.01,0.03,0.1,1,1,0.03,0,0.03,0.28,0,-1,0.09,-0.01,0.02,0,0,0,0,0,0,-0.04,0.06,0,0,0,0.11,0,-0.04,-0.06,0,0,0,-0.31,0.34,0,-0.95,0,0,0,0,-0.11,0.13,0,0,0,0,0,0,-0.71,0,-0.93,0,0,-0.98,-0.67,0,0,0,-0.69,0,-1,0,-0.67,0,0,0,0,0,-0.63,0,0,0,-0.27,-0.67,0,0,0,0,0,0,0,0.56,-0.04,0,0,0,0,0,-0.67,0,0,0,0,0,0,0,0,0,0,0,0,0,0,-0.5,0,0,0,0,0,0,0,0,0,0,0,0,0,0,0,0,0,0,0,0,0,0,0,0,0,0
472,SOLE PROPRIETORSHIP,B,Retail/BBG Commercial,Other Service Activities,Active,12/27/2024,0,0,0,500399.5,0,0,0,0,115384.62,0,1,0,0,0,0,0,34,0,0,0,0,0,0,0,0,0,0,0,0,0,0,0,0,0,0,0,0,0,1,0,0,0,0,0,0,0,0,0,0,0,0,0,0,0,0,0,0,0,0,0,0,0,0,0,0,0,0,0,0,0,0,0,0,0,0,0,0,0,0,0,0,0,0,0,0,0,0,0,0,0,0,0,0,0,0,0,0,0,0,0,0,0,0,0,0,0,0,0,0,0,0,0,0,0,0,0,0,0,0,0,0,0,0,0,0,0,0,0,0,0,0,0,0,0,0,0,0,0,0,0,0,0,0,0,0,0,0,0,0,0,0,0,0,0,0,0,0,0,0,0,0,0,0,0
7994,SOLE PROPRIETORSHIP,B,UNSPECIFIED,Construction,UNSPECIFIED,12/27/2024,0,0,0,5591.85,0,0,10666.69,64280.95,230769.23,0,1,1,32000,283000,0,0,75,0,0,0,0,0,6.28,642782.71,-1,0,0.83,0.02,-0.12,0,-0.92,5.77,0,-0.5,-0.14,2.43,1.35,0,0,1.13,0,-0.24,5.77,0,-1,-0.13,0,0.46,0,2.25,0,0,0,-1,5.77,-0.4,0,0,0,1249999,0,0.08,0,0,-1,0,624999,1249999,0,-1,0,0,0,0.17,0,2,0,-1,0,0,0,-1,-1,0,-1,0,0,-1,-1,-1,0,30000,-1,0,0,0,-1,-1,-1,0,0,0,-1,0,-0.6,0,0.5,-1,0,0,0,0,0,0,0,3,-0.85,-0.75,0.42,0,0,0,-1,0,0,0,0,0,0,0,0,0,0,0,0,0,0,0,0,0,0,0,0,0,0,0,0,0,0,0,0,0,0,0,0,0,0,0,0,0,0,0,0,0
2367,PARTNERSHIP,B,Retail/BBG Commercial,Human Health and Social Work Activities,UNSPECIFIED,12/27/2024,0,0,0,338914.09,0,0,1348838.01,22211.11,15384.62,0,1,0,324598.14,324598.14,0,0,87,-3436118.44,0.12,0,0.38,0.57,-0.61,1.09,1.09,-0.01,-0.2,0.3,0.01,-1,-0.04,-0.37,0.91,-1,0.08,0.07,0.3,0.35,1,0.12,-0.14,0.13,1.51,0,-0.4,-0.19,0.37,0.11,3.7,0,0,56,0,0.22,-0.37,-0.04,0,1.14,-0.05,-0.15,0,-0.38,0.56,0,-0.16,1.5,-0.19,5.74,0.03,-0.77,91,0.09,0.17,0,0.9,-0.05,-0.35,0.17,0,-0.08,-5935609.74,0.26,-0.36,0.1,0.01,0,0,-0.02,-0.47,0.2,0,6048183.05,-0.34,0,0.11,0,-0.21,-0.21,3.21,0,0,0,-0.33,-0.03,-0.04,0,-0.17,-0.13,0,0,0,0,0,0,0,5.82,-0.38,-0.14,0,0.02,0,-0.26,-0.3,0,0,0,0,0,0,0,-0.31,0,0,0,0,0,0,-0.26,0,0,0,0,0,0,0,-0.07,0,0,0,0,0,0,0,0,0,0,0,0,0,0,0,0,0,0
7906,NON-FINANCIAL CORPORATION,B,UNSPECIFIED,Financial and Insurance Activities,Active,12/27/2024,0,0,1,100003.53,0,0,5.59,11111.11,0,0,1,0,0,0,0,0,119,0,0,0,0,0,0,-1,-1,0,0,0.65,0.13,-1,0,0,0,-1,0,0,0.65,-1,1,0,0,0,1.31,0,-1,0,0,0,0,0,0,0,1,0,0,0.06,0,0,0,0,0,0,0,0,0,0,0,0,0,0,0,0,0,0,0,0,0,0,0,0,0,0,0,0,0,0,0,0,0,0,0,0,0,0,0,0,0,0,0,0,0,0,0,0,0.06,0,0,0,0,0,0,0,0,0,0,0,0,0,0,0,0,0,0,0,0,0,0,0,0,0,0,0,0,0,0,0,0,0,0,0,0,0,0,0,0,0,0,0,0,0,0,0,0,0,0,0,0,0,0,0,0,0,0,0
2801,SOLE PROPRIETORSHIP,B,UNSPECIFIED,Wholesale and Retail trade; Repair of Motor Vehicles and Motorcycles,Active,12/27/2024,0,0,0,4514.24,0,0,0,0,15384.62,0,1,0,0,0,0,0,42,0,0,0,0,0,-0.21,0,0,-0.06,-0.38,-0.06,-0.08,0,-0.5,-0.11,0,0,-0.07,-0.08,-0.02,0,0,-0.09,0,-0.07,-0.07,0,0,-0.58,0,-0.08,0,0,0,0,0,0,-0.11,-0.09,1,0,0,0,1,-0.12,0,0,0,0,0,0,0,0,0,0,0,0,0,0,0,0,0,0,0,0,0,0,0,0,0,0,0,0,0,0,0,0,0,0,0,0,0,0,0,0,0,0,-0.09,0,0,0,0,0,0,0,0,0,0,0,-0.12,0,0,0,0,0,0,0,0,0,0,0,0,0,0,0,0,0,0,0,0,0,0,0,0,0,0,0,0,0,0,0,0,0,0,0,0,0,0,0,0,0,0,0,0,0,0,0
2623,SOLE PROPRIETORSHIP,B,Retail/BBG Commercial,UNSPECIFIED,UNSPECIFIED,12/27/2024,0,0,0,12281.09,0,0,0.61,0,769.23,0,1,1,0,0,0,0,94,0,0,0,0,0,0,-1,-1,0,0,0.01,0.01,0,0.04,0,0,0,0.01,0,0.01,0,0,0,0,0.01,0,0,-1,0.04,0,0.01,0,0,0,0,0,0,0,0,0,0,0,0,0,0,0,0,0,0,0,0,0,0,0,0,0,0,0,0,0,0,0,0,0,-1,0,0,0,0,0,0,0,0,0,500,0,0,0,0,0,0,-1,0,0,0,0,0,0,0,0,0,0,0,0,0,0,0,0,0,0,0,0,0,0,0,0,0,0,0,0,0,0,0,0,0,0,0,0,0,0,0,0,0,0,0,0,0,0,0,0,0,0,0,0,0,0,0,0,0,0,0,0,0,0,0,0,0
8421,SOLE PROPRIETORSHIP,B,Retail/BBG Commercial,UNSPECIFIED,UNSPECIFIED,12/27/2024,0,0,0,31052.66,0,0,11000,0,153846.15,0,0,0,0,0,0,0,55,-373725,0,0,-0.01,-0.02,-0.7,0.2,0.2,-0.13,-0.13,-0.13,-0.13,0,-0.91,-0.27,0.07,0,-0.2,-0.1,0.1,1,1,0.18,0,-0.25,1.49,0,-1,-0.95,0,-0.09,0,0,0,0,0,0,-0.59,-0.26,0,0,0,0,0,-0.59,0,0,0,0,0,0.88,0,-0.48,1,0,0,0,-0.2,0,0,0,0,0,0,0,-0.53,0,-0.53,0,0,-0.06,-0.5,0,0,33000,0,0,-0.6,0,-0.5,-0.84,-1,0,0,0,0,0,-0.29,0,0,-0.75,0,0,0,0,0,0,0,1,-0.59,0,0,0,0,0,0,0,0,0,0,0,0,0,0,0,0,0,0,0,0,-0.5,0,0,0,0,0,0,0,0,0,0,0,0,0,0,0,0,0,0,0,0,0,0,0,0,0,0
4646,NON-FINANCIAL CORPORATION,B,Retail/BBG Commercial,UNSPECIFIED,UNSPECIFIED,12/27/2024,0,0,0,0,0,0,0,0,0,0,0,0,0,0,0,0,0,0,0,0,0,0,0,0,0,0,0,0,0,0,0,0,0,0,0,0,0,0,0,0,0,0,0,0,0,0,0,0,0,0,0,0,0,0,0,0,0,0,0,0,0,0,0,0,0,0,0,0,0,0,0,0,0,0,0,0,0,0,0,0,0,0,0,0,0,0,0,0,0,0,0,0,0,0,0,0,0,0,0,0,0,0,0,0,0,0,0,0,0,0,0,0,0,0,0,0,0,0,0,0,0,0,0,0,0,0,0,0,0,0,0,0,0,0,0,0,0,0,0,0,0,0,0,0,0,0,0,0,0,0,0,0,0,0,0,0,0,0,0,0,0,0,0,0
3072,NON-FINANCIAL CORPORATION,UNSPECIFIED,UNSPECIFIED,UNSPECIFIED,UNSPECIFIED,12/27/2024,0,0,0,0,0,0,0,0,0,0,0,0,0,0,0,0,0,0,0,0,0,0,0,0,0,0,0,0,0,0,0,0,0,0,0,0,0,0,0,0,0,0,0,0,0,0,0,0,0,0,0,0,0,0,0,0,0,0,0,0,0,0,0,0,0,0,0,0,0,0,0,0,0,0,0,0,0,0,0,0,0,0,0,0,0,0,0,0,0,0,0,0,0,0,0,0,0,0,0,0,0,0,0,0,0,0,0,0,0,0,0,0,0,0,0,0,0,0,0,0,0,0,0,0,0,0,0,0,0,0,0,0,0,0,0,0,0,0,0,0,0,0,0,0,0,0,0,0,0,0,0,0,0,0,0,0,0,0,0,0,0,0,0,0
7729,NON-FINANCIAL CORPORATION,B,UNSPECIFIED,Administrative and Support Service Activities,Active,12/27/2024,0,0,0,270046.95,0,0,2093390.68,0,384615.38,0,1,0,0,0,0,0,11,-966000,0,0,0,0,-0.66,0.74,0.74,2,72.91,19.79,0.16,0,28.56,-0.36,375.86,0,2.68,21.86,19.79,1,1,48.07,-0.5,4.3,241.25,0,-0.52,56.28,0,29.94,2.62,0,0,14,0,0.26,-0.46,0.09,0,4,0,0.15,0,-0.46,0,0.18,-0.12,0.25,0.06,1879.1,0.07,-0.1,0,1,0,0,2.58,-0.08,-0.9,0,0,0,-8741164,0,0,0,0,0,0,2268.32,0,0,0,0,0.12,0,0,0,0,464.51,-1,0,0,0,-0.35,0.25,0.09,0,-0.19,10,0,0,0,0,0.11,0,0,13,-0.46,0,0,0.1,0,0,-0.29,0,0,0,0,0,0,0,1,0,0,0,0,0,0,0,0,0,0,0,0,0,0,0,0,0,0,0,0,0,0,0,0,0,0,0,0,0,0,0,0,0
4022,NON-FINANCIAL CORPORATION,UNSPECIFIED,UNSPECIFIED,UNSPECIFIED,UNSPECIFIED,12/27/2024,0,0,0,0,0,0,0,0,0,0,0,0,0,0,0,0,0,0,0,0,0,0,0,0,0,0,0,0,0,0,0,0,0,0,0,0,0,0,0,0,0,0,0,0,0,0,0,0,0,0,0,0,0,0,0,0,0,0,0,0,0,0,0,0,0,0,0,0,0,0,0,0,0,0,0,0,0,0,0,0,0,0,0,0,0,0,0,0,0,0,0,0,0,0,0,0,0,0,0,0,0,0,0,0,0,0,0,0,0,0,0,0,0,0,0,0,0,0,0,0,0,0,0,0,0,0,0,0,0,0,0,0,0,0,0,0,0,0,0,0,0,0,0,0,0,0,0,0,0,0,0,0,0,0,0,0,0,0,0,0,0,0,0,0
7325,NON-FINANCIAL CORPORATION,UNSPECIFIED,UNSPECIFIED,UNSPECIFIED,UNSPECIFIED,12/27/2024,0,0,0,0,0,0,0,0,0,0,0,0,0,0,0,0,0,0,0,0,0,0,0,0,0,0,0,0,0,0,0,0,0,0,0,0,0,0,0,0,0,0,0,0,0,0,0,0,0,0,0,0,0,0,0,0,0,0,0,0,0,0,0,0,0,0,0,0,0,0,0,0,0,0,0,0,0,0,0,0,0,0,0,0,0,0,0,0,0,0,0,0,0,0,0,0,0,0,0,0,0,0,0,0,0,0,0,0,0,0,0,0,0,0,0,0,0,0,0,0,0,0,0,0,0,0,0,0,0,0,0,0,0,0,0,0,0,0,0,0,0,0,0,0,0,0,0,0,0,0,0,0,0,0,0,0,0,0,0,0,0,0,0,0
9566,NON-FINANCIAL CORPORATION,B,Retail/BBG Commercial,Wholesale and Retail trade; Repair of Motor Vehicles and Motorcycles,UNSPECIFIED,12/27/2024,0,0,0,3388.44,0,0,752542.66,92018.56,0,0,0,0,770000,3400000,0,0,15,-629519.57,0.13,0,0.9,1.17,-2.67,11.78,1.87,0.08,-0.96,0.02,0.02,-1,0.96,-0.46,0.12,0,0.16,202.92,1.56,2.5,0,-1.48,-0.5,-0.1,-0.46,0,-0.61,-0.9,0.43,279.19,1.72,0,0,3,0,-0.24,-4.11,-0.53,0,0,0.26,-0.31,0,-4.11,0.55,-1,-0.56,1,-0.35,1.84,-0.4,-0.71,0,-0.43,0,0,0.53,-0.05,-1,0,0,-1,-578000,0,-0.69,0,-0.51,0,0,-0.59,0.73,-0.61,0,130000,-0.58,0,-0.55,0,0.27,-0.75,-0.82,0,0,0,-0.57,-0.46,-0.53,0,-0.3,-0.32,0,0,0,0,0,0,0,2.67,-4.11,-0.56,0.33,-0.66,0,0,-0.55,0,0,0,0,0,0,0,-0.56,0,0,0,0,0,0,-0.5,0,0,0,0,0,0,0,-0.71,0,0,0,0,0,0,0,0,0,0,0,0,0,0,0,0,0,0
573,NON-FINANCIAL CORPORATION,B,Retail/BBG Commercial,Financial and Insurance Activities,UNSPECIFIED,12/27/2024,0,0,0,50973.86,0,0,0,0,0,0,0,0,0,0,0,0,50,0,0,0,0,0,0,0,0,0,0,0,0,0,-0.02,0,0,0,0,0,0,-1,0,0,0,0,0,0,0,0.02,0,0,0,0,0,0,0,0,0,0,0,0,0,0,0,0,0,0,0,0,0,0,0,0,0,0,0,0,0,0,0,0,0,0,0,-1,0,0,0,0,0,0,0,-1,0,2706.2,0,0,0,0,0,0,0,0,0,0,0,0,0,0,0,0,0,0,0,0,0,0,0,-1,0,-1,0,0,0,0,0,0,0,0,0,0,0,0,0,0,0,0,0,0,0,0,0,0,0,0,0,0,0,0,0,0,0,0,0,0,0,0,0,0,0,0,0,0,0,0,0,0
7240,SOLE PROPRIETORSHIP,B,UNSPECIFIED,Manufacturing,Active,12/27/2024,0,0,0,1822.19,0,0,0,0,23076.92,0,0,0,0,0,0,0,22,0,0,0,0.38,0.52,-0.74,0,0,-0.07,-0.93,-0.07,-0.2,0,-0.95,-0.38,0.84,0,-0.12,-0.21,0.08,0,1,-0.38,0,-0.16,-0.1,0,0,-0.96,0.05,-0.27,0,0.08,0,0,0,0,-0.38,-0.25,0,0,0,0,0,-0.59,0.06,0,0,0,0,5.02,0,-0.83,0,0,0,0,0.1,0,0,0,0,0,0,0,0,0,0,0,0,0,0,0,0,0,0,0,0,0,0,0,0,0,0,0,0,0,-0.25,0,0,0,0,0,0,0,0,0,0,1,-0.6,0,0,0,0,0,0,0,0,0,0,0,0,0,0,0,0,0,0,0,0,0,0,0,0,0,0,0,0,0,0,0,0,0,0,0,0,0,0,0,0,0,0,0,0,0,0,0
1583,SOLE PROPRIETORSHIP,UNSPECIFIED,UNSPECIFIED,UNSPECIFIED,UNSPECIFIED,12/27/2024,0,0,0,0,0,0,0,0,0,0,0,0,0,0,0,0,0,0,0,0,0,0,0,0,0,0,0,0,0,0,0,0,0,0,0,0,0,0,0,0,0,0,0,0,0,0,0,0,0,0,0,0,0,0,0,0,0,0,0,0,0,0,0,0,0,0,0,0,0,0,0,0,0,0,0,0,0,0,0,0,0,0,0,0,0,0,0,0,0,0,0,0,0,0,0,0,0,0,0,0,0,0,0,0,0,0,0,0,0,0,0,0,0,0,0,0,0,0,0,0,0,0,0,0,0,0,0,0,0,0,0,0,0,0,0,0,0,0,0,0,0,0,0,0,0,0,0,0,0,0,0,0,0,0,0,0,0,0,0,0,0,0,0,0
5721,FINANCIAL CORPORATION (BANK),C,UNSPECIFIED,Financial and Insurance Activities,UNSPECIFIED,12/27/2024,0,0,0,0,0,0,0,0,1230769.23,0,0,0,0,0,0,0,0,0,0,0,0,0,0,0,0,0,0,0,0,0,0,0,0,0,0,0,0,0,0,0,0,0,0,0,0,0,0,0,0,0,0,0,0,0,0,0,0,0,0,0,0,0,0,0,0,0,0,0,0,0,0,0,0,0,0,0,0,0,0,0,0,0,0,0,0,0,0,0,0,0,0,0,0,0,0,0,0,0,0,0,0,0,0,0,0,0,0,0,0,0,0,0,0,0,0,0,0,0,0,0,0,0,0,0,0,0,0,0,0,0,0,0,0,0,0,0,0,0,0,0,0,0,0,0,0,0,0,0,0,0,0,0,0,0,0,0,0,0,0,0,0,0,0,0
7513,SOLE PROPRIETORSHIP,B,UNSPECIFIED,Manufacturing,Active,12/27/2024,0,0,0,41415.78,0,0,1.65,857.14,0,0,0,0,0,0,0,0,6,0,0,0,0,0,-1,-1,-1,0,-1,0.84,-0.06,0,0,-0.76,0.17,-1,0,0,0.84,-1,1,2.27,0,0.17,13.66,0,-1,0,0,0,0,0,0,7,0,0,-0.76,-0.08,0,0,0,0.04,0,-1,0,0,0,0.33,-0.48,1.65,0,-1,0,0,0,0,0.3,0,0,-1,0,0,-103000,-1,0,0,0,0,0,-1,0,0,0,202500,-1,0,0,0,0,0,-1,0,0,0,-1,0,-0.26,0,-0.5,-1,0,0,0,0,0,0,0,3,-1,0,1,0,0,0,-1,0,0,0,0,0,0,0,0,0,0,0,0,0,0.33,0,0,0,0,0,0,0,0,0,0,0,0,0,0,0,0,0,0,0,0,0,0,0,0,0,0,0
8939,PARTNERSHIP,UNSPECIFIED,UNSPECIFIED,UNSPECIFIED,UNSPECIFIED,12/27/2024,0,0,0,0,0,0,0,0,0,0,0,0,0,0,0,0,0,0,0,0,0,0,0,0,0,0,0,0,0,0,0,0,0,0,0,0,0,0,0,0,0,0,0,0,0,0,0,0,0,0,0,0,0,0,0,0,0,0,0,0,0,0,0,0,0,0,0,0,0,0,0,0,0,0,0,0,0,0,0,0,0,0,0,0,0,0,0,0,0,0,0,0,0,0,0,0,0,0,0,0,0,0,0,0,0,0,0,0,0,0,0,0,0,0,0,0,0,0,0,0,0,0,0,0,0,0,0,0,0,0,0,0,0,0,0,0,0,0,0,0,0,0,0,0,0,0,0,0,0,0,0,0,0,0,0,0,0,0,0,0,0,0,0,0
9689,NON-FINANCIAL CORPORATION,B,UNSPECIFIED,"Professional, Scientific & Technical Activities",UNSPECIFIED,12/27/2024,0,0,0,339831.92,0,0,4019.66,0,11538.46,0,1,0,12001.5,46418.36,0,0,50,-4500,0,0,6.61,8.44,-0.09,-0.28,-1,0.07,-0.07,0.11,-0.01,0,-0.21,-0.04,1.89,0,0.07,0.11,0.24,-1,1,-0.01,0,0.02,0.02,0,-1,1.33,0.06,-0.02,-1,0,0,0,0,0,-0.05,-0.05,0,0,0,0.01,0,-0.05,0.1,0,0,0,-0.44,10.54,0,-0.89,0,0,0,0,0.07,0,0,0,0,0,-98000,-1,-0.97,0,0,0,0,0,-0.6,-0.95,0,230000,-0.89,0,0,0,0,0,-0.28,0,0,0,-0.5,0,-0.05,0,-0.25,0,0,0,0,0,0.11,0,0,1,-0.05,0,0,0,0,0,-0.5,0,0,0,0,0,0,0,0,0,0,0,0,0,0,0,0,0,0,0,0,0,0,0,0,0,0,0,0,0,0,0,0,0,0,0,0,0,0,0,0,0
4976,SOLE PROPRIETORSHIP,B,UNSPECIFIED,Construction,Active,12/27/2024,0,0,0,8852.44,0,0,33666.67,0,0,0,1,0,0,0,0,0,18,0,0.02,0,0,0,0.01,0.06,0.06,-0.04,0.05,0.1,0.01,0,0.12,0.31,0,0,-0.05,0,0.1,0,1,0.05,0,0.02,0.36,0,0,-0.6,0.01,0.04,0,0,0,0,0,0.06,-0.23,-0.02,0,0,0,0,0,-0.23,0.01,0,0,0,0,0,0.03,0,3,0,0,0,0,0,0,0,0,0,0,0,0,0.06,0,0,0,0,0,0.06,0,298000,0,0,0.09,0,0,0,0.06,0,0,0,0,0,-0.02,0,0,0,0,0,0,0,0,0,0,0.33,-0.34,0,0,0.06,0,0,0,0,0,0,0,0,0,0,0,0,0,0,0,0,0,0,0,0,0,0,0,0,0,0,0,0,0,0,0,0,0,0,0,0,0,0,0,0,0,0,0,0
3904,SOLE PROPRIETORSHIP,B,Retail/BBG Commercial,Wholesale and Retail trade; Repair of Motor Vehicles and Motorcycles,UNSPECIFIED,12/27/2024,0,0,0,8084.96,0,0,0.27,16384.07,76923.08,0,0,0,0,3000,0,0,46,0,0,0,12.74,17.19,-0.61,48.15,48.15,-0.04,-0.87,0.27,-0.24,-1,0.17,-0.05,4.01,0,0.03,1.56,0.27,2,0,-0.12,-1,-0.04,1.2,0,-1,-0.81,0.8,2.29,0,3,0,0,0,-1,-0.05,-0.28,1,0,0,18.6,1,-0.59,0.84,0,-1,0,8.85,18.6,0,-0.9,0,-1,0,0,0.58,1,0,0,0,0,0,-1,0.96,0,-0.07,0,0,-0.61,1,0,0,100000,0.96,0,-1,0,-0.33,0,-1,0,0,0,1,0,-0.28,0,0.5,-0.33,0,0,0,0,0,0,0,5,-0.73,0,0,-1,0,0,0,0,0,0,0,0,0,0,0,0,0,0,0,0,0,-1,0,0,0,0,0,0,0,-1,0,0,0,0,0,0,0,0,0,0,0,0,0,0,0,0,0,0
9910,NON-FINANCIAL CORPORATION,B,Retail/BBG Commercial,Accommodation and Food Service Activities,UNSPECIFIED,12/27/2024,0,0,0,203557.7,0,0,2609916.44,62893.93,48076.92,0,1,0,0,0,0,0,54,-2.05E+07,0.02,1,0.01,0,0.35,0.31,0.31,-0.03,-0.28,0.03,-0.07,0,0.06,0.21,0.02,0,-0.04,0,0.03,0.5,1,-0.04,-0.19,-0.04,0.21,0,-0.19,-0.47,0.01,0.03,0.43,0,0,2,0,0.14,0.21,-0.07,0,0.25,-0.08,0.15,0,0.11,0,0.04,-0.19,0,-0.04,0.43,-0.02,-0.24,26,-0.16,-0.1,0,0.03,0.27,-0.16,0.88,0,0.25,-285501,0.88,-0.02,0.11,-0.16,0,0,-0.04,-0.11,-0.13,0,8925862,-0.12,0,0.03,0,-0.13,-0.04,2.97,0,0,0,-0.13,-0.18,-0.08,0,-0.02,0.07,0,0,0,0,0,0,0,0.27,-0.33,-0.37,0,-0.07,0,-0.22,-0.32,0,0,0,0,0,0,0,-0.17,0,0,0,0,0,0,-0.36,0,0,0,0,0,0,0,-0.33,0,0,0,0,0,0,0,0,0,0,0,0,0,0,0,0,0,0
2709,SOLE PROPRIETORSHIP,B,Retail/BBG Commercial,Wholesale and Retail trade; Repair of Motor Vehicles and Motorcycles,UNSPECIFIED,12/27/2024,0,0,0,2000.19,0,0,0,0,0,0,0,0,0,1319792.8,0,0,5,0,0,0,0,0,-0.4,-0.69,-0.69,0,-0.88,1.12,-0.15,0,0,-0.19,0,0,0,0,1.12,-0.33,0,0.07,0,0.06,2.24,0,-1,0,0,0,0,0,0,0,0,0,-0.19,-0.17,1,0,0,0,1,-0.26,0,0,0,0,0,0,0,-1,0,0,0,0,0,0,0,0,0,0,0,0,0,0,0,0,0,-1,0,0,0,0,0,0,-1,0,0,0,0,0,0,0,0,0,-0.26,0,0,-0.75,0,0,0,0,0,0,0,1.75,-0.85,0,1.33,0,0,0,0,0,0,0,0,0,0,0,0,0,0,0,0,0,0,-1,0,0,0,0,0,0,0,0,0,0,0,0,0,0,0,0,0,0,0,0,0,0,0,0,0,0
5322,NON-FINANCIAL CORPORATION,UNSPECIFIED,UNSPECIFIED,UNSPECIFIED,UNSPECIFIED,12/27/2024,0,0,0,0,0,0,0,0,0,0,0,0,0,0,0,0,0,0,0,0,0,0,0,0,0,0,0,0,0,0,0,0,0,0,0,0,0,0,0,0,0,0,0,0,0,0,0,0,0,0,0,0,0,0,0,0,0,0,0,0,0,0,0,0,0,0,0,0,0,0,0,0,0,0,0,0,0,0,0,0,0,0,0,0,0,0,0,0,0,0,0,0,0,0,0,0,0,0,0,0,0,0,0,0,0,0,0,0,0,0,0,0,0,0,0,0,0,0,0,0,0,0,0,0,0,0,0,0,0,0,0,0,0,0,0,0,0,0,0,0,0,0,0,0,0,0,0,0,0,0,0,0,0,0,0,0,0,0,0,0,0,0,0,0
798,NON-FINANCIAL CORPORATION,B,Retail/BBG Commercial,Human Health and Social Work Activities,UNSPECIFIED,12/27/2024,0,0,0,43457.23,0,0,67.13,0,384615.38,0,0,0,0,0,0,0,84,0,0,0,0,0,-1,-1,-1,-0.03,-1,0,-0.14,0,-1,-0.87,0,0,-0.04,-0.17,0,-1,0,-0.37,-1,-0.07,0,0,-1,-1,0,-0.23,0,0,0,0,0,-1,-0.87,-0.19,0,0,0,-1,0,-0.99,0,0,-1,0,0,-1,0,-1,1,-1,-1,0,0,-1,0,-1,0,0,0,-1,0,-1,0,0,0,0,0,0,0,1,0,0,0,0,0,0,-1,0,0,0,0,0,-0.19,0,0,0,0,0,0,0,0,0,0,-1,-0.99,0,0,0,0,-1,-1,0,0,0,0,0,0,0,0,0,0,0,0,0,0,0,0,0,0,0,0,0,0,0,0,0,0,0,0,0,0,0,0,0,0,0,0,0,0,0,0,0
3643,NON-FINANCIAL CORPORATION,UNSPECIFIED,UNSPECIFIED,UNSPECIFIED,UNSPECIFIED,12/27/2024,0,0,0,0,0,0,0,0,0,0,0,0,0,0,0,0,0,0,0,0,0,0,0,0,0,0,0,0,0,0,0,0,0,0,0,0,0,0,0,0,0,0,0,0,0,0,0,0,0,0,0,0,0,0,0,0,0,0,0,0,0,0,0,0,0,0,0,0,0,0,0,0,0,0,0,0,0,0,0,0,0,0,0,0,0,0,0,0,0,0,0,0,0,0,0,0,0,0,0,0,0,0,0,0,0,0,0,0,0,0,0,0,0,0,0,0,0,0,0,0,0,0,0,0,0,0,0,0,0,0,0,0,0,0,0,0,0,0,0,0,0,0,0,0,0,0,0,0,0,0,0,0,0,0,0,0,0,0,0,0,0,0,0,0
2473,NON-FINANCIAL CORPORATION,B,Retail/BBG Commercial,Wholesale and Retail trade; Repair of Motor Vehicles and Motorcycles,UNSPECIFIED,12/27/2024,0,0,0,12462,0,0,0,0,115384.62,0,1,1,0,0,0,0,141,0,0,0,0,0,0,0,0,0,0,0,0,0,0,0,0,0,0,0,0,0,0,0,0,0,0,0,0,0,0,0,0,0,0,0,0,0,0,0,0,0,0,0,0,0,0,0,0,0,0,0,0,0,0,0,0,0,0,0,0,0,0,0,0,0,0,0,0,0,0,0,0,0,0,0,0,0,0,0,0,0,0,0,0,0,0,0,0,0,0,0,0,0,0,0,0,0,0,0,0,0,0,0,0,0,0,0,0,0,0,0,0,0,0,0,0,0,0,0,0,0,0,0,0,0,0,0,0,0,0,0,0,0,0,0,0,0,0,0,0,0,0,0,0,0,0,0
7429,PARTNERSHIP,B,UNSPECIFIED,Transportation and Storage,Active,12/27/2024,0,0,0,136294.26,0,0,1156173.08,1026763.16,0,0,1,0,588544,1567785.48,0,0,10,-1154008.35,0.23,0,0,0.07,-0.09,1.72,1.72,0,0.01,0.13,0.03,0.8,0.06,0.24,0.07,11,0.05,0,1.4,0.78,1,0.04,-0.4,0.04,0.55,0,-0.67,0,0,0.04,1.28,0,0,77,0,1.72,-0.27,0,0,1,0.01,0.71,0,-0.27,0.06,-0.07,-0.67,1.5,0.1,0.71,0.52,-0.52,3,0.78,0,0,-0.07,0.19,-0.22,0,0,0.1,-8034995.18,0,0,6.9,-0.18,0,0,-0.18,0,-0.21,0,2699.75,-0.17,0,-0.11,0,-0.06,0,6.9,0,0,0,-0.34,0.19,0,0,-0.13,-0.43,0,0,0,0,0,0,0,0.72,-0.27,-0.2,0,-0.11,0,0,-0.45,0,0,0,0,0,0,0,0,0,0,0,0,0,0,-0.3,0,0,0,0,0,0,0,0.07,0,0,0,0,0,0,0,0,0,0,0,0,0,0,0,0,0,0
9255,SOLE PROPRIETORSHIP,B,UNSPECIFIED,Wholesale and Retail trade; Repair of Motor Vehicles and Motorcycles,Active,12/27/2024,0,0,0,198978.34,0,0,3345486.41,287978.58,0,0,0,0,39997,39997,423608.7,0,2,-8996063.05,0,4,0,0,2.01,1.22,1.22,0,0,0.5,0.5,3.5,0,1,0,3.5,0,0,0.5,1.2,1,0,0.09,0,1,0,0.3,0,0,0,2.9,0,0,16,0,1.22,1,0.34,0,2.06,0,1.88,0,0.51,0,2.9,0.3,1,1.1,1.88,0.76,0.33,27,1.2,0.29,0,0,1.33,0.41,0.29,0,2.06,-772350,0.29,0,0.64,0,0,0,0,0,0,0,2686837,2.82,0,0,0,0,0,0.64,0,0,0,2.92,0.64,0.34,0,1.01,0,0,0,0,0,0,0,0,1.33,0.51,0,0,1.9,0,0.22,0.68,0,0,0,0,0,0,0,0,0,0,0,0,0,0,0,0,0,0,0,0,0,0,1.39,0,0,0,0,0,0,0,0,0,0,0,0,0,0,0,0,0,0
4534,SOLE PROPRIETORSHIP,B,UNSPECIFIED,Wholesale and Retail trade; Repair of Motor Vehicles and Motorcycles,Active,12/27/2024,0,0,0,56032.36,0,0,187760.95,101964.4,38461.54,0,1,0,0,0,0,0,5,-499095,0,0,0,0,-0.16,3.24,3.24,0.79,0.46,3.48,-0.02,0,0,16.24,0,0,1.15,0,6.42,3,2,3.47,-0.8,0.63,16.24,0,-1,11.14,0,0,2.75,1,0,1,0,3.24,-0.95,-0.19,0,1,0,-0.9,0,-0.95,0,-0.82,-0.89,0,-0.95,4.59,1.18,-1,0,3,0,0.25,0,-0.67,-1,0,0,-0.5,-169990,0,-1,0,0,0,0,0,-1,0,0,0,-1,0,-0.22,0,0,3.24,0,0,0,0,-1,1.1,-0.19,0,-0.83,0,0,0,0,0,0,0,0,4,-0.95,0,0,-0.52,0,0,-1,0,0,0,0,0,0,0,3,0,0,0,0,0,0,0,0,0,0,0,0,0,0,-0.2,0,0,0,0,0,0,0,0,0,0,0,0,0,0,0,0,0,0
816,NON-FINANCIAL CORPORATION,UNSPECIFIED,UNSPECIFIED,UNSPECIFIED,UNSPECIFIED,12/27/2024,0,0,0,0,0,0,0,0,0,0,0,0,0,0,0,0,0,0,0,0,0,0,0,0,0,0,0,0,0,0,0,0,0,0,0,0,0,0,0,0,0,0,0,0,0,0,0,0,0,0,0,0,0,0,0,0,0,0,0,0,0,0,0,0,0,0,0,0,0,0,0,0,0,0,0,0,0,0,0,0,0,0,0,0,0,0,0,0,0,0,0,0,0,0,0,0,0,0,0,0,0,0,0,0,0,0,0,0,0,0,0,0,0,0,0,0,0,0,0,0,0,0,0,0,0,0,0,0,0,0,0,0,0,0,0,0,0,0,0,0,0,0,0,0,0,0,0,0,0,0,0,0,0,0,0,0,0,0,0,0,0,0,0,0
2400,SOLE PROPRIETORSHIP,B,Retail/BBG Commercial,Transportation and Storage,UNSPECIFIED,12/27/2024,0,0,0,0,0,0,0,0,153846.15,0,0,0,0,0,0,0,0,0,0,0,0,0,0,0,0,0.19,0,0.11,0.08,0,0,0,0,0,0.12,0,1.14,0,1,0,0,0.08,0,0,0,0,0,0,0,0,0,0,0,0,0,0.08,0,0,0,0,0,0,0,0,0,0,0,0,0,0,0,0,0,0,0,0,0,0,0,0,0,0,0,0,0,0,0,0,0,0,0,0,0,0,0,0,0,0,0,0,0,0,0,0,0.04,0,0,0,0,0,0,0,0,0,0,0,0,0,0,0,0,0,0,0,0,0,0,0,1,0,0,0,0,0,0,0,0,0,0,0,0,0,0,0,0,0,0,0,0,0,0,0,0,0,0,0,0,0,0,0,0,0,0,0
2594,NON-FINANCIAL CORPORATION,UNSPECIFIED,UNSPECIFIED,UNSPECIFIED,UNSPECIFIED,12/27/2024,0,0,0,0,0,0,0,0,0,0,0,0,0,0,0,0,0,0,0,0,0,0,0,0,0,0,0,0,0,0,0,0,0,0,0,0,0,0,0,0,0,0,0,0,0,0,0,0,0,0,0,0,0,0,0,0,0,0,0,0,0,0,0,0,0,0,0,0,0,0,0,0,0,0,0,0,0,0,0,0,0,0,0,0,0,0,0,0,0,0,0,0,0,0,0,0,0,0,0,0,0,0,0,0,0,0,0,0,0,0,0,0,0,0,0,0,0,0,0,0,0,0,0,0,0,0,0,0,0,0,0,0,0,0,0,0,0,0,0,0,0,0,0,0,0,0,0,0,0,0,0,0,0,0,0,0,0,0,0,0,0,0,0,0
2656,SOLE PROPRIETORSHIP,B,Retail/BBG Commercial,Construction,UNSPECIFIED,12/27/2024,0,0,0,2011.33,0,0,0,0,384615.38,0,0,0,0,0,0,0,44,0,0,0,0,0,-0.69,0,0,-0.12,-0.85,-0.12,-0.18,0,-0.89,-0.35,0,0,-0.14,-0.19,-0.07,0,1,-0.3,0,-0.16,-0.18,0,0,-0.92,0,-0.23,0,0,0,0,0,0,-0.35,-0.22,0,0,0,0,0,-0.53,0,0,0,0,0,0,0,0,0,0,0,0,0,0,0,0,0,0,0,0,0,0,0,0,0,0,0,0,0,0,0,0,0,0,0,0,0,0,0,0,0,0,-0.22,0,0,0,0,0,0,0,0,0,0,0,-0.53,0,0,0,0,0,0,0,0,0,0,0,0,0,0,0,0,0,0,0,0,0,0,0,0,0,0,0,0,0,0,0,0,0,0,0,0,0,0,0,0,0,0,0,0,0,0,0
1712,NON-FINANCIAL CORPORATION,UNSPECIFIED,UNSPECIFIED,UNSPECIFIED,UNSPECIFIED,12/27/2024,0,0,0,0,0,0,0,0,0,0,0,0,0,0,0,0,0,0,0,0,0,0,0,0,0,0,0,0,0,0,0,0,0,0,0,0,0,0,0,0,0,0,0,0,0,0,0,0,0,0,0,0,0,0,0,0,0,0,0,0,0,0,0,0,0,0,0,0,0,0,0,0,0,0,0,0,0,0,0,0,0,0,0,0,0,0,0,0,0,0,0,0,0,0,0,0,0,0,0,0,0,0,0,0,0,0,0,0,0,0,0,0,0,0,0,0,0,0,0,0,0,0,0,0,0,0,0,0,0,0,0,0,0,0,0,0,0,0,0,0,0,0,0,0,0,0,0,0,0,0,0,0,0,0,0,0,0,0,0,0,0,0,0,0
1369,NON-FINANCIAL CORPORATION,UNSPECIFIED,UNSPECIFIED,UNSPECIFIED,UNSPECIFIED,12/27/2024,0,0,0,0,0,0,0,0,0,0,0,0,0,0,0,0,0,0,0,0,0,0,0,0,0,0,0,0,0,0,0,0,0,0,0,0,0,0,0,0,0,0,0,0,0,0,0,0,0,0,0,0,0,0,0,0,0,0,0,0,0,0,0,0,0,0,0,0,0,0,0,0,0,0,0,0,0,0,0,0,0,0,0,0,0,0,0,0,0,0,0,0,0,0,0,0,0,0,0,0,0,0,0,0,0,0,0,0,0,0,0,0,0,0,0,0,0,0,0,0,0,0,0,0,0,0,0,0,0,0,0,0,0,0,0,0,0,0,0,0,0,0,0,0,0,0,0,0,0,0,0,0,0,0,0,0,0,0,0,0,0,0,0,0
5529,PARTNERSHIP,M,UNSPECIFIED,Wholesale and Retail trade; Repair of Motor Vehicles and Motorcycles,UNSPECIFIED,12/27/2024,5766191.46,0,1,3.28E+07,1,1,7884149.14,6324897.26,1153846.15,1,1,0,89613.2,5595425.12,0,-2.34E+07,259,-1.61E+07,-0.02,0,78.42,106.89,0.09,3.73,0.47,0.07,-0.08,0.06,0.01,0.29,0.25,0.24,2.47,0.88,0.07,0.07,0.23,1.08,1,-0.01,-0.05,0.02,0.24,0,-0.75,0.91,0.44,0.04,1.47,0,0,0,0,0.24,-0.13,0,1,1,-0.05,-0.09,0,-0.13,0.42,0,-0.43,0,-0.53,14.82,-0.1,-0.98,0,0.02,0,0,0.1,0.67,0,-0.5,0,0,0,0,-0.28,0,-0.98,0,0,-0.99,0,-0.12,0,669000,-0.98,1,-0.64,0,-0.55,4.38,-0.27,0,0,0,-0.17,-0.02,0,0,0.08,-0.44,0,0,0,0,0,0,0,3.5,-0.13,0.61,0.92,-0.3,0,0,-0.5,0,0,0,0,0,0,0,0.61,0,0,0,0,0,2,-0.25,1,0,0,0,0,0,0,-0.03,0,0,0,0,0,0,0,0,0,0,0,0,0,0,0,0,0,0
1707,SOLE PROPRIETORSHIP,B,UNSPECIFIED,Wholesale and Retail trade; Repair of Motor Vehicles and Motorcycles,Active,12/27/2024,0,0,0,16774.19,0,0,40000,0,0,0,1,0,0,0,0,0,0,0,0,0,0,0,0,0,0,0,0,0,0,0,0,0,0,0,0,0,0,0,1,0,0,0,0,0,0,0,0,0,0,0,0,0,0,0,0,0,0,0,0,0,0,0,0,0,0,0,0,0,0,0,1,0,0,0,0,0,0,0,0,0,0,0,0,0,0,0,0,0,0,0,0,40000,0,0,0,0,0,0,0,0,0,0,0,0,0,0,0,0,0,0,0,0,0,0,0,0,0,0,0,0,0,0,0,0,0,0,0,0,0,0,0,0,0,0,0,0,0,0,0,0,0,0,0,0,0,0,0,0,0,0,0,0,0,0,0,0,0,0,0,0,0,0,0,0
4293,SOLE PROPRIETORSHIP,B,UNSPECIFIED,Human Health and Social Work Activities,Active,12/27/2024,0,0,0,21387.1,0,0,26000,0,0,0,1,0,0,0,0,0,0,0,0,0,0,0,0,0,0,0,0,0,0,0,0,0,0,0,0,0,0,0,1,0,0,0,0,0,0,0,0,0,0,0,0,0,0,0,0,0,0,0,0,0,0,0,0,0,0,0,0,0,0,0,1,0,0,0,0,0,0,0,0,0,0,0,0,0,0,0,0,0,0,0,0,26000,0,0,0,0,0,0,0,0,0,0,0,0,0,0,0,0,0,0,0,0,0,0,0,0,0,0,0,0,0,0,0,0,0,0,0,0,0,0,0,0,0,0,0,0,0,0,0,0,0,0,0,0,0,0,0,0,0,0,0,0,0,0,0,0,0,0,0,0,0,0,0,0
1437,SOLE PROPRIETORSHIP,UNSPECIFIED,UNSPECIFIED,UNSPECIFIED,UNSPECIFIED,12/27/2024,0,0,0,0,0,0,0,0,0,0,0,0,0,0,0,0,0,0,0,0,0,0,0,0,0,0,0,0,0,0,0,0,0,0,0,0,0,0,0,0,0,0,0,0,0,0,0,0,0,0,0,0,0,0,0,0,0,0,0,0,0,0,0,0,0,0,0,0,0,0,0,0,0,0,0,0,0,0,0,0,0,0,0,0,0,0,0,0,0,0,0,0,0,0,0,0,0,0,0,0,0,0,0,0,0,0,0,0,0,0,0,0,0,0,0,0,0,0,0,0,0,0,0,0,0,0,0,0,0,0,0,0,0,0,0,0,0,0,0,0,0,0,0,0,0,0,0,0,0,0,0,0,0,0,0,0,0,0,0,0,0,0,0,0
8450,SOLE PROPRIETORSHIP,B,Retail/BBG Commercial,Wholesale and Retail trade; Repair of Motor Vehicles and Motorcycles,Active,12/27/2024,0,0,0,81326.81,0,0,0,0,0,0,0,0,0,0,0,0,32,-100000,0,0,0,0,0,-1,-1,-0.17,-0.45,-0.12,-0.13,0,-0.55,0,0,0,-0.2,-0.15,-0.05,-1,1,-0.09,0,-0.19,0,0,-1,-0.89,0,-0.08,-1,0,0,0,0,0,0,-0.15,0,-1,0,0,0,0,0,0,0,-1,0,-1,0,-1,0,0,0,0,0,0,0,0,0,0,-83000,0,0,0,0,0,0,-1,0,0,0,0,0,0,0,0,0,0,0,0,0,0,0,0,-0.27,0,0,-1,0,0,0,0,0,0,0,-0.5,-0.45,0,0,0,0,0,0,0,0,0,0,0,0,0,0,0,0,0,0,0,0,0,0,0,0,0,0,0,0,0,0,0,0,0,0,0,0,0,0,0,0,0,0,0,0,0,0,0
9570,SOLE PROPRIETORSHIP,B,Retail/BBG Commercial,Wholesale and Retail trade; Repair of Motor Vehicles and Motorcycles,Active,12/27/2024,0,0,0,2960.48,0,0,101834,0,0,0,0,0,0,0,0,0,1,-38000,0,0,0,0,0,5.91,5.91,0,0,0.68,0.68,0,0,1.37,0,0,0,0,0.68,3,0,0,3,0,1.37,0,5.91,0,0,0,0,0.5,0,0,0,5.91,0,0.68,0,0,0,0,1,1.37,0,0,5.91,0,0,0,0,0,2,3,-1,0,0,0,0,-1,0,0,0,-1,0,-1,0,0,0,0,0,0,0,5750,0,0,0,0,0,0,-1,0,0,0,0,0,0.68,0,0,0,0,0,0,0,1.5,0,0,0,1.37,0,0,0,0,-1,0,0,0,0,0,0,0,0,0,0,0,0,0,0,0,0,0,0,0,0,0,0,0,0,0,0,0,0,0,0,0,0,0,0,0,0,0,0,0,0,0,0
7685,NON-FINANCIAL CORPORATION,B,Retail/BBG Commercial,Education,UNSPECIFIED,12/27/2024,0,0,0,841718.37,0,0,685320.88,11642,1538461.54,0,1,0,0,0,0,0,119,0,231.96,0,0.42,0.67,0.98,1154.18,1154.18,0.04,0.08,0.19,0.18,-1,1.48,1.11,0.12,-1,0.08,0.15,0.19,2,1,0.11,-0.8,0.11,1.11,0,-1,0.97,-0.02,0.22,0,0,0,0,0,8.54,1.11,0.12,0,0,0.14,2.24,0,-0.06,-0.02,0,-1,0,0.73,2.24,3.77,-0.79,7,0.67,0.33,0,-0.05,0,0,0.33,0,0,0,5,-0.72,8.01,-0.21,0,0,-0.86,-0.33,-1,0,5634129.8,-0.31,0,-1,0,-0.25,-1,8.94,0,0,0,-0.33,-0.07,0.03,0,-0.17,-0.33,0,0,0,0,0,0,0,0.22,-0.34,0,0,-1,0,-1,-0.33,0,0,0,0,0,0,0,-0.5,0,0,0,0,0,0,-0.83,0,0,0,0,0,0,0,-0.67,0,0,0,0,0,0,0,0,0,0,0,0,0,0,0,0,0,0
